gene,cnv,dep
ARID1A,0.3492800891184755,0.0005960558579344
ARID1A,1.0450203234740174,-0.0174218413833409
ARID1A,0.9843429838304272,0.0930854305632628
ARID1A,0.795061298352416,-0.4377497858214487
ARID1A,1.071024884151958,-0.068209903518915
ARID1A,0.909086828196002,0.146852883144088
ARID1A,0.8498752534695173,-0.4354976727070467
ARID1A,0.7423425656860762,0.2143253853058116
ARID1A,1.0075531882895266,-0.0004331281496676
ARID1A,1.095987238586546,-0.1594710300361885
ARID1A,1.057347060172476,-0.0196986381195489
ARID1A,0.994252369241714,0.4667549920004703
ARID1A,0.6936616352874053,-0.2578682570487957
ARID1A,0.998452707491915,-0.1786305513078452
ARID1A,1.086900593947441,-0.8202012172994801
ARID1A,1.1868157682774143,-0.4207536712464311
ARID1A,1.0391306097821154,-0.4917462674082277
ARID1A,0.7552561856598627,-0.2712425495994431
ARID1A,0.5351373015175803,-0.0175956868362729
ARID1A,1.0037458340578005,-0.1899475841901172
ARID1A,0.9707441411499405,0.0128503827763968
ARID1A,0.6223974264275907,-0.1258745559306478
ARID1A,1.0656258611476634,-0.1791244203444985
ARID1A,0.7796967359002671,-0.5930841110521433
ARID1A,0.974386466135396,-0.2708310592346825
ARID1A,1.0070797960965956,-0.3794574603555054
ARID1A,0.6073449276616559,-0.1098781262406465
ARID1A,0.8850862775504014,-0.4155305096541158
ARID1A,0.9805342978084608,0.0310426826304021
ARID1A,1.0265294376385177,-1.1882201626059987
ARID1A,1.0628396833547131,0.1036739405289704
ARID1A,1.1872460859471128,-0.1190073314111539
ARID1A,1.2568591647178584,0.4920197281794329
ARID1A,0.9954260172147804,-0.2676501462683087
ARID1A,1.2796346824179203,0.5482022972073723
ARID1A,1.005391223301752,-0.0649076406433235
ARID1A,1.064335508054194,-0.1327944819424473
ARID1A,1.0098667887346036,-0.3460912055250522
ARID1A,1.0239164510967005,-0.2237012195795298
ARID1A,0.7718487111854626,0.2616380079975538
ARID1A,0.3857574702017993,-0.1279769821560064
ARID1A,1.2506941240528648,0.1361829091067398
ARID1A,0.6371478087211303,-0.3555849046249787
ARID1A,0.9814406960446168,0.0369931968050302
ARID1A,0.7058570774290864,-0.0806150534149933
ARID1A,0.7636492211374304,-0.3255299292043409
ARID1A,1.0095518440125335,-0.6790041855705649
ARID1A,1.0495959076170909,-0.749024896113408
ARID1A,0.9749404460062696,-0.2543769760720171
ARID1A,1.1645438789461977,-0.2981148605244486
ARID1A,0.9312419794091104,0.0830805840390085
ARID1A,0.9574327095680686,-0.4156854006986632
ARID1A,0.9695801041322564,-0.3470496976096535
ARID1A,1.193395299843862,-0.0788019643678418
ARID1A,0.784155675092434,-0.2550721905168146
ARID1A,1.042915303871837,-0.1006421712167213
ARID1A,0.9482983954539652,0.1041740091222456
ARID1A,0.7348358921819726,-0.1832185387036195
ARID1A,1.1266106384876673,-0.1365287195461254
ARID1A,0.8732829025722678,-0.135146689688559
ARID1A,0.7618659058720109,0.254488946272594
ARID1A,1.080628023197279,-0.0670072541760583
ARID1A,0.5759577939810991,-0.1014864224594309
ARID1A,0.8930488509876484,-0.8240310228930302
ARID1A,1.2167156117113949,-0.2458427944277707
ARID1A,0.4497885996134885,-0.0694791953030195
ARID1A,0.6706518818852941,-0.1639857768960137
ARID1A,1.0627129777631232,-0.363761612564821
ARID1A,0.915436042574142,0.1288596213504725
ARID1A,0.9943536813974038,0.3711802715895106
ARID1A,0.9933210570102758,-0.359863815955543
ARID1A,0.9082598426077684,0.0822964409780915
ARID1A,0.8703942916297513,-0.4494873580704511
ARID1A,0.6907851623068502,-0.365085180193647
ARID1A,0.959856738202173,-0.0392029782113065
ARID1A,0.9659001746551544,-0.4570605740762996
ARID1A,0.7318505635384565,0.0747503103510811
ARID1A,0.6649892851343331,-0.3101852574317234
ARID1A,0.7761175052173225,-0.6595947089893274
ARID1A,0.9099025834575682,-0.3581154405871743
ARID1A,0.7880472287087489,-0.4427284495971665
ARID1A,0.9997705946006784,-0.828985211781833
ARID1A,0.9927325487895045,-0.0270386828559885
ARID1A,0.666713109478635,-0.4100220872454985
ARID1A,1.0074093317340331,0.0542479457139161
ARID1A,1.2468682230043702,0.2496466918172162
ARID1A,1.2180995134585095,-0.3608435627145666
ARID1A,1.089952300628554,-0.249545796911504
ARID1A,0.960125565925224,-0.0335928249054542
ARID1A,1.0461146689388563,-0.1658427376414933
ARID1A,1.0836823991878428,-0.4550088504264802
ARID1A,0.9059968880669854,-0.3780465975058316
ARID1A,0.962076819895964,-0.4197343641372574
ARID1A,1.0354565383590544,-0.0515809647988118
ARID1A,0.9152425307968872,-0.0774174570446535
ARID1A,1.0069939390504936,-0.1780881446190767
ARID1A,0.9196360969531444,-0.2837570301086893
ARID1A,1.417925762279587,-0.0202217768701126
ARID1A,1.2025300950739446,-0.062354447876382
ARID1A,1.2592991151095512,0.061963657490749
ARID1A,0.869554284521672,-0.3256671793083554
ARID1A,0.9764783751440256,-0.2945862175028011
ARID1A,1.023419054862304,-0.4174761996175438
ARID1A,0.4279253349153316,0.0169290929896104
ARID1A,0.9917538513384144,-0.0984020602697516
ARID1A,0.9514976510146104,-0.0423839210665777
ARID1A,1.0969037962647366,-0.286174748149526
ARID1A,0.5038817116991884,-0.0281883300653128
ARID1A,0.620046363035394,-0.0034479194907928
ARID1A,1.2629679248721688,0.3379337760330391
ARID1A,0.5875998774019524,0.2773478356492573
ARID1A,0.5190883447747245,0.0822925361754693
ARID1A,0.9622875709999248,-0.5154418272854763
ARID1A,1.0039524911764528,-0.0509872143570401
ARID1A,0.7216564000839987,-0.0797450844919674
ARID1A,1.558107744002447,-0.1914701530533702
ARID1A,0.9299158017894232,0.1931556303846518
ARID1A,1.264166071032439,0.125998418437124
ARID1A,0.8907422924779257,-0.1330261784605504
ARID1A,0.8142907956494061,-0.2100492830113324
ARID1A,1.069963068098791,-0.3297737249901686
ARID1A,1.2915352324424485,-0.1855468288002632
ARID1A,0.7924231867338656,0.1676268951049069
ARID1A,0.7335936214712129,0.0890115882720408
ARID1A,1.0921621010095142,-0.561231739273557
ARID1A,1.0835809984932463,-0.3259550304494661
ARID1A,0.8792814878028313,-0.6168589064324309
ARID1A,0.6945189673809287,-0.2430248381547639
ARID1A,0.9957220612487436,-0.4851456582458675
ARID1A,0.9793300103871402,-0.1404033903891057
ARID1A,1.0138800638837484,-0.371179639654555
ARID1A,1.0076083620296183,-0.2213229787625874
ARID1A,1.0091236768097631,-0.4630550421055107
ARID1A,0.8726281988165829,-0.031135981584716
ARID1A,0.9581098635360944,-0.021369199152064
ARID1A,0.9634121342452804,-0.4414924334073811
ARID1A,1.007176830349478,-0.6106794248281497
ARID1A,1.190056442577419,-0.1233934481473782
ARID1A,1.113652399894306,0.3422666929085955
ARID1A,1.1146687166843998,-0.1039425675317531
ARID1A,0.3008943662593601,-0.0426752778400216
ARID1A,0.8129688614605828,0.1579431769816807
ARID1A,1.0106678906607198,-0.7325012939897133
ARID1A,0.99007862264635,-0.1560712275713627
ARID1A,0.9738024260945232,-0.2468777233634032
ARID1A,0.996916101178467,0.2173839862105163
ARID1A,0.9124864241942708,-0.6545745374913774
ARID1A,0.9759789925769832,0.0071934543488908
ARID1A,0.7953848566421593,-0.0515198520423342
ARID1A,0.7001437187049333,0.0430554222201464
ARID1A,0.7883564570797573,-0.3763262422441884
ARID1A,0.7330116332890394,-0.226682276777913
ARID1A,0.9493612041229376,-0.1031162114760244
ARID1A,1.082038625556201,0.0774371105309228
ARID1A,0.8421919553459979,-1.3010457016083774
ARID1A,0.6795393497714607,-0.0165588987767386
ARID1A,0.824803866000841,-0.0153747848429146
ARID1A,1.503843043076675,-0.1928246203154027
ARID1A,0.5376577455605751,-0.0467989341966614
ARID1A,1.1263279856211454,-0.0856430707142305
ARID1A,0.9252903179580164,-0.5430302780124223
ARID1A,1.0108122125335854,-0.2561792317412326
ARID1A,0.908959550650326,-0.5805864357991157
ARID1A,1.137000587747585,-0.8976730278963453
ARID1A,1.0478745428203822,-0.3038801911345305
ARID1A,1.000764139999302,-0.572509004695797
ARID1A,1.069139421146127,-0.1178959832062358
ARID1A,1.1115323984433896,-1.0658287481390003
ARID1A,0.913222303598878,-0.3281066300785806
ARID1A,1.0062571260132502,0.0254687116722411
ARID1A,0.971044959998231,-0.2641659621922871
ARID1A,0.5101756684609038,-0.3086099825132577
ARID1A,0.8011587240085558,0.1955421472166923
ARID1A,0.5412518664716357,-0.0690358849893803
ARID1A,0.7762412467226548,-1.63129083337349
ARID1A,0.7821813269115065,-0.6218607002533727
ARID1A,0.9087340233289924,-0.3006965846810727
ARID1A,1.0031233366486905,0.0488407785172044
ARID1A,0.8823952928587843,-0.1605402309581521
ARID1A,1.0016371660415333,-0.0400041267019805
ARID1A,1.3223086807543374,-0.3150098261281485
ARID1A,0.9994989801408428,-0.9666626772786124
ARID1A,0.6013967597557067,-0.8119178426114435
ARID1A,0.9903463042058196,-0.0871026970106085
ARID1A,0.9794331964378036,-0.1189146922331685
ARID1A,0.9605802157254888,-0.3899056292827337
ARID1A,1.1796934370475094,0.0961682414661032
ARID1A,0.9349013200722232,0.0781976964922321
ARID1A,0.998292159075612,-0.3639557420454714
ARID1A,0.6620742839957445,0.097062958983623
ARID1A,1.2021150685972195,-0.0939403028470126
ARID1A,1.3223315948162195,-0.2853423130197933
ARID1A,0.9103732046454084,-0.0818860112888704
ARID1A,1.6115087256358551,-0.844393198651427
ARID1A,1.003448099965316,0.3363077786050077
ARID1A,0.8798808024242104,-0.2429712711380477
ARID1A,0.981796548473071,-0.1466416095153384
ARID1A,0.497417786155249,0.2123539664959209
ARID1A,1.038424984425983,-0.5273002964947846
ARID1A,1.0711332768068051,0.2613577726679301
ARID1A,0.6544496010105171,0.621919207093105
ARID1A,1.2277237699514785,-0.8298225209729934
ARID1A,0.6917544860971065,-0.4745689670105478
ARID1A,0.5447442619719449,-0.2617285053485849
ARID1A,1.0073339199994258,-0.4679319655408589
ARID1A,1.0792858389703197,-0.4514995453814685
ARID1A,1.0139932158626652,-0.1826300831013573
ARID1A,1.0458261143923693,-0.6402159753358183
ARID1A,1.3599051211600142,0.0574752347236069
ARID1A,1.066632357807114,-0.402158527561588
ARID1A,0.8770998529771832,-0.4974672876019026
ARID1A,0.745570146982762,-0.4059582997509727
ARID1A,0.6157010781664761,0.1111717322481584
ARID1A,1.0865292400343278,0.3478709385751286
ARID1A,1.000857097013073,0.2688327214413807
ARID1A,0.7626388863899773,-0.1730693207759548
ARID1A,0.9746174780009952,-0.5785806727606201
ARID1A,1.0463373018357602,-0.110569983495038
ARID1A,1.0314736738484522,-0.2810400845653238
ARID1A,6.40394423757657e-07,-0.0643981879848878
ARID1A,1.0909855549688845,-0.822682232408153
ARID1A,1.070801451719432,-0.0599950455348831
ARID1A,0.9305083489626892,-0.3810524986400146
ARID1A,0.8731533750726445,-0.1978200391308362
ARID1A,1.061440866436777,0.1538657423891033
ARID1A,0.7521143874134842,-0.0619982220714243
ARID1A,1.3732183110338498,-0.3122601962048096
ARID1A,1.3179156161106782,-0.1052316750675245
ARID1A,1.013477457715542,0.0040149721219696
ARID1A,0.7162012789236472,-0.4687532515619188
ARID1A,1.2372139452838995,-0.4247077690084704
ARID1A,0.6819207546923924,0.1128555874274421
ARID1A,1.2490350829551669,-0.0728142531738197
ARID1A,1.1126686302658495,-0.1310048240374175
ARID1A,0.9610643913690584,-0.357380847900079
ARID1A,1.0426630444478475,-0.6361775307270219
ARID1A,0.8854427899612597,-0.0631688234084077
ARID1A,0.6705654234130011,-0.6526497133153016
ARID1A,0.7490801513553744,-0.4374749999945085
ARID1A,0.7095656127565133,-0.3612822571552515
ARID1A,1.0774291476559863,-0.547400040755735
ARID1A,0.935972469232172,0.0808009226245213
ARID1A,0.8066579739074663,-0.2355493579905682
ARID1A,1.0803883588122882,-1.152013088662347
ARID1A,1.1525409413756804,0.2327342038590817
ARID1A,1.131522286301254,-0.9098927042792776
ARID1A,0.5322979812726465,-0.1378485784106639
ARID1A,1.0012186014883848,-0.4879568388104394
ARID1A,1.010179731096485,-0.6480396764845423
ARID1A,0.9713519316554824,0.6820770787885889
ARID1A,0.9461094529620496,-0.1410332108489704
ARID1A,0.9827007077368431,-0.4733638265928144
ARID1A,0.8253454535523389,-0.3231182155012916
ARID1A,0.9766564011405744,0.2217072998748376
ARID1A,1.403932914907867,-0.293443005421636
ARID1A,0.8613998634530375,-0.0625815413789436
ARID1A,0.8739786849105307,-0.2708414294047082
ARID1A,0.9064290476657956,-0.4457982967673889
ARID1A,0.7251216730140222,-0.3132695742893777
ARID1A,1.3859113708937028,-0.5707861962952214
ARID1A,0.615388760692176,-0.3026690936861547
ARID1A,1.0734700944084188,-0.3332214777593249
ARID1A,1.056730140829765,-0.0235172828947544
ARID1A,0.9423396153055106,-0.5084531802505197
ARID1A,1.2547657020543908,0.291467420633332
ARID1A,1.0150234090135977,-0.6152070060907207
ARID1A,0.9544317887371334,0.2007371248089136
ARID1A,0.3365250956726127,-0.2227953462888073
ARID1A,1.105830294240505,-0.4499315870621438
ARID1A,1.003772272662595,-0.1158297453178463
ARID1A,0.8271036271856342,-0.1871304192882958
ARID1A,0.982394235234996,0.0613110430641112
ARID1A,1.0857432622881018,-0.6190558736185408
ARID1A,1.470727535398652,0.2151549289151669
ARID1A,0.9737707021561908,-0.8401960716974102
ARID1A,0.7378027134402172,-0.2655304367786995
ARID1A,0.7498287251877891,-0.0660919978907888
ARID1A,1.335332481400168,-0.2497085249472495
ARID1A,0.9644531074480432,0.304645020724214
ARID1A,0.5347138683118362,-0.1569172645257995
ARID1A,0.773103245767247,0.0768728836765504
ARID1A,0.958387502215987,-0.4844593203730363
ARID1A,1.011968231128617,-0.6391491596497348
ARID1A,0.9042803378379836,-0.193324605684299
ARID1A,0.8752123493592365,-0.0871402529088279
ARID1A,0.9539965803911116,0.1219536661965731
ARID1A,0.9889195050371032,-0.515250569936649
ARID1A,1.1256676976741171,-0.693683889065555
ARID1A,1.1451550917324642,-0.6060429927396227
ARID1A,1.0420279679793971,-0.5541262823501238
ARID1A,0.9822209250421434,0.0790375030004316
ARID1A,0.9644430798808894,-0.1864836593834939
ARID1A,0.9914534893157152,-0.1618293782668941
ARID1A,0.9234616790810232,-0.2398642626326707
ARID1A,1.064003576303875,-0.3365606108563233
ARID1A,0.9821886117314828,0.1767047298568184
ARID1A,1.037849318968947,-0.2670325227249392
ARID1A,1.0050289088736213,-0.7920768571532569
ARID1A,1.145016191977908,-0.4347750762093302
ARID1A,0.9972526796512272,-0.189722387445417
ARID1B,1.153730288808447,-0.2113999375714639
ARID1B,0.6817217890445707,0.0749892093641765
ARID1B,1.0530887310891288,-0.1499883219368045
ARID1B,0.9406370085405624,-0.1220259839736583
ARID1B,0.9563900328525634,0.0873743833080618
ARID1B,0.9044934747366348,-0.178991862709775
ARID1B,0.5799232964807995,-0.0209469999155853
ARID1B,0.832304879342195,-0.6732821556855642
ARID1B,1.014000244352411,-0.0019847634389622
ARID1B,1.180594069663937,-0.0587897442896798
ARID1B,1.0350059059115797,-0.0944887504971365
ARID1B,0.966615477114558,0.0484836118909565
ARID1B,0.7185647155510454,-0.1004691946291755
ARID1B,1.046076238738796,-0.1502993397801359
ARID1B,0.7774005319610111,-0.2056508671651881
ARID1B,0.961299574293121,0.0196232223833274
ARID1B,0.5718731197512709,-0.2114494903730844
ARID1B,0.7879560131248476,-0.1141720972661814
ARID1B,1.0398475260757725,-0.7217901223973157
ARID1B,1.0271515084993568,0.0551191538743185
ARID1B,0.747637583586711,0.0607159031503057
ARID1B,0.7110357481729435,0.2366889293789631
ARID1B,1.0429066291822848,-0.3164500014706762
ARID1B,0.5468079032121971,0.0174695346713933
ARID1B,0.9654844978041618,-0.2859088566974553
ARID1B,0.908610573975377,-0.1537798546024587
ARID1B,1.2162830434063998,-0.1377237705274711
ARID1B,0.8628884667412204,-0.6603854276514436
ARID1B,0.6398270980102467,-0.1060963023549397
ARID1B,1.0964431416609677,-0.2143311306429361
ARID1B,1.1458792306437409,-0.0753349609869083
ARID1B,0.620823468185245,0.0938701385521447
ARID1B,0.9767037899543828,-0.162156848634652
ARID1B,0.9871416333505336,-0.1348868510981731
ARID1B,0.6964665646616773,0.5450272249612544
ARID1B,0.9870034276693702,-0.2028234141875221
ARID1B,1.4374004073276885,-0.2251427376826869
ARID1B,0.9766882190905016,-0.0941048733350203
ARID1B,1.0499728329426452,-0.0168380995038289
ARID1B,0.7835835412475358,0.1993082747816696
ARID1B,1.0433165871134096,-0.1632066732011843
ARID1B,0.4025645392163219,-0.213128310658597
ARID1B,1.021501271607942,-0.1392108070971659
ARID1B,1.0371258726067631,-0.6728671996395353
ARID1B,1.0533164987082406,-0.0803671817341636
ARID1B,0.8197034641512159,-0.0765757474261105
ARID1B,0.5041353413105408,-0.0188557334345076
ARID1B,0.5297035197005913,-0.0077736901100689
ARID1B,0.8394248046510803,0.0171646930233125
ARID1B,0.8435298340999637,0.020433808260865
ARID1B,0.9534326922941512,0.0025639116662169
ARID1B,1.1247442566388188,-0.2957393949157666
ARID1B,1.1104250353366056,-0.087226901395764
ARID1B,0.9034001134103372,0.1004018904089063
ARID1B,1.0756994158709905,-0.0819226088312437
ARID1B,1.0888211529335463,-0.1831152344722809
ARID1B,1.074330587230797,0.0309108350522709
ARID1B,1.0890475904695984,-0.03313533142483
ARID1B,0.7569238127979945,0.1357402378592129
ARID1B,1.204096484348825,-0.2013339879978818
ARID1B,1.051302611010669,-0.1046330968350279
ARID1B,0.749541363124018,0.0655887689963742
ARID1B,0.494179818615288,0.1022434572406841
ARID1B,0.5793592020418026,0.1135161959511451
ARID1B,0.7940776525633123,0.0315547269659561
ARID1B,0.8666095258238874,-0.016784550032492
ARID1B,0.7010639714665532,-0.0149152048435159
ARID1B,0.909683758120408,0.111778516836462
ARID1B,0.745080907587747,-0.8411071909653427
ARID1B,0.9916631145465444,0.1498457122521615
ARID1B,0.9840591902096276,0.1059903940501937
ARID1B,0.5997682262081674,0.095913313368861
ARID1B,0.9772665385783456,0.114450644347624
ARID1B,1.394545494089213,-0.2462409575283136
ARID1B,1.0075929968870765,-0.1270571375328138
ARID1B,0.9673279567859246,-0.1628707638168462
ARID1B,0.983452310331927,0.0801661648026202
ARID1B,1.1687926412210403,0.0030870437211382
ARID1B,0.7901919203167291,0.0803048859848536
ARID1B,1.0273060169954549,-0.0253251117747363
ARID1B,0.8349993617822474,-0.0385573010304957
ARID1B,0.9758491137788846,-0.1720909326833919
ARID1B,1.028058242691048,-1.037912624897031
ARID1B,0.6851529552639477,-0.1043718209315338
ARID1B,1.0192069355053823,-0.104369123828387
ARID1B,0.8885020438201363,0.0826706939630312
ARID1B,1.1287664399257982,-0.1281006770613139
ARID1B,1.117255386301785,-0.1114809780110409
ARID1B,0.9200058883182096,-0.0216728194379922
ARID1B,1.0753535047399916,0.0468192888425934
ARID1B,1.1034490369877064,-0.0209400088069775
ARID1B,0.5634615222947053,-0.15550307986855
ARID1B,0.6603532990923354,0.2201289252442645
ARID1B,0.6786064275560949,0.5961542016962037
ARID1B,0.5290502091035437,-0.2472214695672147
ARID1B,1.0489813294614938,-0.1837230595530511
ARID1B,0.6736905651339558,-0.1210750543049
ARID1B,1.057333135218632,-0.0138238393752818
ARID1B,0.8227100657991075,-0.0490385268984755
ARID1B,0.8518456792817253,-0.3331272602445234
ARID1B,1.0347204155455048,-0.2896713776269557
ARID1B,1.051840534675643,-0.0765875794305163
ARID1B,0.7051431150022572,0.1163215530368222
ARID1B,0.7789723364200405,0.1843624163605635
ARID1B,0.9731162047831956,-0.3628050702973615
ARID1B,1.001025690340973,0.0382876754498121
ARID1B,0.7417814009476724,-0.1141470118137299
ARID1B,1.0752670443389754,-0.4021812119428287
ARID1B,0.5879315076130841,-0.0412428231620173
ARID1B,0.910240699539212,0.1092030191207654
ARID1B,1.0525574648288816,0.0779586738680767
ARID1B,1.0272355240614943,-0.3105787821934698
ARID1B,0.9293210553212016,-0.1525448305192426
ARID1B,0.968642359747002,-0.0295036073805299
ARID1B,1.1125190191591696,-0.2634783572773818
ARID1B,0.7683875240822454,-0.0228966939920682
ARID1B,1.2613651684079168,0.1172045734771583
ARID1B,1.298779933606557,0.0447255968929032
ARID1B,0.9025876853024686,-0.0239973734411976
ARID1B,0.9973625933263608,0.1405825961356798
ARID1B,0.8288333733075636,0.0462708111091343
ARID1B,0.9948762576232713,0.0109894177022947
ARID1B,0.7755496234515036,0.2674557422870731
ARID1B,0.7414930111940715,-0.1048703948220763
ARID1B,0.7732216830665093,0.0842453280295672
ARID1B,1.1040128773522249,-0.0107641744113369
ARID1B,1.0102791648488931,0.0056211592594826
ARID1B,1.391423893541068,0.0145361795580631
ARID1B,1.0578946760916086,-0.0627126013253081
ARID1B,1.0199143477667467,-0.0426981868773658
ARID1B,1.0143439969461288,0.0729956891351072
ARID1B,0.676443339118504,0.0513618839278417
ARID1B,1.00022113839809,-0.0837458150737236
ARID1B,1.3463812587412314,0.0350196649669569
ARID1B,0.9649593007592095,-0.1805190920081602
ARID1B,0.9985177646311554,-0.2125406302898705
ARID1B,0.5225206649594897,0.2489891031898448
ARID1B,1.047860016295374,-0.025098473601993
ARID1B,1.1764018841580028,-0.1037721445849138
ARID1B,0.901076812959706,-0.0658683685390795
ARID1B,1.4160507782139689,-0.1937698540979879
ARID1B,0.8625290782702805,-0.3093296510155903
ARID1B,0.5340027216413,-0.1450930201375306
ARID1B,1.0346099705553562,-0.320844461700413
ARID1B,1.0392991667372773,-0.0382789823671792
ARID1B,1.0323792143524193,0.0920820897063332
ARID1B,0.9734508206263672,-0.1654039022354651
ARID1B,0.9671630276888042,0.0170494062333627
ARID1B,1.0383810786918393,0.0504900481295079
ARID1B,1.0144951724919853,0.2208142938403505
ARID1B,0.8186518788914622,-0.0058343175868976
ARID1B,1.045834088448417,0.019279035601672
ARID1B,1.3242128176394408,-0.0885691105547813
ARID1B,0.795923677506716,0.0149131441492897
ARID1B,0.5659215575862433,-0.0508922154957433
ARID1B,6.056601305482549e-06,0.1816061239701202
ARID1B,1.04479217722119,-0.6659212978777214
ARID1B,1.008635563978333,-0.2040560107909525
ARID1B,1.1897488005167025,-0.4179181570358759
ARID1B,1.0890898640249858,0.0204193329984326
ARID1B,1.1565663235415786,-0.2477017461013319
ARID1B,0.984199030204592,-0.1969244399963734
ARID1B,1.2189196263126898,-0.05380652608919
ARID1B,1.1168295351492226,-0.1681628885868568
ARID1B,0.8315800195740707,0.0532461430704871
ARID1B,0.7197186757581822,0.0638818128895004
ARID1B,1.0670523817491335,-0.0212859454404622
ARID1B,0.7781331781876426,-0.014337405143559
ARID1B,0.976810084656076,0.0225312720960173
ARID1B,0.9999202912511468,-0.8518180441629217
ARID1B,1.5089322172388984,-0.0580402809393626
ARID1B,0.86201029221848,-0.4657149072974224
ARID1B,0.6450013118909884,0.0573816427832297
ARID1B,0.5784623629292982,-0.1418864413016004
ARID1B,0.5582653810020638,-0.2706988625387846
ARID1B,1.0355283132245685,-0.2149231086561167
ARID1B,1.0838206198594542,-0.2422519809568061
ARID1B,1.0083664337247111,-0.1408838555721663
ARID1B,0.932782740907374,0.1340923128379006
ARID1B,0.978242466495789,-0.2615485017080699
ARID1B,1.299594911509396,-0.047121214094134
ARID1B,0.7272281749702278,0.101907771726232
ARID1B,0.6254038475439526,-0.0579121355571441
ARID1B,0.9974213571783664,-0.1243947334779556
ARID1B,1.0004104273331509,0.0728240094710767
ARID1B,1.001633694637661,0.0880509436920757
ARID1B,1.1216511139738494,-0.1657100373884358
ARID1B,0.9560732100328312,-0.2735834129810495
ARID1B,0.9856511286766372,0.0442876232815455
ARID1B,0.7288071409292216,0.0995472838698636
ARID1B,0.637817682621102,0.2062528965162488
ARID1B,0.6056347955461443,-0.1883004478674855
ARID1B,0.853789307439423,0.0466908156433338
ARID1B,1.1011461776266511,-0.155487840472023
ARID1B,1.0750621013342136,0.2187406889755233
ARID1B,0.7154475941961981,-0.3041818628514163
ARID1B,1.07000460085036,-0.7090343902015874
ARID1B,1.542566836528708,-0.0773679234419826
ARID1B,1.0639150786549576,-0.0911207170706295
ARID1B,1.052357579647292,0.0425797890329074
ARID1B,0.68772562154664,0.2714803139792845
ARID1B,0.958134435963762,-0.1076588986087569
ARID1B,0.7772647528671357,-0.3053304834320294
ARID1B,0.8781035596626203,0.1103949963868073
ARID1B,1.0011727990739214,-0.1132189133854318
ARID1B,0.6418935636119679,-0.0633844687661513
ARID1B,0.96830268498733,-0.0571208617894288
ARID1B,1.0670168803709252,-0.0818743563601185
ARID1B,1.1405067617370677,0.1871155776663735
ARID1B,0.9090414598981272,-0.1615947215325813
ARID1B,0.9169627289155148,-0.0096466856511907
ARID1B,0.9677652220066886,-0.2441110794502062
ARID1B,1.2876058173681435,-0.3206907025871089
ARID1B,1.526280367552569,-0.0055796560875513
ARID1B,1.0369907318077634,0.2224773062697886
ARID1B,0.8411989765969689,0.0544290766656919
ARID1B,0.9720827259135594,0.068362976208571
ARID1B,1.0874981901626892,0.079187272763852
ARID1B,0.9751810523819164,-0.0777207663145414
ARID1B,0.7115297578351806,-0.0354647087312189
ARID1B,1.0817589072330762,-0.2470752882826697
ARID1B,1.0345432789654203,0.074101366123239
ARID1B,0.6648040148977262,-0.0833194025254167
ARID1B,0.9083845035963314,0.0874160511853252
ARID1B,1.5807245587618712,0.0505588658499254
ARID1B,1.0776905653064457,0.043744591556314
ARID1B,1.2037968944514357,-0.18415284761532
ARID1B,0.8728145155151006,-0.3225877535490292
ARID1B,1.001696876071265,-0.2872099147100742
ARID1B,1.359193633473874,0.0839477737919179
ARID1B,1.1021701802534865,-0.1081246954538541
ARID1B,1.0271515084993568,0.1458224980539231
ARID1B,1.0979999586407845,-0.0544109521319179
ARID1B,1.0873391507728274,0.0468619411914118
ARID1B,1.456815320992575,-0.0312290605620386
ARID1B,1.022938917244017,0.0798023377041448
ARID1B,0.8010765407292582,0.1140861818937365
ARID1B,0.6989586431145902,0.040886774487352
ARID1B,1.2099135763148945,-0.348148813237441
ARID1B,0.8796374911994597,-0.0355294289310655
ARID1B,0.5213871745532797,0.1135241370161106
ARID1B,1.401189420100919,0.1377274677989093
ARID1B,1.2561719850050586,0.0220750948395689
ARID1B,1.0452108456496598,-0.0712054029364096
ARID1B,0.8107544823936694,0.059952676704004
ARID1B,0.965460406081876,-0.0940219082871704
ARID1B,1.6878211067870743,0.0439453788462747
ARID1B,1.0458500367429109,-0.2816213451960059
ARID1B,1.1100510299761688,-0.1528625263890775
ARID1B,1.2074847763025858,0.323698158597845
ARID1B,0.9371260379116372,-0.0314487629116414
ARID1B,0.6991020642660478,-0.0089436681565867
ARID1B,0.8233455798357388,-0.2239335333438161
ARID1B,0.8669796286081349,0.2345202427740391
ARID1B,0.9321441625327468,0.1286895102590786
ARID1B,0.5816341971347428,0.023888982819682
ARID1B,1.1815199586264191,-0.0607591513741968
ARID1B,0.9035955055808752,-0.1460756282502313
ARID1B,0.7860347502943694,0.1765079009292308
ARID1B,1.0435176482868398,-0.2091952229939791
ARID1B,0.6036904985718538,0.0137116257024333
ARID1B,1.010886483275352,-0.0703843488835185
ARID1B,1.0864817942154763,-0.0186391009680089
ARID1B,1.2026167853544152,-0.0196037988296272
ARID1B,1.3058199609629353,0.0493151830613253
ARID1B,0.9539529382267464,-0.4386872567228871
ARID1B,0.5759122841451201,-0.0903783638232896
ARID1B,0.9306754135811784,-0.1891561189987333
ARID1B,0.7679104575822879,0.0055333316912363
ARID1B,1.200637804539655,-0.0137082039628141
ARID1B,0.8009427332948388,0.0373171233946623
ARID1B,1.0872856403788205,-0.0068076657175282
ARID1B,0.7958045209003406,-0.1412387901506855
ARID1B,1.1562489055152467,0.1855002932428676
ARID1B,0.95602682219672,0.188985041324656
ARID1B,0.8030384657635872,4.330094873870871e-05
ARID1B,0.7623001155976443,-0.0785710701347423
ARID1B,0.6020440691084591,-0.0001978884595353
ARID1B,0.5203333201348239,0.1700482883104602
ARID1B,1.096850575451731,-0.2253210175209798
ARID1B,1.0507088821654085,-0.0368261311705472
ARID1B,0.982492296035182,-0.0605186156519562
ARID1B,1.2524812447670506,0.0141597220466846
ARID1B,2.0178165253312312,0.0446819321792156
ARID1B,1.0621209030877514,-0.0114212909291815
ARID1B,1.0011887602835183,0.136942271282203
ARID1B,0.49702592148357,-0.126723624229871
ARID1B,0.7513400958614569,-0.2966956093240983
ARID1B,0.8810513434126144,-0.0149616059074407
ARID1B,1.0397639204207911,0.0702866783309949
ARID1B,0.8975274698200094,0.0063822684885661
ARID1B,1.4306611377883762,-0.1161117863520377
ARID1B,1.036349053450021,-0.0215690006714049
ARID1B,1.4592195870632532,-0.0506530729612365
ARID1B,0.9938272464439584,-0.1157909046131442
ARID1B,1.0691520194269344,0.1676519520427359
ARID1B,0.9933107292986147,0.0588403394044415
ARID1B,0.7324600606630255,-0.2396931694559974
ARID1B,0.6269550861678974,-0.1379649000216787
ARID1B,1.1633966056114955,-0.0870243620990269
PIK3CA,1.1765739502863637,-0.8881529117561349
PIK3CA,1.3358009080055409,-0.6776522855098636
PIK3CA,0.9767857103265668,-0.2603163457649352
PIK3CA,0.896509639180443,-0.9612953050487538
PIK3CA,1.904837595153908,-0.4355612768583133
PIK3CA,0.9019028846262294,-0.267250363405655
PIK3CA,1.1627387651261116,-0.2996349194681711
PIK3CA,1.2847574339620764,-0.4236700278477593
PIK3CA,1.0360150780479118,-0.3841387344205254
PIK3CA,1.217218359896331,-0.3232260628775349
PIK3CA,1.0595296787745467,-0.4427611697257805
PIK3CA,1.6431110631822106,-0.5117971610267983
PIK3CA,1.4148126269455956,-1.3957349470947924
PIK3CA,1.0432413799413014,-0.9032455202299364
PIK3CA,1.178978165444564,-1.1182001814342797
PIK3CA,1.0393078114206755,0.1895204332546644
PIK3CA,1.0783443869638087,-0.5868779469947831
PIK3CA,1.1851757396607805,-0.7438925026257914
PIK3CA,0.9544218653631702,-0.4988532629315801
PIK3CA,1.6283761541509445,-0.3083372988747352
PIK3CA,0.8591113278060402,-0.4821661505130459
PIK3CA,1.3668661743141703,-0.3363929371650617
PIK3CA,1.061025993140748,-0.2875891484738011
PIK3CA,1.1200871596090325,-1.336376312897992
PIK3CA,1.319036054755818,-0.2001661339449283
PIK3CA,1.0120916926142531,-0.5815347101902508
PIK3CA,0.9783340096898134,-0.3603778749463063
PIK3CA,0.9984810829569586,-0.3608778938235988
PIK3CA,1.1166104786251625,-0.0852758248106014
PIK3CA,1.1226879594911972,-0.5065607812150233
PIK3CA,0.7355049723989361,-0.1841819333212632
PIK3CA,0.9925536563703462,-0.1030482479039901
PIK3CA,0.853228463760404,-0.6914634537531826
PIK3CA,1.5088788766639984,-0.1924161822575825
PIK3CA,1.2476272770384402,-0.0972810669646185
PIK3CA,1.236623219688413,-0.8488358690558431
PIK3CA,1.3539655201873633,-0.7316890745636079
PIK3CA,0.957584031851628,-0.5028223358461135
PIK3CA,1.9162144141903488,-0.4867809915929805
PIK3CA,0.8364307463335339,-0.6709869872516564
PIK3CA,1.5532477883007862,-1.0891479128402848
PIK3CA,1.2265278562567838,-0.1082372257429953
PIK3CA,1.4576809659049206,-0.4849163555381847
PIK3CA,1.4775408320138048,0.048544185712021
PIK3CA,1.3602067912232374,-0.0206440683654406
PIK3CA,1.1341284127314537,-0.3301555272882991
PIK3CA,0.9949514263912046,0.2375060501300554
PIK3CA,1.95831113845448,-0.3813601290277441
PIK3CA,1.6650413431391131,-0.9707315872800026
PIK3CA,0.8484908457923868,-0.7538825305133554
PIK3CA,1.1231378422658869,-0.4060735583657894
PIK3CA,0.9995855838801168,-0.4695604236230175
PIK3CA,1.069057165432249,-0.5064973401606105
PIK3CA,1.0600034791361388,-0.3168448365966483
PIK3CA,0.8906867268153497,-0.4190932510627304
PIK3CA,0.7840768664350652,-0.3281507686417297
PIK3CA,0.8545820976973908,-0.2226325749152731
PIK3CA,1.0078751941362438,-0.7077073836546967
PIK3CA,1.1037052923556294,-0.8671880442834017
PIK3CA,1.1691151235399304,-0.2458797366288232
PIK3CA,1.1347299524052823,-0.1938706351007811
PIK3CA,1.0596222184767417,-0.6371680927099936
PIK3CA,0.9998572218745716,-0.3623818262709312
PIK3CA,1.1254664102981131,-0.2220844853507276
PIK3CA,1.7495804442283682,-0.487045303453394
PIK3CA,1.2748071359657815,-0.5546003795527253
PIK3CA,1.0314472205541227,-0.423515823031509
PIK3CA,1.0462285176285158,-0.2141308590472805
PIK3CA,1.3801958498332814,-0.4499574784953883
PIK3CA,1.4204007231774465,-1.6126010212850024
PIK3CA,0.9928591690610222,-0.8039285384654566
PIK3CA,1.2377174420947896,-0.2087226531478219
PIK3CA,1.7625070154509157,-0.4555752379812344
PIK3CA,1.1038422412591782,-0.5243178897643903
PIK3CA,1.0307896810771595,-0.3784349022885624
PIK3CA,0.9392316955934236,-0.7048883382078952
PIK3CA,0.764057966536602,-0.8392969323882237
PIK3CA,1.6433115249424577,-0.7738824341197061
PIK3CA,0.9045028789920516,-0.4139494037068994
PIK3CA,0.9405379097777552,-0.4423160248418231
PIK3CA,1.9840040902394036,-0.9601014083960072
PIK3CA,0.9912432213193664,-0.0416220354909221
PIK3CA,1.0369332304258934,-1.3025717484603223
PIK3CA,0.8873806502661072,-0.370689368817199
PIK3CA,1.0198394137396327,-0.1673269624232708
PIK3CA,1.031754692608489,-0.5507056312327718
PIK3CA,0.8422088846425483,-0.2960394613540024
PIK3CA,0.8457135507334179,-0.1575524793618153
PIK3CA,0.9164887012458895,-0.6340313189728152
PIK3CA,1.3905474741253645,-0.9153393150627652
PIK3CA,1.6513855654810097,-0.413564592782064
PIK3CA,0.9487007547293488,-0.086716617795051
PIK3CA,0.9935296997795486,-0.1946419910743534
PIK3CA,1.1320243570046598,-0.3323083033387309
PIK3CA,1.1299555333458202,-0.4039148220805342
PIK3CA,1.0206668208131706,-0.2551122125294204
PIK3CA,1.6478420922278034,-0.7446910331655929
PIK3CA,0.9357279161487848,-0.509580091216142
PIK3CA,1.238737929858015,-0.2042937297279018
PIK3CA,0.8463433681915411,-0.1468287854960382
PIK3CA,1.280806025426243,0.0678411590184363
PIK3CA,1.4263252478660116,-0.3454076899501488
PIK3CA,1.4596100605192897,-0.7893250815357622
PIK3CA,1.1576330371728494,-0.4589591811295325
PIK3CA,0.9843873339761646,-0.2688100687958697
PIK3CA,1.5180644055776389,-1.045430527800625
PIK3CA,1.0316674470389986,-0.4244213228849022
PIK3CA,1.061858110022578,-0.2328773151244469
PIK3CA,1.547721614252777,-0.8100685066398665
PIK3CA,1.1678921067222634,-0.6971569679478419
PIK3CA,1.1207426204745825,-1.6387418685370323
PIK3CA,1.0843781886577308,-0.2102208811643611
PIK3CA,0.9401162048583892,-0.0962846886032258
PIK3CA,1.3477314008257304,-0.4659979835705293
PIK3CA,1.609230514542542,-0.914754873949834
PIK3CA,1.7987603647086403,0.1132555860614761
PIK3CA,1.2863667309735334,-0.2498936133792265
PIK3CA,1.28704455701376,-0.282491999288234
PIK3CA,1.410539434536466,-0.8138202859983789
PIK3CA,1.0445858021019534,-0.4019587408573636
PIK3CA,1.044230353204824,-0.4790313851624354
PIK3CA,2.7190977191812435,-0.2992518067575311
PIK3CA,0.7941536131469038,-0.5445977894644558
PIK3CA,0.9580965814051478,-0.5101614904250484
PIK3CA,1.2755186557779736,-0.4265276363610711
PIK3CA,1.492926354893552,-0.676459617715201
PIK3CA,1.297593052237757,-0.945752871643322
PIK3CA,1.4277545676015364,-0.3226532007678488
PIK3CA,1.483695462057384,-0.5249255133999926
PIK3CA,1.0174310301069678,-0.1350830044267983
PIK3CA,1.4507279488413525,-0.0995347566131594
PIK3CA,1.0098968885948156,-0.4773736071441427
PIK3CA,0.9959864360224674,-0.2308029671598973
PIK3CA,0.939722045977664,-0.1600423754429583
PIK3CA,1.3327701553631253,-0.0276502411859682
PIK3CA,0.9971718075132296,-0.4193168140478051
PIK3CA,1.6682910462207852,-0.8538170574409524
PIK3CA,1.1167683807713698,-0.2793891380688985
PIK3CA,1.1634337008364233,-0.0351305723647967
PIK3CA,1.1972297218107193,-0.8128681719143387
PIK3CA,1.520601374221472,-0.8958540754979702
PIK3CA,0.8653286053267483,-1.718509149917299
PIK3CA,1.0893805391422045,-0.9948624397035578
PIK3CA,1.0579599397320216,-0.5022660208321457
PIK3CA,1.0256404028572783,-0.309914506336746
PIK3CA,1.0569000874220795,-0.670248146400659
PIK3CA,1.1056149278297858,-0.541325874749083
PIK3CA,0.9868344598892024,-0.9112546672964226
PIK3CA,1.0342285240141798,-0.6694478800275836
PIK3CA,1.319522544665051,-0.6656159023248563
PIK3CA,2.1414069655288115,-0.318005702951274
PIK3CA,1.1552090903806362,-0.926185999664006
PIK3CA,1.0539496885638924,-1.0420202555396278
PIK3CA,1.16946444469161,-0.26063264868776
PIK3CA,1.3245028977114526,-0.8027708186523052
PIK3CA,1.403078764824555,-0.6340365235049578
PIK3CA,1.0436037258834026,-0.1322486030092208
PIK3CA,1.014362277442574,-0.3316661026560642
PIK3CA,1.183652013724492,-0.5881003265782923
PIK3CA,0.7644118243420036,-0.0137897080915744
PIK3CA,1.2463091700858475,-0.1074336429436862
PIK3CA,0.9944398393111996,-0.6090712750972674
PIK3CA,1.247117155649978,-0.2297043091280642
PIK3CA,1.1555686740689617,-0.8507227583086352
PIK3CA,1.2433495960582857,-0.2143607249300621
PIK3CA,1.434209719754141,-0.6934509026827484
PIK3CA,1.2220446516510088,-0.9534252779983252
PIK3CA,1.2624226542980757,-0.4650832545255388
PIK3CA,1.3985346515783903,-1.0587385118841095
PIK3CA,1.2020309140332734,-0.6516526653827545
PIK3CA,0.9796688000720593,-0.3018476963878793
PIK3CA,1.0145654943759783,-0.6172260873330794
PIK3CA,3.370192504224395,-0.2756483990714392
PIK3CA,1.079262647997454,-0.3349206715472658
PIK3CA,1.9186811743263827,-1.090791562154772
PIK3CA,1.375752547377856,-1.0921531699207878
PIK3CA,1.4703758738753896,-0.4526105582498181
PIK3CA,0.9998904887422672,-0.546500049598323
PIK3CA,0.9379611024081962,-0.422326012877965
PIK3CA,0.9928447170179968,-0.4386819697607283
PIK3CA,1.7118923705345004,-0.2734915789229075
PIK3CA,1.1043925033393491,-0.5237579855171328
PIK3CA,1.427614045061714,-0.4032544520276934
PIK3CA,0.9935593127001968,-0.4228336849956106
PIK3CA,1.058788184247418,-0.5231678748921162
PIK3CA,0.9743628276590216,-0.2318793194249663
PIK3CA,1.7066864111566211,-0.9111266185917192
PIK3CA,0.9538702880836528,-0.4591698098538314
PIK3CA,1.0346537168362175,-0.3485361052883684
PIK3CA,1.058415430687313,-0.513584939879178
PIK3CA,0.9515227134054116,-0.5158942755997327
PIK3CA,1.1309004981990949,-0.3841696507185581
PIK3CA,1.1925055659985646,-0.857693105258651
PIK3CA,1.1228366032373456,-0.4814485837460566
PIK3CA,1.0086013070481192,-1.0519705277486175
PIK3CA,1.005676289301091,-0.454665035549652
PIK3CA,1.0698940976266182,-0.2009495484935055
PIK3CA,1.0623808156408947,-0.7102936150124771
PIK3CA,1.0462321435865352,-1.5090811254703702
PIK3CA,1.0689467600535705,-0.3799950486652313
PIK3CA,1.1176635814676152,-0.7224639714930429
PIK3CA,0.9737869014849336,-0.2923280701374718
PIK3CA,1.964288721291984,-0.02363252290878
PIK3CA,1.1819409827779552,-0.9827835288183286
PIK3CA,1.0006559322623514,-0.4263480585284879
PIK3CA,0.9715977135416796,-0.8776281207793664
PIK3CA,0.9716259992824702,-0.3404684671374616
PIK3CA,1.1961571981682733,-0.3485242891029666
PIK3CA,1.1449900013408592,-0.6609831623309834
PIK3CA,1.4484471043709295,-0.8931266936997875
PIK3CA,1.2082416294619382,-0.4076867660299792
PIK3CA,1.8369826493691517,-0.4048601208412724
PIK3CA,1.9720101809834325,-0.4262263189964469
PIK3CA,1.291136919193358,-0.3498363303128993
PIK3CA,1.046338752368267,-0.4352943993899362
PIK3CA,1.2464266627171392,-0.7102452136936092
PIK3CA,1.460563416301167,-0.1940232814433324
PIK3CA,1.0954358493174516,-0.6098532419114092
PIK3CA,2.619606289534071,-0.2955920599225035
PIK3CA,1.3150293506983366,-0.2734804982137714
PIK3CA,1.194914174994632,-0.5705992549885284
PIK3CA,1.350344954224041,-0.4453125340408578
PIK3CA,1.7216453671187255,-0.5724750119032468
PIK3CA,1.2808504155497291,-0.3487427305947944
PIK3CA,1.027595872106762,-0.3696878258701712
PIK3CA,1.609883175510212,-0.3122360855608985
PIK3CA,1.3412489113578034,-0.2569982015040218
PIK3CA,1.2858051194776503,-0.4595007784842669
PIK3CA,1.0083943919663132,-0.3290991959619501
PIK3CA,1.0303210828635636,-2.5677885177882223
PIK3CA,1.1032532520960583,0.0598342839411255
PIK3CA,5.079188441645361,-1.6333456776278754
PIK3CA,0.9002252900058629,-0.2938047461541161
PIK3CA,1.1642363762353265,-0.53749602210063
PIK3CA,0.9642900053006556,-0.4171790770702727
PIK3CA,0.9972761821861972,-1.10869351265478
PIK3CA,1.0435892585640782,-0.37900699714387
PIK3CA,1.344110735080986,-0.5350417111820527
PIK3CA,1.514780757848952,-0.3646378847134113
PIK3CA,2.0513447894902463,-0.3999631590149763
PIK3CA,1.5448663150837598,-0.4076576687464417
PIK3CA,0.9388684934395678,-0.9501210004446056
PIK3CA,1.4743806070240622,-0.5485183545649744
PIK3CA,1.1923377816834253,-0.5785150863031487
PIK3CA,1.1051092499524326,-0.6160653060549276
PIK3CA,1.508164713006796,-0.3213590341256222
PIK3CA,0.8485114305583927,-0.5819885007486117
PIK3CA,1.01861932989305,-1.5932655751548128
PIK3CA,1.011485753447766,-0.2224301950561755
PIK3CA,0.9889393837731312,-0.569903341678562
PIK3CA,1.3297158630126154,-0.7126315158962195
PIK3CA,1.6279552018517411,-0.4442199686826139
PIK3CA,1.1549344726631237,-0.5432997794946268
PIK3CA,1.086265678368086,-1.4166659015056302
PIK3CA,1.9211444517541976,-0.2622506882765951
PIK3CA,0.814080857223632,-0.5778825944294947
PIK3CA,1.461040327676125,-0.1955864166193441
PIK3CA,0.985676407448923,-0.6133037249861663
PIK3CA,2.294924990500325,-1.4462801089171569
PIK3CA,1.2126750367315162,-0.1964634711704433
PIK3CA,0.8957847432838723,-0.5791835398043143
PIK3CA,0.8386472383264935,-0.245906108535227
PIK3CA,1.0894726653654383,-0.4302769467254438
PIK3CA,1.2972171478971557,-1.017041968808145
PIK3CA,1.6836426948427097,-0.1699782953010543
PIK3CA,1.636207818594457,-0.7894580461363908
PIK3CA,1.130185041719887,0.0596080605397445
PIK3CA,1.0514928208577483,-0.2996754553946442
PIK3CA,0.8589559188188887,-0.2679002900831549
PIK3CA,0.9216194058740758,-0.3573686735050595
PIK3CA,1.2913150261119153,-0.5272476884651325
PIK3CA,0.7789820554452879,-0.370961534785852
PIK3CA,1.5709671356206514,-0.5496577772712989
PIK3CA,0.9905096941507416,-0.3059484210604719
PIK3CA,0.9070940209505944,-0.3008359110303844
PIK3CA,1.1134115853281683,-0.4644489854844044
PIK3CA,1.2227301127763817,0.040681359181059
PIK3CA,1.1274926275377926,-0.448624641754059
PIK3CA,1.511678140167999,-0.4882034860797636
PIK3CA,1.0025463935723693,-0.850996449521765
PIK3CA,1.0935043807044331,-0.0887538147640816
PIK3CA,0.8361217862052888,-0.517643333216658
PIK3CA,0.9327077434581776,-0.2060013127343067
PIK3CA,1.1994075837660962,-0.5620626008778142
PIK3CA,1.3378691310768718,-0.400205445297137
PIK3CA,1.0135758109535262,-0.5993881413055028
PIK3CA,0.9923459064132236,-0.4255443086689416
PIK3CA,1.49863286996981,-1.1831655124823754
PIK3CA,1.9341222686700763,-0.5360453128933016
PIK3CA,1.0349944273924214,-0.2999161764571399
PIK3CA,0.9047104244482426,-0.1385220023693759
PIK3CA,0.9584891460556754,-0.2777577196637222
PIK3CA,1.0360955095941229,-0.137324135897417
PIK3CA,1.2397197301959146,-0.3192376560705822
PIK3CA,1.0916943572271134,-0.3901938881329889
PIK3CA,1.3917065094724217,-0.0957151901270983
PIK3CA,1.0070895689073112,-0.7374785551776213
PIK3CA,0.7645305199341846,-0.2098241389815301
PIK3CA,0.9630776313408188,-0.3689749086558899
PIK3CA,1.533853823141193,-0.0088030665011384
PIK3CB,1.1765739502863637,-0.2046144147665785
PIK3CB,1.3358009080055409,-0.1375334234231719
PIK3CB,0.9767857103265668,0.19276078741766
PIK3CB,0.896509639180443,-0.0420879243712637
PIK3CB,1.2104764401307837,-0.0500254168527141
PIK3CB,0.9019028846262294,0.0280057970758648
PIK3CB,1.1627387651261116,0.0909532874993386
PIK3CB,0.8948656464133997,-0.4222225626401973
PIK3CB,1.0360150780479118,0.0717413425648341
PIK3CB,1.2390745576489195,-0.3944718266052187
PIK3CB,1.0595296787745467,-0.2251391912920144
PIK3CB,1.6431110631822106,-0.0471949361238988
PIK3CB,1.4256185358770448,0.2007758566986843
PIK3CB,1.0432413799413014,0.0686633887255089
PIK3CB,1.2174816263425363,0.0077502554868167
PIK3CB,1.0502486999602174,-0.0642375092688011
PIK3CB,1.0783443869638087,-0.0591459310522876
PIK3CB,1.257603379846314,-0.1844742138157044
PIK3CB,0.9544218653631702,-0.0869147900424846
PIK3CB,1.096514583656769,-0.008573195799878
PIK3CB,0.8591113278060402,0.0201782841071394
PIK3CB,1.360233190537482,-0.2337408569738458
PIK3CB,1.061025993140748,-0.1246488222951415
PIK3CB,0.8702344288047797,-0.2218194887992255
PIK3CB,1.319036054755818,0.0648936014289355
PIK3CB,1.0120916926142531,-0.1847144583764516
PIK3CB,0.9687095032460544,-0.3554668062872417
PIK3CB,0.9984810829569586,0.052182639969405
PIK3CB,1.1166104786251625,-0.3804154369490574
PIK3CB,1.12558187307306,-0.0487226696247267
PIK3CB,1.7016684826555546,-0.4663393413243229
PIK3CB,0.9925536563703462,-0.0860914719821385
PIK3CB,0.853228463760404,-0.0478775068020505
PIK3CB,1.503955624823605,0.1314521561550377
PIK3CB,1.1506898256349012,-0.5653641604329434
PIK3CB,1.3385759509685689,-0.1594224289616814
PIK3CB,1.3539655201873633,-0.2411495053279514
PIK3CB,0.957584031851628,-0.0612833487963677
PIK3CB,1.54731722191707,4.1798462870681896e-05
PIK3CB,0.8364307463335339,-0.1553067332273521
PIK3CB,1.1905622040748534,-0.0481997988434712
PIK3CB,1.2265278562567838,-0.0539883737968104
PIK3CB,1.4584824234007718,-0.3422131198074284
PIK3CB,1.040406270858336,-0.0514156291692341
PIK3CB,1.0579005423215695,-0.4952972621842776
PIK3CB,1.1253493993007897,-0.6997733317442038
PIK3CB,0.9949514263912046,0.1342964096501168
PIK3CB,1.030391073327766,-0.0136522321132698
PIK3CB,1.7100043557839455,0.070839124776037
PIK3CB,0.8484908457923868,-0.114097658391956
PIK3CB,1.0485524290822663,-0.09937607533094
PIK3CB,0.9995855838801168,0.028629769806055
PIK3CB,1.059866091955202,0.0198205896192341
PIK3CB,1.0600034791361388,0.015150721032297
PIK3CB,0.8842406720660123,-0.1687869987138265
PIK3CB,0.7710001254527029,0.0823650960875041
PIK3CB,0.8545820976973908,-0.1406573540841996
PIK3CB,0.983755703472678,-0.2330441410997934
PIK3CB,1.1037052923556294,-0.2379878193431515
PIK3CB,1.1691151235399304,-0.0756783118284761
PIK3CB,0.953529184077176,-0.1255825205517831
PIK3CB,1.0596222184767417,-0.2338795282877826
PIK3CB,1.008386703372598,-0.0153582421909003
PIK3CB,1.1098848458088,-0.2391820209355218
PIK3CB,1.7495804442283682,-0.1375690915033384
PIK3CB,1.2748071359657815,0.0266620566747235
PIK3CB,1.0295407970570505,-0.4442490105861206
PIK3CB,1.0462285176285158,0.0045689587743985
PIK3CB,1.351350579386274,-0.0665201818338137
PIK3CB,1.436663312153203,0.0769955346831149
PIK3CB,0.9928591690610222,-0.1303737563411476
PIK3CB,1.2377174420947896,0.0536060961555658
PIK3CB,1.7625070154509157,-0.0367535695275025
PIK3CB,1.119393286199288,-0.1374222346334677
PIK3CB,1.0307896810771595,0.118174072126262
PIK3CB,0.9625117114237984,-0.3145604783935276
PIK3CB,0.764057966536602,0.0332251512991353
PIK3CB,1.3908135232941732,0.2130033893620039
PIK3CB,0.9045028789920516,-0.7945767266118867
PIK3CB,0.96921994596111,-0.0537535713151714
PIK3CB,2.984712558428169,0.0306095451974573
PIK3CB,0.9912432213193664,0.0408780935245077
PIK3CB,1.0369332304258934,-0.2709682026692956
PIK3CB,1.2389096673023794,-0.1592636758104402
PIK3CB,1.0198394137396327,-0.125834479495015
PIK3CB,1.031754692608489,0.1947679325899624
PIK3CB,0.8422088846425483,-0.2502047759445275
PIK3CB,0.8031926653724261,-0.0536380223048189
PIK3CB,0.9164887012458895,-0.0349727067532139
PIK3CB,1.2744510832219462,-0.0063652344816186
PIK3CB,1.130664574783125,-0.1810284952677514
PIK3CB,0.9487007547293488,-1.1054157889437464
PIK3CB,0.9935296997795486,-0.0474779121427935
PIK3CB,1.1320243570046598,-0.4901951712705864
PIK3CB,1.333500161857316,-0.1125760579394683
PIK3CB,1.051211526526568,-0.2757346169750736
PIK3CB,1.382914535220498,-0.1606713300626474
PIK3CB,0.9357279161487848,-0.0324940989493219
PIK3CB,1.238737929858015,0.0213599857144752
PIK3CB,0.8463433681915411,-0.5111861715812167
PIK3CB,1.280806025426243,-0.1150654529571532
PIK3CB,1.4361177069023026,-0.0560414745435085
PIK3CB,1.0480743029618218,-0.0915038469679901
PIK3CB,1.1758116684408642,-0.0344431390077284
PIK3CB,0.9843873339761646,0.0327997272825061
PIK3CB,1.0049021296728329,0.0263730714362756
PIK3CB,1.071298856624876,-0.2556640879463566
PIK3CB,1.061858110022578,-0.2305206616971433
PIK3CB,0.9319393671810632,-0.1176645619812677
PIK3CB,1.1678921067222634,-0.2678744459839271
PIK3CB,1.0562548750205347,-0.1933688570796058
PIK3CB,1.0843781886577308,-0.3660302491011404
PIK3CB,0.9401162048583892,-0.1914201214457461
PIK3CB,1.3036142250715912,0.1155431944816328
PIK3CB,1.6529464650803742,0.2235767987767309
PIK3CB,1.8493316836564608,-1.1927011915857475
PIK3CB,0.9491348629262673,-0.1288836947976339
PIK3CB,1.28704455701376,-0.3478654545019112
PIK3CB,1.4212910323523371,-0.2984553151098208
PIK3CB,1.0445858021019534,-0.121445789576674
PIK3CB,1.044230353204824,-0.0088977826979141
PIK3CB,1.3190589121069216,-0.088548483691333
PIK3CB,0.7941536131469038,-0.2312145626295438
PIK3CB,1.271766665759096,-0.2129775530622263
PIK3CB,1.189467620928175,-0.2356761083503407
PIK3CB,1.492926354893552,-0.1230524764535529
PIK3CB,1.297593052237757,-0.1347667007826125
PIK3CB,0.7685611731414583,-0.0762459230479719
PIK3CB,1.483695462057384,0.1785190331578875
PIK3CB,1.0174310301069678,-0.3977179081184265
PIK3CB,1.013252686150867,-0.2550589942351492
PIK3CB,1.0098968885948156,-0.1928350952030735
PIK3CB,0.9959864360224674,-0.3055810719683282
PIK3CB,0.939722045977664,-0.0080637500087256
PIK3CB,1.3441899290720618,-0.4896189315636264
PIK3CB,0.9971718075132296,-0.000718960367387
PIK3CB,1.0731643240567446,0.007344839359427
PIK3CB,1.1167683807713698,-0.3380651920988464
PIK3CB,1.1634337008364233,-0.2260325441692169
PIK3CB,1.1972297218107193,-0.1720024791680134
PIK3CB,1.4584763577555069,0.1976883312908939
PIK3CB,0.8653286053267483,-0.3380575050496022
PIK3CB,1.0761789551119323,0.0909540288934331
PIK3CB,1.0579599397320216,-0.4092335358914153
PIK3CB,1.0256404028572783,-0.0025179230396687
PIK3CB,1.0569000874220795,-0.2414773228919966
PIK3CB,0.9871382121842622,-0.1214097936834773
PIK3CB,0.9868344598892024,-0.0862494196423212
PIK3CB,1.140083901757513,0.0586817048738217
PIK3CB,0.9522181281330094,-0.3181485023244466
PIK3CB,1.655762787217352,0.0442583818509862
PIK3CB,0.72916792201746,0.0101834548609594
PIK3CB,1.057789822718405,-0.0859108403847341
PIK3CB,1.31324400631113,-0.2285187340404836
PIK3CB,1.3245028977114526,0.0891115715853263
PIK3CB,1.0704808593817352,-0.0666156513342413
PIK3CB,1.0436037258834026,0.0066043655753948
PIK3CB,1.014362277442574,-0.0375908664477314
PIK3CB,1.183652013724492,-0.0522099029085396
PIK3CB,0.7644118243420036,0.1375952231101034
PIK3CB,1.2463091700858475,-0.2855803262814697
PIK3CB,0.9944398393111996,0.0817685092909377
PIK3CB,1.7579292394797934,-0.0065183201147194
PIK3CB,1.1555686740689617,-0.0281996506585514
PIK3CB,0.8102292086334135,0.0204020184863791
PIK3CB,1.4324929114841456,0.1187681712939833
PIK3CB,1.0822764054898095,-0.103946193751805
PIK3CB,1.1572808327387012,0.0160488885383867
PIK3CB,1.3985346515783903,-0.0271330031526201
PIK3CB,1.421515667465039,0.0235282711415652
PIK3CB,0.9796688000720593,-0.0211817216653077
PIK3CB,1.0145654943759783,0.0799918200989
PIK3CB,1.749950361938506,0.0741514037086001
PIK3CB,1.1215376091984044,-0.3668068911917673
PIK3CB,1.854684768478313,0.0524022024874014
PIK3CB,1.67860408869353,-0.043322614306465
PIK3CB,0.8926007970741657,-0.0780822627489863
PIK3CB,0.9998904887422672,-0.1816288769434315
PIK3CB,0.9379611024081962,-0.0466638962166582
PIK3CB,0.9928447170179968,-0.0986039781330059
PIK3CB,0.8756789883122479,-0.1632324465153544
PIK3CB,1.1293643528028896,-0.2213692375080437
PIK3CB,2.174307519613545,0.0278779348405281
PIK3CB,0.9935593127001968,-0.1805279245917989
PIK3CB,0.7560387052850441,0.0233260901243752
PIK3CB,0.9997151570842384,-0.1678002839119897
PIK3CB,1.7066864111566211,0.0626418836903505
PIK3CB,0.9538702880836528,-0.1095214354199217
PIK3CB,1.0346537168362175,0.0577858569517097
PIK3CB,1.0802842711545293,-0.0666930793340392
PIK3CB,0.9606175025633724,0.0461499914150345
PIK3CB,1.1309004981990949,-0.1677608369377109
PIK3CB,1.1230989179489606,-0.7869267689980824
PIK3CB,1.1228366032373456,-0.1156714348745754
PIK3CB,1.0086013070481192,-0.1048673293802445
PIK3CB,1.005676289301091,-0.0778418325213297
PIK3CB,1.1378402334439677,-0.0047762973343966
PIK3CB,1.0623808156408947,-0.2104802658866067
PIK3CB,1.0462321435865352,-0.0023680694533503
PIK3CB,1.0689467600535705,-0.1855706012868225
PIK3CB,1.1085024816273843,0.2589334875748953
PIK3CB,0.9869856402249314,-0.0578584364271723
PIK3CB,1.1372930136926291,-0.2278259586390141
PIK3CB,0.6050092059397507,0.136912247611262
PIK3CB,1.0006559322623514,-0.0461757781549533
PIK3CB,0.9715977135416796,-0.315268275756298
PIK3CB,0.9716259992824702,-0.1761547358257766
PIK3CB,1.1406751589847397,-1.0519122301200006
PIK3CB,1.1449900013408592,-0.5074135590795866
PIK3CB,1.9187756015696016,-0.0337481324194393
PIK3CB,1.2082416294619382,-0.1530370081151819
PIK3CB,1.613995996466057,-0.6081883982573938
PIK3CB,0.9283900719917106,-0.0305405424741997
PIK3CB,0.8289436853228427,-0.2381841324323523
PIK3CB,1.0476922495260113,-0.1994708245767503
PIK3CB,1.2650347362147507,-0.1999197962843391
PIK3CB,0.9838470806402044,-0.2219514486792481
PIK3CB,1.0954358493174516,-0.1774603120869125
PIK3CB,1.970769432360448,-0.0542961978975805
PIK3CB,1.5869679586172154,-0.1861203676144051
PIK3CB,0.9322779175395134,-0.1405223539219827
PIK3CB,1.350344954224041,-0.4274844970922415
PIK3CB,1.689474997206816,0.0160869092876753
PIK3CB,1.2808504155497291,-0.4951429110169192
PIK3CB,1.027595872106762,-0.3446512494803216
PIK3CB,1.5926221194174064,-0.1194843201782089
PIK3CB,1.3318143591705494,0.0084893692325067
PIK3CB,1.037611230731493,-0.1927230552766812
PIK3CB,1.0205897092423382,0.0328972800656435
PIK3CB,1.0303210828635636,-0.0569277186271163
PIK3CB,1.1032532520960583,-0.2707702823270109
PIK3CB,1.2839677801791929,0.2200517323623409
PIK3CB,0.7577138375060508,-0.0277322238950533
PIK3CB,0.7894621476817788,0.21852745335512
PIK3CB,0.9642900053006556,-0.0436087008555193
PIK3CB,1.0150311482098575,0.0819976960909265
PIK3CB,1.0435892585640782,0.2435462342655499
PIK3CB,2.507278057268168,-0.2717724078471748
PIK3CB,1.514780757848952,-0.2553175746438081
PIK3CB,2.031640462206325,-0.7238477267042905
PIK3CB,1.5333956582209682,-0.3938771220552258
PIK3CB,0.9388684934395678,-0.1735586544268469
PIK3CB,1.0697287349279234,-0.124178369396992
PIK3CB,1.1923377816834253,-0.0189779914091361
PIK3CB,0.7462464146185439,0.0010959733634308
PIK3CB,1.508164713006796,-0.2848073994592224
PIK3CB,1.1499913423850998,-0.1836833998383034
PIK3CB,1.0242202583741842,0.0169291894865741
PIK3CB,0.9789540163943844,-0.1332192624061423
PIK3CB,0.9889393837731312,-0.3357164206924129
PIK3CB,0.9451858915533397,-0.044151176496722
PIK3CB,1.6279552018517411,0.1040993721455172
PIK3CB,1.1549344726631237,0.1125804995344668
PIK3CB,0.9872771210668152,0.1076139094334059
PIK3CB,0.6347454264809702,0.0044591509177439
PIK3CB,1.1402917553853311,0.0521583481600446
PIK3CB,1.4592479080484733,-0.2943404094927387
PIK3CB,1.0068710994217829,-0.2132186802214734
PIK3CB,1.2353715400426957,0.0087778129454245
PIK3CB,1.2126750367315162,-0.359250472074881
PIK3CB,0.5831160750857635,-0.0758709779917464
PIK3CB,0.8386472383264935,-0.105389291340894
PIK3CB,1.0894726653654383,-0.1917649203708741
PIK3CB,1.2972171478971557,-0.2603199604695704
PIK3CB,0.8665482578189219,-0.3486102364032541
PIK3CB,1.636207818594457,-0.0742421098260771
PIK3CB,1.130185041719887,-0.0701314341820193
PIK3CB,1.0514928208577483,-0.01814028297589
PIK3CB,0.8385734157178031,-0.5177412737248135
PIK3CB,0.9331390611522276,-0.3235181348790041
PIK3CB,1.5819587701324755,-0.030666072598718
PIK3CB,0.7789820554452879,0.2552542325243224
PIK3CB,1.5709671356206514,-0.1196147959018166
PIK3CB,0.9905096941507416,-0.144400498019855
PIK3CB,0.9577294034061244,-0.3205902231315347
PIK3CB,1.1443100481875077,-0.0151269990904594
PIK3CB,1.2227301127763817,-0.5954350877093837
PIK3CB,1.1274926275377926,-0.1501123782217033
PIK3CB,1.5117839732320473,-0.0423544688110996
PIK3CB,1.0025463935723693,-0.1036369760330229
PIK3CB,1.0935043807044331,-0.2329105928740931
PIK3CB,0.8361217862052888,-0.1012386493358545
PIK3CB,0.9408098043809484,0.0476938370723134
PIK3CB,1.1994075837660962,0.0657030635745428
PIK3CB,1.3378691310768718,-0.0752414209764866
PIK3CB,1.0135758109535262,-0.1130177985025664
PIK3CB,0.5588000287166894,0.0129049733163151
PIK3CB,1.49863286996981,0.1249646600017517
PIK3CB,1.4644013411232926,-0.1419231628804518
PIK3CB,1.0349944273924214,-0.3056176061311774
PIK3CB,1.3708569190136324,-0.1693598282352462
PIK3CB,0.9584891460556754,-0.1390856104318909
PIK3CB,1.0360955095941229,-0.4794528703820114
PIK3CB,1.2397197301959146,-0.1638592788151872
PIK3CB,1.0916943572271134,-0.3249447541105916
PIK3CB,1.3917065094724217,-0.4142103176890241
PIK3CB,1.058576843281857,0.0338115493861323
PIK3CB,0.9670839253373504,-0.3358087464696117
PIK3CB,1.3113201928475318,-0.2751375643385271
PIK3CB,0.8959691727357301,-0.2040253265177127
PIK3R1,0.8848169941924225,-0.1247767519853796
PIK3R1,1.0340306861052408,0.0157590204515351
PIK3R1,0.9591810090233306,-0.3912850921210422
PIK3R1,1.233865380972747,-0.0307921344827186
PIK3R1,0.6645911561346609,0.2126845030910319
PIK3R1,1.233858538989237,0.0049660653354668
PIK3R1,1.150788731963986,-0.0353567242859632
PIK3R1,1.1825506687129113,-0.233106863446099
PIK3R1,1.0444750280652868,0.0712145585512734
PIK3R1,0.9032849019370348,0.2109612052119581
PIK3R1,1.0553027901175174,-0.1196386183117759
PIK3R1,0.7761605435034281,-0.0681688500529574
PIK3R1,1.1120602858059043,-0.059530378160494
PIK3R1,1.0513732980087236,-0.1994847562286955
PIK3R1,1.1841148351967836,0.2210483176219942
PIK3R1,0.8678147424495816,-0.072775610136487
PIK3R1,1.1229774827501704,0.0185212606187999
PIK3R1,1.2132795516371264,-0.0743052137451517
PIK3R1,1.0412518075326005,-0.0094993246109703
PIK3R1,1.109383366698899,-0.072963477014976
PIK3R1,1.370199534405091,-0.1420119496247755
PIK3R1,1.2408313137926843,0.0272242226494275
PIK3R1,1.0438887729710151,-0.0236190397227551
PIK3R1,1.080942663386724,-0.0648813097963853
PIK3R1,0.9651292058554078,-0.2625632379184088
PIK3R1,0.9920646190044308,0.2719289380605795
PIK3R1,1.2072169773096983,-0.0230567239116977
PIK3R1,0.8696947317431649,-0.1258318531234243
PIK3R1,1.5828285576539605,0.6800493745081021
PIK3R1,0.5758180825438707,-0.0266617861423282
PIK3R1,0.7709066082261182,0.2028570753460379
PIK3R1,0.9475066671597328,0.2457048595044091
PIK3R1,0.8390013283916158,0.132163614355294
PIK3R1,0.9991706469283972,0.0156679869841539
PIK3R1,1.0058763716453931,0.3985580912099792
PIK3R1,1.0026416010650387,-0.0343351387910765
PIK3R1,1.170474090948619,0.1420465636094575
PIK3R1,0.989036041253334,-0.3055583989615143
PIK3R1,0.8340923317295937,-0.0787368817278896
PIK3R1,0.7801200188722022,0.0716170527431645
PIK3R1,1.0716583197249177,-0.0192749758347159
PIK3R1,1.2415539902895951,0.1234743249449264
PIK3R1,0.6727423566881993,0.190786928608186
PIK3R1,1.0393632831834911,-0.3310020758351958
PIK3R1,1.0440146814930311,0.1653595248902375
PIK3R1,1.1513009474731275,0.2361143673363622
PIK3R1,0.9928247597806068,-0.4795070837800126
PIK3R1,1.0417181564615563,-0.5117925459438378
PIK3R1,1.0050107965800112,-0.1583615687602757
PIK3R1,0.8462113843669072,0.101725022059781
PIK3R1,1.1722262097828378,0.015177247963036
PIK3R1,1.0092041192074428,-0.0156526206102023
PIK3R1,1.0599072327724937,-0.0665574253318179
PIK3R1,0.8799729001653536,-0.0014319267701205
PIK3R1,1.1091465504652096,0.0699459438472766
PIK3R1,1.192669240440338,0.0723156334304941
PIK3R1,1.0071831134650984,-0.1025656067393368
PIK3R1,0.8738944833421766,0.0222539088487739
PIK3R1,1.1323288458302618,-0.0363484557307687
PIK3R1,1.2946732176311933,0.4662832165926311
PIK3R1,0.6317790487952776,0.1607637659069197
PIK3R1,0.7579665042918194,0.2660240142192511
PIK3R1,1.004345744239764,0.0664823716029608
PIK3R1,1.164835314717685,0.001757183430222
PIK3R1,0.9857686463055488,-0.0055593737263141
PIK3R1,0.8393084437294639,0.0017013249241552
PIK3R1,1.038820939638976,0.262487277436196
PIK3R1,1.0609392139229656,-0.349491945895821
PIK3R1,0.9376224379689968,-0.013592721261241
PIK3R1,1.05268514858964,-0.1396863017771452
PIK3R1,0.9882863365283828,-0.1730025458833491
PIK3R1,0.9110915916821676,0.2540379777691807
PIK3R1,0.8545228646331184,0.1607704201512343
PIK3R1,1.0673593700057529,0.1016009989505801
PIK3R1,0.5277102824968847,-0.1316001596052973
PIK3R1,0.9942378969192878,-0.0625891368300935
PIK3R1,0.7828826627953495,0.1297373674841511
PIK3R1,0.94858699860916,0.4476942395641958
PIK3R1,0.7897035057054718,0.5978866669842782
PIK3R1,0.959811497372928,-0.020301080826624
PIK3R1,0.8750139969713171,-0.1212346366526752
PIK3R1,0.9803256660499908,-0.259403056032806
PIK3R1,1.0437274296520656,-0.1702786915566757
PIK3R1,0.7166988774660609,-0.0867294870325286
PIK3R1,1.0281530222842044,-0.2726197606162935
PIK3R1,0.9086817442594756,-0.0802872070366921
PIK3R1,0.8561532708571838,-0.2399560940198454
PIK3R1,0.8326984248248203,-0.0775821065863959
PIK3R1,0.9366558699155096,-0.0609163313264179
PIK3R1,0.8859584835019945,-0.2419158459386176
PIK3R1,0.8623013238382076,-0.1503842172890974
PIK3R1,1.1117658709909723,0.1791772255252788
PIK3R1,0.9947162842901528,-0.057911590327691
PIK3R1,1.0760335046123075,0.3568121107711428
PIK3R1,0.9459015893869306,-0.1369550019031277
PIK3R1,1.052171589219151,-0.0604505059645336
PIK3R1,1.025863655954318,0.0744431043017352
PIK3R1,0.8712592663030487,-0.1192200118361953
PIK3R1,1.220756110999467,0.3323034927345668
PIK3R1,0.8721390044302317,0.1545521029417647
PIK3R1,0.8412975219928694,0.1275279927675187
PIK3R1,1.0471774967272196,0.2074268831181972
PIK3R1,1.473139444980104,-0.1718644003481879
PIK3R1,0.7898885420764914,-0.0116578909358617
PIK3R1,0.9819156483605332,-0.3649331225887383
PIK3R1,1.0007252948500636,0.2248495410279637
PIK3R1,1.0996466375705505,0.1023299466443703
PIK3R1,0.807985887607496,0.0119270890999537
PIK3R1,1.196622421001719,-0.0930235985111978
PIK3R1,1.0522262888737377,0.108417171387914
PIK3R1,1.0634763865308536,0.4369337339404646
PIK3R1,1.1204715362486324,0.2061702196789026
PIK3R1,0.9387474572689116,0.1007332640272129
PIK3R1,0.9649927442796722,-0.0313257933614175
PIK3R1,0.98553294193788,-0.1421010228342012
PIK3R1,0.7808086821208866,0.0641162675849479
PIK3R1,1.295277308108672,0.3085090006411857
PIK3R1,1.3151387363139082,-0.0101779114095381
PIK3R1,0.8802211851346857,0.0021643934257921
PIK3R1,0.9553577624519596,0.1486812967063721
PIK3R1,1.0645339789278396,0.0908241380875726
PIK3R1,1.2318648635133385,-0.2014669104797591
PIK3R1,0.7859977021990616,0.1966495686439314
PIK3R1,1.375393087523535,0.1129265468054365
PIK3R1,0.7803163314594531,-0.2038315594280004
PIK3R1,0.7528879113215994,0.2305334312836476
PIK3R1,0.8279525532798013,-0.3490877601337566
PIK3R1,0.7516984843268857,-0.2095922922427838
PIK3R1,0.9979247941231656,-0.055038884468467
PIK3R1,1.0175248299473794,0.1132031442577603
PIK3R1,1.0140620971629286,-0.0519656420058414
PIK3R1,1.0093559279809532,0.0704298812657786
PIK3R1,1.0078102258863075,0.0343473910480997
PIK3R1,0.8981566521910602,0.0852480179432933
PIK3R1,1.2580393075009584,0.7454254324095833
PIK3R1,1.000671191619137,0.0118111217738389
PIK3R1,1.064014639027571,0.0211197013462725
PIK3R1,1.0863409751768744,-0.166571088403317
PIK3R1,0.5830404973397542,-0.2046872496123068
PIK3R1,0.8073292122693014,-0.117772759209186
PIK3R1,0.7379658699503739,-0.0177337504855688
PIK3R1,1.3081128440897372,0.300660117740603
PIK3R1,1.1193009573954569,0.0606190298026886
PIK3R1,1.066422407840448,-0.0696649999112676
PIK3R1,1.0531909284155705,0.0172541874073832
PIK3R1,1.055284503272121,0.2489045395652438
PIK3R1,1.444441724453973,0.0921584473031886
PIK3R1,0.9921533294068096,0.0298651152862779
PIK3R1,0.9845429164393454,0.16508786297885
PIK3R1,1.313291341275966,-0.0460776941904435
PIK3R1,0.8918852438282788,-0.0636937933543744
PIK3R1,0.8642011165457572,-0.1672505500929926
PIK3R1,1.3899798799552907,-0.0942813349677313
PIK3R1,1.491919816736631,0.015202156982237
PIK3R1,1.117360712715416,-0.0117913059215369
PIK3R1,1.4287821877638451,0.0383270766429071
PIK3R1,1.0456325809517475,0.2532216252505547
PIK3R1,0.9960554749341466,-0.0061251750754539
PIK3R1,1.008985890384756,-0.1432244096820801
PIK3R1,1.0021191136437195,-0.2312744923682855
PIK3R1,0.8775918299695736,-0.2040192819323572
PIK3R1,0.9952169762159216,-0.0703399444500767
PIK3R1,0.9421351921267738,-0.0724030964702427
PIK3R1,1.1651163246136005,-0.0846229891190591
PIK3R1,0.8165436980204483,0.0286097867380697
PIK3R1,1.1409194977833992,0.1558718708849427
PIK3R1,0.5407092716781123,-0.0035330113604935
PIK3R1,1.1091872977092938,-0.0145017678233273
PIK3R1,0.8065444779544387,-0.1733357828560298
PIK3R1,1.1825277178490958,0.021043231249285
PIK3R1,0.9835034374505728,-0.0089631730821289
PIK3R1,1.027103095872602,0.0006530129196299
PIK3R1,0.677060659858044,-0.0837171284693448
PIK3R1,1.1073175430661202,-0.0857943714501671
PIK3R1,1.2626501864230928,-0.7821037421025882
PIK3R1,0.7434244283855301,-0.0096470483362237
PIK3R1,0.6744572934912239,0.0257492553193416
PIK3R1,1.0025797499131588,-0.1053519247305291
PIK3R1,1.5287759629366344,0.0210957925996835
PIK3R1,0.9893342993977348,-0.3734713376642063
PIK3R1,0.8877516242819705,0.0067763085170015
PIK3R1,1.0784228722138771,0.0077246027917413
PIK3R1,0.9285889381746824,-0.2388117288399369
PIK3R1,1.0067419943748797,0.1428808489048218
PIK3R1,1.0796240349255846,0.0521984695219885
PIK3R1,0.9850671646219692,-0.0214524094315207
PIK3R1,0.8631271451192642,-0.1109897900907445
PIK3R1,0.9527581835629708,0.3675865413760236
PIK3R1,1.0218914820688083,0.075797995639488
PIK3R1,1.062831579637978,-0.0572643290324419
PIK3R1,1.5843784680080204,-0.1820412206983676
PIK3R1,1.0569418457239934,0.2287276359142109
PIK3R1,1.322175787025366,-0.6263812546972586
PIK3R1,1.0729434201305137,-0.1463898301850015
PIK3R1,0.992613512936974,0.0855420418043722
PIK3R1,1.1796059462657629,-0.0094895345742736
PIK3R1,1.03995564680358,-0.0710867516265819
PIK3R1,1.0580369413387771,0.2377566168652769
PIK3R1,1.0516801492385102,-0.7702444229662627
PIK3R1,1.0456746188787298,-0.103010712310979
PIK3R1,1.369389637154102,-0.2965187807176335
PIK3R1,0.9651660002690972,-0.0122815383806936
PIK3R1,0.763610581659779,0.3686213706010646
PIK3R1,1.2321415464057142,0.0672580144745141
PIK3R1,1.002804239152882,-0.1021831678687424
PIK3R1,1.2092805625866223,-0.0732331228445179
PIK3R1,1.0049501924325528,0.1068014086417464
PIK3R1,0.8637124556031038,0.2605301181259989
PIK3R1,0.8906885789482557,0.0592883403914932
PIK3R1,0.9095204616931272,-0.2692265724338269
PIK3R1,1.1094779535431347,-0.07584403503943
PIK3R1,0.8078044507644367,0.2032679711955008
PIK3R1,0.9513387180624324,0.0339821362978668
PIK3R1,0.8295431889204389,0.4568740565390946
PIK3R1,1.0582584438690714,-0.4823210783922634
PIK3R1,0.8650383507770469,-0.0090689738067336
PIK3R1,0.9840639649061836,0.0919311555511228
PIK3R1,1.086699459544058,0.0662519735145919
PIK3R1,0.690206038095851,0.2775446434843463
PIK3R1,1.1477210164958247,0.0288169388111832
PIK3R1,1.4117660176721725,-0.0542469700797347
PIK3R1,1.0297648991603132,0.2287365984721785
PIK3R1,1.0055382765984282,-0.0503905796039875
PIK3R1,1.164178274609524,-0.1397016692753531
PIK3R1,1.1012049499354122,0.3609285357719101
PIK3R1,1.1083795515850343,0.0158120333959495
PIK3R1,0.973567558457174,0.0346333197404182
PIK3R1,1.0104822641858415,-0.0671834884332149
PIK3R1,0.975791620872312,-0.2520508753766327
PIK3R1,0.6886290749261947,0.2094800973410777
PIK3R1,1.255803727788951,0.7055994295142152
PIK3R1,0.9997345598653136,-0.1709142365791836
PIK3R1,1.4546694968353109,0.1867227667347285
PIK3R1,0.7959959524731758,-0.0821457338646384
PIK3R1,0.9622695619816928,-0.4444421352393812
PIK3R1,1.018250836834816,-0.0246034258199809
PIK3R1,0.953451857693068,-0.32046169616337
PIK3R1,1.0341869462399935,-0.8191819936205815
PIK3R1,0.7202097322387213,-0.5523960505683296
PIK3R1,1.226370585940354,0.1926011768851284
PIK3R1,1.058587849582389,-0.1135479296303188
PIK3R1,0.9411594054595832,0.2266076418821075
PIK3R1,0.8262246453983147,-0.119622491100668
PIK3R1,1.0048547657237694,-0.203632819268352
PIK3R1,1.1215718149078078,0.2043016925439452
PIK3R1,0.6283603266986288,0.1217513854962873
PIK3R1,0.5894085934867644,-0.2415100569027349
PIK3R1,1.025693012268271,-0.166771153581157
PIK3R1,0.9999334600845446,-0.3535834643560834
PIK3R1,1.3659379989510774,-0.076909221551986
PIK3R1,0.9462275030842144,0.1379358314265571
PIK3R1,1.2721907482817838,-0.0822440779398419
PIK3R1,1.1526416047149135,-0.1692519284302562
PIK3R1,1.0169403087887825,0.4798838618438935
PIK3R1,0.9361022315620294,0.0804164894484805
PIK3R1,0.9231404073597768,-0.0866310985341278
PIK3R1,1.2516307428993665,-0.1034806663328621
PIK3R1,0.9549042606985784,0.025543475249522
PIK3R1,0.7511646103744523,-0.005010910038075
PIK3R1,0.7100335005185061,0.2474139569752574
PIK3R1,0.5981892959112552,0.0557180755248473
PIK3R1,0.9819952832010068,-0.0052392589175439
PIK3R1,1.094656327482676,-0.1155563736108398
PIK3R1,0.612317575998833,-0.648303068896807
PIK3R1,1.2256023766435769,0.4651599098284601
PIK3R1,1.201224662107366,-0.1935241586758411
PIK3R1,1.3762008119212188,-0.183251235859729
PIK3R1,0.9749316609419728,-0.5527588363314858
PIK3R1,1.2017618256155354,0.0131573641386181
PIK3R1,0.7179837015931813,0.0753659890077898
PIK3R1,0.8200677453396175,0.0422799633448801
PIK3R1,1.0744251643841611,0.2096507619058803
PIK3R1,1.2113090523758607,0.0912852578452591
PIK3R1,0.908932459215822,-0.2293751661880908
PIK3R1,1.2482751724146866,0.428416203504623
PIK3R1,1.1118645143913706,0.0411124235464955
PIK3R1,1.131002407254431,-0.0485890874851578
PIK3R1,1.0773835927835351,0.0855808066525528
PIK3R1,1.058633343505301,0.0275880445835625
PIK3R1,0.9558432809763158,-0.3066963994745704
PIK3R1,1.029222570256346,-0.0525065401968541
PIK3R1,1.0279150209381451,0.2079050670225458
PIK3R1,1.2012130054070962,-0.1033575353382237
PIK3R1,1.0975936194893676,0.0864276168596998
PIK3R1,1.1847363179880162,-0.145127305907517
PIK3R1,1.0288823334071573,0.1662621453864657
PIK3R1,0.9947073210282934,0.0881641312578282
PIK3R1,1.1298404050639437,-0.6663869329555704
PIK3R1,0.7014333835512121,-0.0471029937865141
PIK3R1,1.0311098218358443,0.0439667393304687
PIK3R1,1.3096215800810544,6.264644993217092e-05
PIK3R1,0.9502815997563692,-0.0493785718088653
PIK3R1,1.0461204698464064,1.3071258898866085
PIK3R1,0.9325163979803456,-0.0869566996468778
PIK3R1,0.4398175261649265,0.0089732016089799
PIK3R1,0.9392505755314274,-0.2013257021344446
PIK3R1,1.0127969743856478,-0.0783457850641517
PIK3R1,1.102148789408783,0.1102615887176823
PIK3R1,1.247433119762249,-0.0767414050363385
PIK3R1,1.0267592894912292,-0.7775249917006007
CRKL,1.0132210816478506,-0.4773213018161235
CRKL,1.0580882788568204,-1.7405213735725815
CRKL,1.0013338107636112,-1.3517570093320357
CRKL,1.0270141080258812,-0.9999438984561216
CRKL,3.0956062982294346,-1.6463016562630255
CRKL,0.905681692335244,-0.7086956161403871
CRKL,1.1511413543343931,-0.9574127451022344
CRKL,1.0181273297288056,-1.7489888367539916
CRKL,1.0135357659833155,-0.2879436330762333
CRKL,1.1621449323342867,-1.6821220660370595
CRKL,1.0647531514686646,-0.4623284033250139
CRKL,1.3125150813077353,-1.2542353892386304
CRKL,2.335555746640897,-1.026834553110605
CRKL,0.9991353263645432,-0.9119122402106248
CRKL,0.7357487034823272,-1.0554975017222683
CRKL,1.191955189519141,-0.2918855497917458
CRKL,0.5375534064199123,-1.4176254638507375
CRKL,0.8055762189833222,-1.48023833485586
CRKL,1.0478542057417568,-0.4794179749888408
CRKL,1.0462756560629778,-0.048737246646748
CRKL,0.8089643323444063,-1.102445413624964
CRKL,0.9134255183919636,-1.48872359777811
CRKL,0.5409581902512295,-0.3324728068399949
CRKL,0.7648771741426101,-0.8380397701871485
CRKL,1.000549123280021,-0.0343022100242733
CRKL,1.014051553803486,-0.7937346086055044
CRKL,0.617965841733437,-0.6179022233072637
CRKL,1.293203215691141,-1.425867865198113
CRKL,1.2109455534357807,-2.725781961509601
CRKL,1.047954442307702,-0.3300238329278587
CRKL,0.7129451533659895,-0.497379130282204
CRKL,0.9132799081849154,-0.6842279436444115
CRKL,0.6810360155064703,-0.3555847683383197
CRKL,0.9813304964099638,-0.5416376232978031
CRKL,1.2880333960098205,-2.8130198713690526
CRKL,1.012388482678592,-1.388598620178913
CRKL,1.0293674011983232,-0.8510806349563222
CRKL,0.9866976650666056,-0.3396241500374471
CRKL,1.0306789412371051,-0.3981822748446845
CRKL,1.0316288325030347,-1.578110766201698
CRKL,1.0406594269431713,-1.0644616052070492
CRKL,0.8356993970024136,-0.580265819585968
CRKL,1.201701851268984,-1.1892328406090915
CRKL,0.9801741470369434,-0.954658787881812
CRKL,0.7022346065620053,-0.2553509094789439
CRKL,0.7753158157368392,-1.431743894114015
CRKL,1.0111562861233323,-0.3119336335989998
CRKL,1.0624294182462402,-0.2047573936185409
CRKL,0.8490697621697695,-0.2821589456537168
CRKL,0.8323273791277479,-0.9342546122785258
CRKL,0.3690732291181766,-0.4370240493430085
CRKL,0.9731141812470384,-0.2831583239535972
CRKL,1.0929390890988266,-0.4868197910462187
CRKL,0.8644707169452583,-1.0993185491597224
CRKL,1.252381411054068,-2.103277453465433
CRKL,1.064140024601842,-1.008214609855122
CRKL,0.9770348988105796,-1.8092669894231104
CRKL,0.9167587271797718,-0.924968491836832
CRKL,1.1156148164502686,-0.8673624499118008
CRKL,0.6535425167917592,-0.3266739718947302
CRKL,1.6375943160370727,-2.4501889699080763
CRKL,1.0905470392563643,-0.5192182922221811
CRKL,0.9421541304293268,-0.2507715207219105
CRKL,0.8827488857154355,-0.762684200938886
CRKL,1.1919023138677152,-0.3849740027315317
CRKL,0.8832207673437471,-1.8538802573846744
CRKL,0.6556878196156392,-0.6538872784526195
CRKL,0.5355877987322241,-0.2755059103973908
CRKL,0.6007709671552097,-0.5580250854812729
CRKL,0.9630642803424646,-1.1178869222731576
CRKL,0.991216425661228,-0.8349667216477826
CRKL,0.7381254811248383,-1.1728475532956666
CRKL,0.8532704551098512,-0.7373076546234116
CRKL,0.6922005533898035,-0.4756583049334211
CRKL,0.9677947378211234,-0.3458554768900387
CRKL,1.3892882873295571,-1.244422725860019
CRKL,1.0783608310193609,-0.6322846657952923
CRKL,1.045657223669487,-1.0215599241520104
CRKL,0.9637374011201956,-2.490705804400804
CRKL,0.9936571104758408,-1.2643339974906758
CRKL,0.806125296398654,-0.966305488556536
CRKL,0.9882459207094276,-0.1435465307196444
CRKL,1.004126477960492,-1.6699106126025252
CRKL,0.6834624584106801,-0.6655296191064662
CRKL,0.9736647381945884,-0.2569192770807258
CRKL,0.8436029235570556,-0.9650087725558832
CRKL,1.0274434565223671,-0.6040593948895191
CRKL,0.743343530287642,-0.3688681438391002
CRKL,0.985685289333636,-0.9532295608672088
CRKL,0.9154316008615344,-1.9708030346454417
CRKL,0.9944260535433382,-1.4672990636944792
CRKL,1.0812701362619477,-3.104096361646878
CRKL,2.150900816556724,-0.8347047347380591
CRKL,1.1913390033613311,-0.94081392890148
CRKL,0.9279127096266366,-0.4936097852882266
CRKL,1.002645770942903,-0.5956002031105203
CRKL,0.6041099274684479,-0.7449650100552658
CRKL,0.9567169077935,-0.2224965005962643
CRKL,1.328049572872528,-0.6838494456986455
CRKL,1.1953192585724834,-1.709071440251804
CRKL,1.0121120371453207,-1.922294579926918
CRKL,0.973139813015944,-0.6718244968804586
CRKL,15.5261475713108,-2.0983360203659744
CRKL,0.8029349404014466,-2.107983138498935
CRKL,1.001796169233411,-1.418377168016593
CRKL,1.429851181963845,-0.2331918701777687
CRKL,1.0808894677781815,-1.5976193825446467
CRKL,1.0168578400838435,-1.995157468056498
CRKL,0.6120328522355803,-2.174971612577435
CRKL,0.8899875132763994,-1.9444888384410368
CRKL,1.0506535331349482,-1.1763536326906507
CRKL,1.038777737189027,-2.4171834740582447
CRKL,0.9432839333085314,-0.2539884155709463
CRKL,0.4825452029966202,-1.4201719117904417
CRKL,0.6910322754423602,-0.4621045457414041
CRKL,1.1699225295903983,-0.5253284878495039
CRKL,1.2208779646472014,-1.7690294855099054
CRKL,1.6115478215556265,-1.2785443530328902
CRKL,0.870076404612494,-1.9283686829001616
CRKL,0.9348741034514002,-0.7120092085671935
CRKL,1.0423747194592266,-0.8235990739904235
CRKL,0.6769001773613844,-0.3441933793326852
CRKL,0.7657184900167476,-1.44499482474661
CRKL,0.7157928311619103,-0.9013324569072396
CRKL,0.6946229584001337,-0.5765575567547025
CRKL,1.813363309862085,-1.9907001683008927
CRKL,4.127236184148783,-1.108735805743309
CRKL,1.3045524957603738,-1.1064856541431254
CRKL,1.018033474347358,-0.6658252707826802
CRKL,0.99222416588858,-0.3115021801510157
CRKL,1.0041188219078712,-0.5607487381586894
CRKL,0.958895164570704,-1.5553770143214014
CRKL,0.995437056903794,-0.3836435407874448
CRKL,0.8876605582578496,-0.6177927837496215
CRKL,1.2237068594769704,-1.177856341327883
CRKL,0.9644577870150614,-0.5894713040782792
CRKL,1.0204312597144858,-0.6053890403733191
CRKL,0.94369266846192,-1.1752115485353667
CRKL,1.151067151060361,-1.0583150615836727
CRKL,1.1007371482006054,-0.3017287604145281
CRKL,0.6397313104016852,-1.091452615284432
CRKL,0.8070153388393345,-1.111245557280046
CRKL,0.9964559950039622,-1.718634796827449
CRKL,1.0094167978190387,-1.2568676574342388
CRKL,0.953763845250468,-0.1641690769932605
CRKL,0.9940063684079958,-0.8485951189524262
CRKL,0.7497585633455194,-1.1581129641140633
CRKL,1.4719003480135255,-0.526757025433654
CRKL,1.2298658846190915,-0.58641865158339
CRKL,2.2334407770832723,-1.5013187962158712
CRKL,0.9794691783407384,-0.2712369751526849
CRKL,1.3158745909607918,-0.5459660710515107
CRKL,0.912277727224268,-1.509168771755539
CRKL,1.6443597913545436,-1.0415783610979463
CRKL,1.0245127935211562,-0.2000386015579464
CRKL,1.0685556166690278,-1.038868105253155
CRKL,0.9825426921982572,-1.362998429832926
CRKL,1.0121225603391009,-1.2965102625035148
CRKL,0.996367590520842,-1.1977995444031193
CRKL,0.8701542068306912,-0.6215183454594462
CRKL,0.905382922766993,-0.9990484883700804
CRKL,1.0130209426861538,-0.3098069310916846
CRKL,0.7324900157304672,-0.2283220726392748
CRKL,0.5700597316897587,0.0910522435833158
CRKL,0.7476443205145448,-0.332226599460637
CRKL,1.296402762495185,-2.9053746448736053
CRKL,1.0347476700189098,-1.9819644256966469
CRKL,0.9595567248797916,-0.150110239342988
CRKL,0.9311529063594512,-0.4677720550927792
CRKL,1.1512754110841532,-2.757278028859478
CRKL,0.96522755042404,-0.4089094190952846
CRKL,1.0275930230099857,-0.6493885975986833
CRKL,2.123448324223751,-1.6403042333475606
CRKL,0.5440016754890289,-0.1226580965919076
CRKL,1.058422033446953,-0.3120890524826687
CRKL,0.9618721154005,-2.243775796374771
CRKL,1.7329751894974768,-1.6834477788266358
CRKL,0.9956972150089252,-0.5877401375637308
CRKL,0.991978666878877,-0.2876955725294909
CRKL,0.9911264250353498,-0.0565984936473529
CRKL,0.892861928236107,-0.3074852140380089
CRKL,0.6846264804108753,-1.537394375839073
CRKL,1.2030611711393129,-0.8828982450922662
CRKL,0.9939057805618898,-0.3668719332336333
CRKL,1.4695933466454325,-1.488624669140155
CRKL,0.9829725266567448,-0.3014405873267644
CRKL,1.123689934293783,-2.1811261053011535
CRKL,0.9341376116254008,-0.1581221743589468
CRKL,1.0012373394436946,-0.0279273342671643
CRKL,0.6766098101508266,-0.4537740299427415
CRKL,0.8924646926321859,-1.0988536854246844
CRKL,1.0824362049526617,-1.0274432383807397
CRKL,1.1350745069775918,-1.33350259369444
CRKL,1.0738488942666429,-1.291308336740819
CRKL,1.0272269797921418,-1.3954065282673562
CRKL,0.9087944944378188,-1.5640011849488422
CRKL,1.3563316601786148,-2.0920032904052093
CRKL,0.9911085632876364,-0.57346687716363
CRKL,0.9925082503482462,-0.3067586272764191
CRKL,1.0581777587708423,-0.1592626586099221
CRKL,0.6716753550606084,-1.5800330597659404
CRKL,1.164632674365007,-0.3174973432422635
CRKL,1.01907978056341,-0.7276488719431438
CRKL,1.118624629066643,-0.8233208510771161
CRKL,1.01124670370228,-0.6575576182489891
CRKL,0.6459525064412278,-1.657013417341664
CRKL,1.010256056132082,-1.5710008327735945
CRKL,1.0706767655141385,-1.036546469521776
CRKL,1.1468899786405895,-0.548067642978465
CRKL,1.0648572188749663,-1.34365503889671
CRKL,0.8778437024321626,-0.2272946984058604
CRKL,0.7457562145410979,-1.3483717886117663
CRKL,1.047507809710739,-0.4359139095951327
CRKL,0.7205802423282632,-0.3013716198001045
CRKL,0.985427747167942,-2.607423220805881
CRKL,0.9150078337153956,-0.2362296638822879
CRKL,0.9775985158293596,-0.1913680983791765
CRKL,0.5884778422058948,-2.3894410920853915
CRKL,1.0652167356046218,-2.031182696955784
CRKL,1.009549044944357,-0.2712707522358774
CRKL,0.8973041570156929,-0.8108362297201561
CRKL,2.492715096126518,-2.146216475350043
CRKL,1.105936076734487,-0.8458235727881515
CRKL,0.8554853178600375,-0.0533234311991173
CRKL,1.0610267285881787,-1.1233241447830815
CRKL,0.7396132624916826,-0.7164069382111872
CRKL,0.9430760368192976,-0.682463249232259
CRKL,0.9564735643010877,-0.7856359079830773
CRKL,1.0171701286678956,-0.89614495946626
CRKL,0.7248633743835577,-0.7851400675903653
CRKL,0.9195111665787822,-0.5547745752771049
CRKL,0.9483345482128412,-1.4069894026632572
CRKL,6.689456497164271,-2.6182476865190334
CRKL,0.7769975743973689,-1.1011191673837524
CRKL,0.962266894007656,-0.6313681408704184
CRKL,1.0244517234601198,-0.7844846484196459
CRKL,1.137634403777315,-1.7354751806818047
CRKL,0.9184785917793924,-0.3701108385248827
CRKL,1.095521653382296,-1.7143475807187123
CRKL,0.92917033497766,-1.6766728328529514
CRKL,1.069744306109839,-0.3202402756242315
CRKL,0.9325215689635794,-1.3338392025532646
CRKL,1.1954253153955106,-1.865912114777916
CRKL,1.0705476415358146,-0.2088312454149606
CRKL,0.8412905243059075,0.0111900591301703
CRKL,1.0057111439892976,-1.3262581333372068
CRKL,0.8131198953843262,-0.8066729268260013
CRKL,1.0147181096303317,-0.4600879186321331
CRKL,1.0624566661340091,-0.2238208624288704
CRKL,0.9638082129789778,-0.9628985463519376
CRKL,0.9239194603342366,-0.2112812301671212
CRKL,0.8401774673867329,-1.358224910947528
CRKL,1.112980256118417,-0.7444830785828302
CRKL,1.3240457750387635,-1.8675791354136235
CRKL,1.129608617718232,-0.926211540248642
CRKL,0.5954870337405894,-0.0641642831347847
CRKL,1.486313038692712,-0.9000782384836319
CRKL,0.9096894330406984,-1.2851275669535331
CRKL,0.7558154946042629,-0.2583236117382483
CRKL,0.693214626445553,-0.6972250817394297
CRKL,1.159824082736958,-0.578445276216309
CRKL,1.4664023469508372,-1.0435580965911404
CRKL,1.0359518862133137,-1.3647362608014382
CRKL,0.9578243382943286,-0.2026396434695094
CRKL,0.8687831334169901,-0.81436085492581
CRKL,0.6783388374473417,-0.8476792136161364
CRKL,1.5198595388440506,-1.6868551330790615
CRKL,0.9426904382786262,-1.4382276833606422
CRKL,0.7096880898431651,-0.6936666448431331
CRKL,3.45306896761764,-1.5512571308208445
CRKL,1.1886277763870767,-0.6467511682114696
CRKL,3.3771985504649344,-0.7391197580062848
CRKL,1.2324276881981522,-1.542940521114347
CRKL,1.006566158997693,-0.7386445286246961
CRKL,0.9878781442284168,-0.9853641615339072
CRKL,0.7510969266318235,-0.0863078262256639
CRKL,1.7873349208422,-1.5586769756391088
CRKL,1.3474726588528678,-1.4879536508323763
CRKL,0.9775646354337172,-0.5702466146010339
CRKL,1.0351888619935927,-0.7895528093618878
CRKL,0.5866134276322039,-0.8629220205936605
CRKL,1.08233642130091,-0.8512736999640282
CRKL,1.0670198387739955,-0.2269176866461982
CRKL,1.7323590799209216,-0.2459446409675635
CRKL,0.5377445860693533,-0.3709407625251429
CRKL,20.798160078053773,-2.2253667106280792
CRKL,1.006504065746913,-1.9569367771258253
CRKL,0.7326276216926841,-1.0549361200732652
CRKL,1.1553524299291489,-0.7852837906312918
CRKL,0.9830052317433084,-0.3022605737621875
CRKL,0.8481303992745496,-0.2794218886351672
CRKL,0.962440994820155,-0.5202539160558738
CRKL,0.997398542565845,-0.6395446475721984
CRKL,0.9783401128739944,-1.2186789718322546
CRKL,1.2067618553219694,-1.912379859710523
CRKL,0.9754379449315148,-1.2071695974884395
CRKL,1.0145654943759783,-0.6499283350252198
CRKL,1.0160321122530878,-0.7297638675421549
CRKL,1.1330213133031148,-0.8843150102473266
CRKL,1.0410353078169126,-0.5157995260816428
EP300,1.020279199599387,-0.9893378488340964
EP300,1.0580882788568204,-0.6328089358788074
EP300,1.0013338107636112,-0.6545626512858775
EP300,0.7680584442812419,0.4149444012770972
EP300,0.6876417283306735,-0.1742939407886953
EP300,0.905681692335244,-0.3350785285971485
EP300,1.1524147251676016,-0.1621889460902033
EP300,0.7376201641315703,0.3533912261293037
EP300,1.0091362673704725,-1.102829097507976
EP300,1.1360804492460492,-0.6263391560221963
EP300,1.0647531514686646,-0.0882245814398702
EP300,1.3033052316860292,-1.0901117366188466
EP300,0.8097230680366587,0.2436524250435335
EP300,0.9991353263645432,-0.5375679449647097
EP300,1.4759378781410573,-0.278617728575927
EP300,1.1677674471231256,-0.3295058424115825
EP300,0.5355532744159462,0.0970404935959197
EP300,0.7573825042203275,-0.0785421305027999
EP300,1.0478542057417568,-0.3257916779791665
EP300,1.0486352876881435,-1.9323112499809936
EP300,0.8015380979850207,-1.0076015416981126
EP300,0.9134255183919636,0.4695786850349903
EP300,0.5303240203122406,-0.6582325174702168
EP300,0.5150852026230083,0.0309379107905503
EP300,1.000549123280021,-1.079664559583026
EP300,1.014051553803486,-0.4082113171718661
EP300,0.5907693975114067,0.3469679414563103
EP300,1.3013806429418038,-0.1791739997974129
EP300,1.2109455534357807,0.2498645415833255
EP300,0.5174258369738545,-0.8082934392222271
EP300,0.7012330991631148,-0.2349879680773667
EP300,0.9132799081849154,-0.6816801121176934
EP300,0.9463265453810816,-0.5892922506265603
EP300,0.9813304964099638,-0.0293789752375851
EP300,1.2880333960098205,0.335452889817781
EP300,1.012388482678592,0.3933558458378423
EP300,1.0293674011983232,-0.2303411956254156
EP300,0.9991000070492668,-0.63624710311186
EP300,0.9750972389282344,0.0201679718859686
EP300,1.0751306597364902,0.3240637071342793
EP300,0.7873107051754525,-0.3421426949117043
EP300,0.8483755803310168,-1.0603520139412117
EP300,1.1933216814403718,-0.4548537129915506
EP300,0.9884911810932084,-0.0414389996292101
EP300,0.6512996273077469,-0.1902334967725688
EP300,0.7665362900612418,-0.1905787349635307
EP300,0.9864788327913048,-0.846919627390126
EP300,1.0624294182462402,-1.114575685066645
EP300,0.801036562722765,-0.7127454158222335
EP300,1.2103279394558295,-1.1402565440011745
EP300,0.9907057328488652,-0.0229259286212611
EP300,0.9731141812470384,-0.4678968702257908
EP300,1.117057151750466,-0.346989885123709
EP300,0.8644707169452583,-0.5399361978377315
EP300,1.4191469642692256,-0.1600682291946097
EP300,0.7043932551695211,-0.19150594109617
EP300,0.9770348988105796,0.6805554038492196
EP300,0.8026411346649098,-0.0038145403384042
EP300,1.1156148164502686,0.0725674385366985
EP300,0.6559887598198195,-0.1850712717149588
EP300,1.614244375139571,-0.4321460415641603
EP300,1.0731903595014476,-0.3768917876324534
EP300,0.9341881175891396,-1.009523983799183
EP300,0.6005423945847966,-0.1817182531582568
EP300,1.1071241413813406,-0.0204208221276894
EP300,0.8832207673437471,-0.1207338757897699
EP300,0.6556878196156392,-0.0370148602099166
EP300,0.5293291463078379,-0.0260716522126991
EP300,0.9034683706161508,-0.1849173916696373
EP300,0.9636258495956572,-0.0869136363886247
EP300,0.991216425661228,-0.0533918898810991
EP300,0.7353627482693881,-0.0752396142472196
EP300,0.8598321736729478,0.3008820614408762
EP300,0.6826566282283173,-0.4860590143552407
EP300,0.9677947378211234,-1.0181491930148536
EP300,0.969048649021554,-0.4593421262277788
EP300,1.080743380631262,-0.3757673909193414
EP300,0.8573855452914183,0.2532200055064532
EP300,0.9497120079941154,-0.6545810886225112
EP300,0.9983329857507548,-0.3399770102180787
EP300,0.7927467703968434,-0.7927452099718872
EP300,0.9882459207094276,-1.146838985169222
EP300,0.9876679498937108,-0.3860832953933429
EP300,0.6669479130141102,-1.0086695452035617
EP300,0.9744850785369136,-0.6863534056408652
EP300,0.8357984567914069,-0.3164546707678726
EP300,1.0492562086848929,0.0589268628851686
EP300,0.7475821357944312,-0.1316515320187515
EP300,0.9925488404816504,-1.161747969778175
EP300,0.8138235871840772,0.0759965736340382
EP300,0.8849850566542494,0.2616498004260205
EP300,1.0812701362619477,0.3340615832076917
EP300,1.279948710154463,-1.0731531783532309
EP300,1.1487596653441667,-0.7764270166821885
EP300,0.9293932036238564,-1.0196232777804506
EP300,0.9965002001869204,-0.3725158869038646
EP300,1.0070002210251754,0.0914153846809527
EP300,0.9567169077935,-0.5341536590410829
EP300,1.344723911503112,-0.7868061796296221
EP300,1.1667496220791154,-0.2089063864557178
EP300,1.0121120371453207,-0.1287519976046642
EP300,0.973355011595312,0.2150453881287218
EP300,1.0169255062210518,0.2735566849501818
EP300,0.7972621036173881,0.438795903197785
EP300,1.001796169233411,-0.6083146134198193
EP300,1.3884305359258615,-1.565318989198862
EP300,1.092268090223404,-0.2076366485768288
EP300,1.0168578400838435,-0.4350147443253902
EP300,0.6154574398767816,-0.0367076949051407
EP300,0.8899875132763994,-0.2949330352563243
EP300,1.0506535331349482,-0.2686802174618564
EP300,1.0126341194511537,-0.5381643267858764
EP300,0.9571162047635416,-1.225142301542584
EP300,3.1529187662229816,-0.414746178747593
EP300,0.7103357496708687,0.3535658461701242
EP300,1.2285137457507207,-0.2469154234682756
EP300,0.9244812725491802,-0.2195775163683307
EP300,0.7132166804668143,-0.2419862595637896
EP300,0.851279621640591,0.1523857671118175
EP300,0.9116658247632332,-1.0168684772595584
EP300,1.0423747194592266,-0.0124184988123721
EP300,0.6548275838252346,-0.0085321788853361
EP300,0.7619667768231545,0.8361478592425342
EP300,0.7157928311619103,-0.3788246063502789
EP300,0.7321418002800858,-0.2496641245607895
EP300,0.7324717379165031,0.1773691533472479
EP300,0.8721553266416495,-0.6810004756807765
EP300,0.7031644310555099,-1.2728863825146923
EP300,0.9997414895212446,0.0938908715009989
EP300,0.9882219460046664,0.9159500715863222
EP300,1.0041188219078712,-0.6163078330792303
EP300,0.958895164570704,-0.0439080222588023
EP300,0.995437056903794,0.3380274094554586
EP300,0.8825023345674154,-0.5499399146455368
EP300,0.6579062849892945,-0.3366866165239452
EP300,0.9651940987659576,-0.2229395622162248
EP300,1.0223208148794949,-1.2750071084828452
EP300,0.957684926660709,0.2799809461061848
EP300,1.1207084400539595,-0.1771713339743858
EP300,1.1216946531000611,-0.6575290088604977
EP300,0.6870747642505822,-0.5406401882664911
EP300,0.8422439118537436,-0.3441422035904427
EP300,1.0115986382146394,-0.4293290803142628
EP300,0.9968159098236904,-1.0472824979052957
EP300,0.953763845250468,-0.8274868731264311
EP300,0.9940063684079958,-0.3046208673412523
EP300,0.7728733898541824,-0.251611236936171
EP300,0.9764952963714518,-0.1521307024706936
EP300,1.059611201421717,-1.192999936070139
EP300,0.9356371169511016,-0.5419387924515725
EP300,1.0896629835430731,-0.891080722590037
EP300,1.3158745909607918,-0.5459260477860028
EP300,0.9288663922515212,0.1242350536392275
EP300,0.8991539155912116,-0.5231246870922757
EP300,1.0103940160100575,-1.7685478649231108
EP300,0.6906391389275616,-0.8646078784067197
EP300,0.9990653814816364,0.4712377574233451
EP300,0.9729206157432192,-0.122672315767069
EP300,0.996367590520842,0.0109718290422305
EP300,0.8701542068306912,-0.9097488374304076
EP300,0.905382922766993,0.8232686501686253
EP300,1.000998630239467,-1.2082569252905755
EP300,0.7749816200257644,0.211553123559287
EP300,1.083362455930464,-1.105477945334478
EP300,0.7562389173992184,-0.8092814625175944
EP300,1.3215426631279528,-0.1101529585933029
EP300,1.0347476700189098,-0.6495706401716296
EP300,1.1055295869191686,-1.2941821265827598
EP300,0.9311529063594512,-0.0780899613659555
EP300,1.0062982784278216,0.4824283902348383
EP300,0.96522755042404,-0.584739386722195
EP300,1.0275930230099857,-0.1957690042127712
EP300,1.0705173660662124,-0.3869459807714757
EP300,0.5440016754890289,-0.3509412101919909
EP300,1.072068433130593,-1.2687704254843883
EP300,0.6607250739928598,-0.7209804393180883
EP300,0.6063383589286234,-0.4726386376702977
EP300,0.9833636962889584,-0.4092571076300038
EP300,0.991978666878877,-1.3279948016383634
EP300,0.9971033823651128,-0.3141989599835623
EP300,0.8904638816027233,-0.5906604466756278
EP300,0.6846264804108753,0.2628600247699048
EP300,0.6030272072890437,-0.6283052287727213
EP300,0.9939057805618898,-0.8606059579954328
EP300,1.1799518589209517,-0.6985043056620873
EP300,0.9784811748502285,-0.9357935241014792
EP300,1.123689934293783,0.1268183459724668
EP300,0.942091439573142,-0.092658005448778
EP300,1.0012373394436946,-0.7839910836439934
EP300,0.6656464426430863,0.051669097150242
EP300,0.9534888678295104,-1.1003087660401898
EP300,1.0824362049526617,-0.532125897729462
EP300,1.0607825880491009,-0.6672800890631396
EP300,1.0738488942666429,-0.7691491643689508
EP300,0.9923225200687138,-1.202122406192428
EP300,0.9377114799145484,-0.1119764878306948
EP300,1.3305244298264094,-1.263947381275534
EP300,1.4752546441540402,-0.6165425304091521
EP300,0.9925082503482462,-1.5191800925529926
EP300,1.04669999755785,-0.1649085488061535
EP300,0.6669747265508907,-0.1175035506050786
EP300,1.1960071381306248,-0.2901479317383754
EP300,0.6962121998513967,0.2256858799795675
EP300,1.123725763460432,-0.6635716725915852
EP300,1.01124670370228,-0.791559187626774
EP300,0.6459525064412278,0.1465705807591565
EP300,1.0410013936069844,-0.5376210300214584
EP300,1.0944772752524918,-1.34610578400845
EP300,1.1468899786405895,-0.2807103960995344
EP300,1.0707294585080025,-0.0411270017557129
EP300,0.8736467718202273,-0.02265804513922
EP300,0.7677726107392774,-0.1383248082002154
EP300,1.1193785441146582,-1.515417763043119
EP300,0.7345206725153707,-0.7711638957339735
EP300,1.0017482573180416,-0.7834099471750622
EP300,0.9697797270087096,0.4999781919353659
EP300,0.9667622197395748,-1.1923605166052431
EP300,0.5802244518252541,-0.2872778236166627
EP300,0.7135750115551769,-0.3544749439454349
EP300,1.001825334129924,0.025719456115124
EP300,0.7125351053140665,0.2037402648985427
EP300,1.1451415978745736,-0.1226984541205289
EP300,1.0837424929659505,0.1575256630564754
EP300,0.8554853178600375,-0.0621518709107216
EP300,1.0610267285881787,-0.5234242268673621
EP300,0.8950883523436294,-0.6146817400103313
EP300,0.9360088008712716,0.1921110324291869
EP300,0.9644290414620276,-0.3784066832497416
EP300,1.0171701286678956,0.0491182885883519
EP300,1.0426522037199617,-0.1828499136162095
EP300,0.9195111665787822,0.287132118062721
EP300,0.9124276047626432,-0.2300918724306647
EP300,0.7069715185016202,-0.2285803062412601
EP300,0.7482856429004026,-0.4599861997828527
EP300,0.962266894007656,-1.3114364160586591
EP300,1.0244517234601198,-0.2216492622700775
EP300,1.137634403777315,-0.2134871149728663
EP300,0.6755577459706303,-0.7012429790384432
EP300,1.0709172447688489,-0.6694168574575454
EP300,0.9368772870499156,-0.7140669351197316
EP300,1.069744306109839,-0.433908617543063
EP300,0.9325215689635794,-1.0312727170683846
EP300,0.8038732785340373,-0.3483318543163025
EP300,0.5225116104447988,-0.0025755326575698
EP300,0.8934531588141192,-0.7123316863046569
EP300,1.0057111439892976,-0.3357459842243878
EP300,0.7948452986558312,-0.227492012835644
EP300,1.000559526251159,-1.0596114940091312
EP300,0.9674419486117142,-2.3055701147176593
EP300,0.9638082129789778,-0.1917646567029097
EP300,0.9239194603342366,-0.2912804247329135
EP300,0.8204509550799416,-0.1046800455771423
EP300,1.112980256118417,-0.3039027606415146
EP300,0.6590176456438185,-0.5424830232083225
EP300,1.129608617718232,-0.3104249082052123
EP300,0.564499418512468,-0.288835437542252
EP300,1.428174238346457,-0.2489585211196273
EP300,0.9096894330406984,-0.261575628223852
EP300,0.7525430394627317,-0.7654350275405685
EP300,0.6774826944535783,-0.1686828048847783
EP300,1.159824082736958,-0.400071478302229
EP300,0.7514322812169445,-0.2278183761932091
EP300,1.0382695232924393,-0.4851399200535062
EP300,0.9167498309407588,-0.0947058563206333
EP300,0.8687831334169901,0.4539290157344456
EP300,0.6783388374473417,0.1722680514425276
EP300,1.5583507625000046,-0.5107610476346006
EP300,0.7957427430164438,0.2364950617276466
EP300,0.7359506841287277,-0.236363936314128
EP300,0.9146470250996924,-0.2913370044448717
EP300,1.556833867406085,-0.5468148612745394
EP300,0.6771380992297313,-0.0183553437114353
EP300,0.8865045863076955,0.1306887440488912
EP300,1.006566158997693,-0.2693494964540158
EP300,0.9564656086107218,-0.7825226129846642
EP300,0.7451449502305157,-0.2187792962734402
EP300,0.7243616135595193,-0.4504160861222038
EP300,0.666167095155061,-0.1342225372811332
EP300,0.9775646354337172,-0.1019635994137794
EP300,1.0351888619935927,-1.1182761370752774
EP300,1.00648313630086,0.500891241715018
EP300,1.08233642130091,0.0704821572314635
EP300,1.054896165511639,0.0615510580461213
EP300,0.913152676532165,-0.9012020471716908
EP300,1.925270955894269,-0.4107506098176935
EP300,0.5626232198431385,-0.4797623253218964
EP300,1.0029675988261058,-0.4732723691348053
EP300,0.7326276216926841,-0.3598679675598484
EP300,0.6476462855507192,-0.4740281841494258
EP300,0.9832444207628396,0.6848100396756525
EP300,0.8350254071738468,-0.2781654754950192
EP300,0.95549352382284,-0.5500725874112946
EP300,0.9904746797505408,-0.0870261349677846
EP300,0.948105165897716,0.0003626689886552
EP300,0.7311072685466161,0.4808181314559805
EP300,0.9754379449315148,-0.4794045619831045
EP300,1.0145654943759783,-1.355439711282062
EP300,0.9934250286224856,-0.3429068755884926
EP300,1.1615095370225037,-0.3601498429185002
EP300,1.0410353078169126,-0.5278219410264624
CREBBP,1.376150255635091,-0.6305776264338899
CREBBP,1.0334424136980365,-0.5396399979367171
CREBBP,0.9945115283848736,-0.4423397872377013
CREBBP,1.1411275037523432,0.1688754829964513
CREBBP,0.7073827777031287,-0.005730786912658
CREBBP,0.9068350130744468,-1.0674419285009584
CREBBP,1.2002533810520757,0.1339397961858524
CREBBP,1.4452238817080474,-0.1026505186632712
CREBBP,1.0366924780182398,-0.2937086407358767
CREBBP,0.8264617752677842,-0.0523296050486356
CREBBP,1.077184966178876,0.1501558250137309
CREBBP,1.312557841012261,-0.7292969119716195
CREBBP,1.0842571823866618,-0.0729252535946664
CREBBP,1.0323105199267784,-0.1517786209515907
CREBBP,1.0552098962267795,0.3445542122662439
CREBBP,0.1904318900277228,0.0303185709475117
CREBBP,0.8383211890751776,-0.1920777928505704
CREBBP,0.526235495343034,-0.9156359739525703
CREBBP,1.0308647051481945,0.2029836232715028
CREBBP,0.9659477111046374,-0.0898991375935875
CREBBP,1.0576760503604212,0.1202615875385485
CREBBP,1.22925310559537,-0.3455255375323525
CREBBP,1.049806183241888,-0.7478684914472672
CREBBP,0.9893144127234816,-1.0592628429430728
CREBBP,0.9867523807200004,-0.3406499597622782
CREBBP,1.0113525516045103,-0.1751803120624056
CREBBP,0.949472420586956,0.1763425393381148
CREBBP,1.306211033694621,0.2083552232860697
CREBBP,1.1608841450317522,-0.0413984302669155
CREBBP,1.0172364668396172,-0.1234615495886311
CREBBP,0.6889528043381198,0.1764048440851187
CREBBP,0.8411097708983178,-0.1206913670604816
CREBBP,0.9561302038842298,0.3192836552783655
CREBBP,0.9766618168886366,0.2173825045033972
CREBBP,0.9902824658788228,1.3141051886645114
CREBBP,0.9600829743368864,0.3739736810628579
CREBBP,1.0982009009774836,0.0472191216198657
CREBBP,1.0339783657407584,-0.2190960618604038
CREBBP,0.9932866317223212,-0.1332507658397406
CREBBP,1.1030269191185822,0.2032643583593861
CREBBP,0.7950519298011588,-0.0909437205197465
CREBBP,0.8532615835258178,-1.1137471775240768
CREBBP,0.8964425290744978,-0.0520740812448177
CREBBP,1.0164935071494827,-0.2258383720890939
CREBBP,0.5403551099196113,-1.4627319596843609
CREBBP,0.766243056160517,-0.6954204183084232
CREBBP,0.5106780657605683,0.0577271252690289
CREBBP,0.5654361394267368,0.0671360145144703
CREBBP,1.634293389088463,-0.6975385262517979
CREBBP,0.8413179322456347,-0.1382005544945382
CREBBP,1.0473974518074984,0.1014990624286075
CREBBP,0.9559598951425268,0.2599286122079538
CREBBP,0.7741601759026302,0.1493148125988878
CREBBP,0.5964573723790018,0.2314388550958676
CREBBP,0.740070184388514,0.1517125812448728
CREBBP,1.0326726482500803,-0.2604765077359819
CREBBP,0.931668327673541,0.1741056117101233
CREBBP,1.320062282787923,-0.4766211806797359
CREBBP,0.7555237434298049,-0.021653260550869
CREBBP,1.014974864492103,-0.3162310266595923
CREBBP,1.1157408690691673,-0.0344776589739969
CREBBP,0.8244066229123357,0.0483695109807201
CREBBP,0.9412200770800068,-0.0356701028793499
CREBBP,1.169773328260575,0.2298870566333402
CREBBP,0.7270104466693573,0.1735760584420517
CREBBP,0.8837431300461366,-0.3159450115725555
CREBBP,1.3109166865165849,0.3391292489859414
CREBBP,0.5232038274893281,-0.2238059624043752
CREBBP,0.9935028423124678,0.1804937591444907
CREBBP,0.7348420044005147,-0.2168348785191177
CREBBP,0.9898974638877172,-0.605276255990202
CREBBP,1.159830514185133,-0.0705618731566642
CREBBP,0.8652098530594599,0.3949543345941361
CREBBP,1.0038230645678254,0.0025619099113054
CREBBP,0.9740346497911256,-0.364913791354381
CREBBP,0.670505002066059,0.1049083316035131
CREBBP,0.9943123282502798,-0.0094820555614029
CREBBP,0.9842515606046977,-0.2649908929166386
CREBBP,0.9619101191311036,0.9504026952094132
CREBBP,0.8691964917566541,-1.44613284823206
CREBBP,1.1167536732559826,-0.1505057725835497
CREBBP,1.002253183506653,0.0595390724361739
CREBBP,1.0034724440633571,-0.3160579251876362
CREBBP,0.9836895626094572,-0.0133885971978864
CREBBP,1.0021774630895923,-0.1141360074220449
CREBBP,0.8252119035649162,-0.6998557497142505
CREBBP,0.9354159929126148,-0.9069043439942894
CREBBP,0.7551478281686865,-0.5095540809522818
CREBBP,1.056484059728751,-0.1419594124811761
CREBBP,1.1075754645346556,0.1435737784672336
CREBBP,1.0177061067711464,0.2319504744092178
CREBBP,1.2781144237782758,0.0595188420159617
CREBBP,1.014086698761271,0.5854979230355294
CREBBP,1.1655282719407127,-0.4849401168168573
CREBBP,0.9410806874293836,-0.2162344538351617
CREBBP,1.0347483872515886,0.5130506566779373
CREBBP,1.3478024000885738,0.0769388218890875
CREBBP,0.9430760368192976,-0.0686090882361726
CREBBP,0.8269253486877793,-0.0982431556149719
CREBBP,1.2449898668150088,-0.4108074242577927
CREBBP,0.8675008040635318,-0.1623364203577047
CREBBP,1.0072459467771375,-0.1244166101576367
CREBBP,2.263847850090265,-0.1567019364689846
CREBBP,1.132545490823588,-0.3054315484731362
CREBBP,0.9848186580369594,-0.2850702480828682
CREBBP,1.2287522003247096,-0.5357657392124108
CREBBP,0.7278989053827384,0.2768450957693406
CREBBP,1.0336523190271052,0.0380069267415884
CREBBP,1.436270017442284,0.0778787588034012
CREBBP,1.3217176352121205,-0.2739385043455222
CREBBP,1.0563925263257774,-0.0386998856921558
CREBBP,0.9318515192460588,-0.0965042416706891
CREBBP,0.9538630152138704,-0.0301796131140546
CREBBP,0.9618307797141288,-0.206540655825573
CREBBP,1.0186045028855135,-0.4400109751441657
CREBBP,1.4208536868948358,0.1317582395112718
CREBBP,0.9331830447730144,-0.1183428986515163
CREBBP,1.0005428815492556,0.0068546770712925
CREBBP,0.8486761266656998,0.5135564009732924
CREBBP,0.8383287431488041,-0.2756140701626778
CREBBP,1.0695656218845402,-0.5910584320625987
CREBBP,0.7757033837217008,-0.067127398040676
CREBBP,1.4135099121368189,0.6159729893579206
CREBBP,0.7063440618707325,-0.2885023477293941
CREBBP,1.0501555592097758,0.1686779200593647
CREBBP,0.8146566241441202,0.19676810273161
CREBBP,0.8887287101963959,-0.2501970533422318
CREBBP,0.8048551112368425,-0.044528850728533
CREBBP,0.9775795426631378,0.1318305624408133
CREBBP,1.0135814314268348,0.8741388337351446
CREBBP,1.026093358730785,-0.0378839451713084
CREBBP,1.245964531346423,-0.7365776451674835
CREBBP,1.0035148737601742,0.7029415951605285
CREBBP,0.8425898529213208,-0.4611600705401818
CREBBP,1.0156983479431765,0.1279879284142971
CREBBP,0.995755190532954,0.1606498430789216
CREBBP,1.046643408749743,-1.1945585589907792
CREBBP,0.8695795995123853,0.2369444769067832
CREBBP,1.1635748347842405,0.1375542278165143
CREBBP,1.1588123778943058,-0.93380706191158
CREBBP,1.1952123827003212,-0.2487647228609665
CREBBP,1.6800905611170889,0.1817624889607517
CREBBP,0.5186991821243907,0.2285816095487245
CREBBP,1.022383175234932,0.2781976684179861
CREBBP,0.9646249292953778,0.013702253584571
CREBBP,1.0360035883367384,0.0526702325743725
CREBBP,0.7656601091250659,0.1461356235962013
CREBBP,0.9385561738548852,0.1258808746597378
CREBBP,0.8574461654604306,-0.1882012231687218
CREBBP,1.015409033464214,-0.21287048800656
CREBBP,0.8700185098020914,-0.0076849630418524
CREBBP,1.350447916807002,-0.1111966165108244
CREBBP,1.1987127631362715,0.3742468011287415
CREBBP,0.938613424666712,-0.124276402608272
CREBBP,1.4955777866788718,-0.9619957267153364
CREBBP,0.6963279918204068,-0.1091365329162826
CREBBP,1.032195323911303,0.1097100895178396
CREBBP,0.9718044878275334,0.2382468778445261
CREBBP,1.0163089240531191,0.5639855600370399
CREBBP,1.0121892097738885,0.1219799544367851
CREBBP,0.8979338052406524,0.2607170431017392
CREBBP,1.0089383339562177,-0.4323121422572218
CREBBP,0.8214632844285478,0.1904741874839141
CREBBP,1.4115859738129348,-1.518843749660053
CREBBP,0.7277011521490784,-0.7099545726801464
CREBBP,0.8538591428901994,0.2204092839585377
CREBBP,1.0203654820929016,-0.2361976682520005
CREBBP,0.7706378761497577,-0.2755126911527146
CREBBP,0.931560259249511,0.3871623015509391
CREBBP,0.8341599778760713,0.5157552830069587
CREBBP,0.9591723659653149,-0.9047068702342874
CREBBP,0.97048379587069,0.1870373779273285
CREBBP,0.713096615972815,-1.236193145670682
CREBBP,1.12519028386697,-0.194532785364261
CREBBP,0.968193289434372,0.1085715255927596
CREBBP,0.9260827396139012,-1.0290040998652743
CREBBP,0.8706899643994891,-0.1357055828029917
CREBBP,0.9919607897723474,0.1129879125827284
CREBBP,0.9267537802786834,-0.2181386392490952
CREBBP,0.9973639759654584,0.1494309592831432
CREBBP,0.8936928579482875,-0.0296665547062027
CREBBP,1.0454658954655822,0.8280259077159978
CREBBP,0.5865060925601032,0.1110039472042663
CREBBP,0.9969865866477828,-0.0812767620512901
CREBBP,1.0586172002766068,0.4662505106933379
CREBBP,0.9152431651948868,0.1408265871514569
CREBBP,1.1298638996789587,0.2243415141523314
CREBBP,1.399760497908504,-0.2590021767465824
CREBBP,1.001517062460633,0.1608394431185379
CREBBP,0.9832042111322604,-0.543393388649141
CREBBP,0.8782861751508598,-0.2008381413049369
CREBBP,0.7979476469626148,0.1994354751911874
CREBBP,1.0244460427092803,0.0987091613996679
CREBBP,1.057712105945982,0.4139084461505578
CREBBP,1.0000547601265453,-0.8904666084554612
CREBBP,1.0120327659354849,-0.2278505707076762
CREBBP,0.6641111933120574,-0.4196692589454141
CREBBP,1.0397451821444634,-0.3809459105977563
CREBBP,0.9961355660670894,0.019899155692625
CREBBP,1.2594143404920763,0.0079293910794103
CREBBP,1.0671943990742438,-0.5060683400997517
CREBBP,0.612225482439332,0.2763443247107345
CREBBP,0.7164793353081073,0.2190759810958167
CREBBP,1.3935318727257084,-0.4165793960597259
CREBBP,0.999138789109716,-0.0915003542281372
CREBBP,0.9379611024081962,-0.7251467347553424
CREBBP,1.0073939696265286,0.137891839279321
CREBBP,0.7753985809817798,0.3256376260836317
CREBBP,1.0978667784926464,-0.0414922324111143
CREBBP,0.8603562087248814,-0.3136131179241793
CREBBP,0.8729482283077198,0.2952860084095333
CREBBP,1.4299542597999038,-0.0991341586203663
CREBBP,1.0971767835911566,-0.4100271777839359
CREBBP,0.6936250947197636,-0.3567334745891453
CREBBP,1.034013484597407,-0.5049570161533182
CREBBP,0.87086500171651,0.0547326363809862
CREBBP,0.9780614396236368,-0.7028402625703052
CREBBP,0.9252345211137812,-0.3347867085771598
CREBBP,1.0036658267332008,-0.1120522067736991
CREBBP,1.0561289544316583,-0.2974994028962041
CREBBP,0.80938499018621,0.4044316410985225
CREBBP,1.0430779676614257,-0.212242347778792
CREBBP,1.1611835184757429,-0.0324044368666719
CREBBP,0.9242166593707088,-0.1203543006490596
CREBBP,1.061722690250677,0.7270585933769835
CREBBP,0.9747461436474908,-0.0079759024357453
CREBBP,0.9130241968832492,0.5814575931852081
CREBBP,0.9803025629831976,-0.0247661768574978
CREBBP,1.0005109799778862,-0.3680435550277083
CREBBP,1.0656317702485365,-0.1176131370956983
CREBBP,0.8614344946085909,-0.2353731366345392
CREBBP,0.994002923450407,0.2229178528940453
CREBBP,0.6906318016870325,0.0078961599951185
CREBBP,1.1279413083141898,-0.377496301237851
CREBBP,0.9654149011355272,0.0644108112360792
CREBBP,1.0377881732722511,-0.3301510285387405
CREBBP,1.044005997659151,-0.1357517212399506
CREBBP,0.652768796182227,0.1021651971289252
CREBBP,0.7259529734830295,-0.433121777103139
CREBBP,0.9460432201774026,-0.5785925780172954
CREBBP,1.0405396930272215,-0.2238230865216019
CREBBP,0.9390526805600178,0.1466790914068111
CREBBP,1.1922807569226583,-0.3415897970206836
CREBBP,1.0545883759371006,-0.2163888847989222
CREBBP,1.4886937529188025,-0.2752919022332774
CREBBP,1.1496852916268945,0.0607364263347577
CREBBP,0.7924182238485649,0.3573062954073335
CREBBP,0.5199619651124794,-0.0818891912757218
CREBBP,0.9935565579726704,-1.5249638278493671
CREBBP,0.9139207667706956,-1.4253784047372322
CREBBP,1.3684625938595518,-0.0679410480601355
CREBBP,1.1934449327911858,-0.2999675771829735
CREBBP,1.092527049987344,-0.0430278407478028
CREBBP,0.9778397781923016,0.0191528674187832
CREBBP,0.8301402490355204,0.6889424561065955
CREBBP,1.164750540559681,-0.4867588305822785
CREBBP,1.062533258534276,0.1328384938578341
CREBBP,0.904186949554963,-0.0868386646114842
CREBBP,1.3810600012587264,-1.158218893399771
CREBBP,0.9669337827384435,0.1372250883941844
CREBBP,1.096816363435524,0.3522771891064396
CREBBP,0.6912550403296206,-0.1800576367205483
CREBBP,1.0637056635423707,0.1073771789537947
CREBBP,0.932687702057476,0.1593843892508792
CREBBP,0.862349739037573,0.6362067906427402
CREBBP,1.0738667584632342,0.1693557025651481
CREBBP,0.7972593405222798,-0.5684644603599236
CREBBP,1.031533732494657,0.0936254626161425
CREBBP,0.7193735398265171,-0.4074608435278173
CREBBP,0.8801788150005634,0.2516189026830216
CREBBP,1.0213511758822988,0.1561003017699071
CREBBP,0.9986728114967348,0.2282033810783882
CREBBP,0.9874016766833964,-0.3376311444594496
CREBBP,1.004999650715416,-0.0214583218628854
CREBBP,0.9811080941010344,0.1191013115582639
CREBBP,0.8226251015714738,-0.0818399359452894
CREBBP,0.7364022807226376,-0.3118907475677299
CREBBP,0.8829826528750513,0.0531111298290085
CREBBP,1.019491678820132,-0.16407202218612
CREBBP,1.0696760911819072,-0.3876362566938335
CREBBP,0.9540306978665036,-0.1341181455580542
CREBBP,0.8682750298308486,0.3348581180164062
CREBBP,0.91556613085832,0.5925926636272963
CREBBP,0.8946113703705947,-0.3286594168988161
CREBBP,0.8556175620040303,0.7256006612129984
CREBBP,1.092393019287572,-0.4866931781304294
CREBBP,0.9920192353541604,0.2316191539064526
CREBBP,1.082719100340223,-0.0742928981279458
CREBBP,0.6715706100060537,0.0290484280659028
CREBBP,1.0311448432630057,0.2825257555470453
CREBBP,1.3000832425506046,-0.1131596375665066
CREBBP,0.9479211743546118,0.105811684826961
CREBBP,0.9480755934199075,0.8356128412938856
CREBBP,0.6129672925432285,-0.8367067897925236
CREBBP,0.7458471978025656,0.1968261640001971
CREBBP,0.9988867326232652,-0.1850341598093196
CREBBP,0.4616116154732072,0.1189306309007793
CREBBP,0.7249955273609008,-0.2681623738299356
CREBBP,1.107978509185242,0.2101215211178625
CREBBP,0.9689055889013524,-0.3890184484350157
KRAS,1.1939943419197592,-1.5768464165820826
KRAS,1.0122579685266997,-0.3612680360166423
KRAS,0.9917779117287728,-2.6868274916156296
KRAS,1.2199584393939495,-1.2850770954837896
KRAS,1.0433650407592183,-0.2297901955931403
KRAS,1.7222696042094583,-0.7648005746783043
KRAS,1.175480820715863,-1.653956549920446
KRAS,1.4072435151465197,-1.3435957540280277
KRAS,1.0572510550067804,-0.3289252669078215
KRAS,0.9431525217086788,0.0371070455332808
KRAS,1.0397163546864383,-0.1631831349805987
KRAS,1.2285776129737442,-0.2674118282817241
KRAS,1.4619054431525946,-0.5835221450949537
KRAS,1.063243474011507,-1.9916114067412585
KRAS,1.6161655652202866,-0.8762735193982825
KRAS,0.9765947991200062,-0.2939345978352685
KRAS,1.0997891813812348,-2.7786448359297595
KRAS,2.9620233220431507,-1.8433921335612848
KRAS,1.0920107056874748,-0.93365391281768
KRAS,1.0897785500851631,-0.2927307052543897
KRAS,1.1193606986930256,-0.2023290260377929
KRAS,3.502932042808385,-1.326755224031292
KRAS,1.0147399136834885,-0.4893601960490969
KRAS,0.8247872865637226,-1.0266861592009064
KRAS,0.977231314956758,-0.2741238276981891
KRAS,1.0138568728014297,-0.4016109890648593
KRAS,0.9124845267340668,-0.8843577348561742
KRAS,0.8842559949219938,-0.3743637921100367
KRAS,1.493426255515816,-0.6612877420156396
KRAS,1.7384119537579492,-0.4654888128066056
KRAS,1.2240937038952189,-0.4676572671422155
KRAS,1.0277882044026765,-0.4265454560349567
KRAS,1.3227395315625678,-0.5452958686585109
KRAS,0.992449775955736,-0.4181026197415764
KRAS,1.1163690244084066,-0.8972526501901887
KRAS,1.2604422330606753,-0.5038324698756208
KRAS,1.0654294022002149,-0.2267177094052589
KRAS,1.4902031318066922,-0.3412863643351385
KRAS,1.1909179334225453,-0.3437562865050347
KRAS,1.1654773764459398,-3.663893170595822
KRAS,0.9337556677674654,-1.52072148489574
KRAS,0.854171696911593,0.0951523407252163
KRAS,1.173927245701636,-0.7554990219345584
KRAS,1.536040228108928,-0.5958475224230855
KRAS,0.7000500615592689,-2.082894159751732
KRAS,0.7728449974801195,-0.5061235260187831
KRAS,1.487215797455517,-0.5522092865505008
KRAS,1.036421608574578,-0.7308699875938923
KRAS,1.38983580502462,-1.125872424915506
KRAS,1.708048570047966,-0.3449805101647747
KRAS,1.025781885645808,-0.437596968163128
KRAS,1.0228637609990554,-0.2115078260270843
KRAS,1.0435436878190925,-0.2376020827716662
KRAS,1.2133022583447155,-1.388493716032952
KRAS,2.7508090555384057,-0.7577546068618183
KRAS,1.1962276748485086,-0.6092758854073551
KRAS,1.1083526624555615,-1.7228161254617356
KRAS,1.060105612697004,-0.5509849639035824
KRAS,1.1126925390595626,-1.8601918499536203
KRAS,0.9383948494448612,-0.3734515489512228
KRAS,0.5886553062232979,-0.4637153247652602
KRAS,7.660858106135519,-0.8207341038860784
KRAS,1.4251265153941293,-0.3288925341633701
KRAS,1.152991598062932,-0.4458273820881567
KRAS,1.153213795089726,-0.4773230344553234
KRAS,0.8627957648714345,-1.19526922364907
KRAS,0.6778565953878605,-0.4695377108001065
KRAS,0.5332156390647809,-0.8043909711428809
KRAS,1.1494964415740074,-0.8748431272969525
KRAS,1.4291625352163702,-0.4147527144542204
KRAS,0.996040285962986,-2.5142661136332913
KRAS,1.054119918655316,-0.663189172370548
KRAS,1.1383735133198418,-1.7184600460304036
KRAS,1.1118606609692816,-0.4656444829167922
KRAS,1.496275671912908,-0.565559465714905
KRAS,0.9915448942132672,-0.2711532002561355
KRAS,1.533533837400511,-0.338030593454767
KRAS,0.9634228188870017,-3.014717958967634
KRAS,1.0854889200835869,-0.9110816549576364
KRAS,40.76047616238515,-1.0974830506330502
KRAS,1.2328429254703943,-0.6021146840037485
KRAS,0.9942730443534716,-0.365743318338742
KRAS,1.0713723733576823,-0.4371817935841863
KRAS,1.0290527944125964,-0.6768886390826804
KRAS,1.0303875022706177,-0.8056517240359592
KRAS,0.9035911213187722,-0.9492791582894644
KRAS,1.1494502298303109,-0.5829816100104602
KRAS,1.6017022705707429,-0.3258241639231179
KRAS,1.4164974455256982,-1.0530827080490175
KRAS,1.0349571230843166,-0.306854106176608
KRAS,1.182547389990809,-0.1124466651121799
KRAS,1.128856419658644,-0.5314158120406389
KRAS,1.339991640036654,-0.4060717508110357
KRAS,1.1024016863078434,-1.0340273039422696
KRAS,1.0311226867116852,-0.2271318082227168
KRAS,1.058670767391356,-0.5505939824056736
KRAS,1.6959222139291137,-0.2064547584480747
KRAS,1.2165402048531802,-0.5639862270240092
KRAS,1.6437763258172653,-0.3166972119757212
KRAS,0.8598470735582185,-1.3486506503917557
KRAS,0.9563416409858824,-0.4030146683256157
KRAS,1.0440117868737122,-0.7811642624171106
KRAS,1.1224918732427611,-0.9061747039344072
KRAS,1.156681769881843,-1.4294131134609764
KRAS,0.9893006980086276,-0.8624260855308656
KRAS,1.0016906271804675,-0.2724394553327485
KRAS,0.7430303264344719,-0.3447548450205496
KRAS,1.0489282526174213,-0.1406949175871564
KRAS,3.085756025268115,-2.176140170282075
KRAS,0.9099379031420298,-0.4675704443012415
KRAS,1.058204164125772,-0.6198907189154398
KRAS,1.0342299577603444,-0.3374302588347566
KRAS,1.4562883073014337,-0.0822485808142282
KRAS,0.971835474084402,-0.2810909918021567
KRAS,1.139609062857715,-2.5292572683027656
KRAS,1.082605783233054,-0.1326494306257709
KRAS,0.9967122741907752,-0.2791894991006676
KRAS,1.0042956220121828,-0.4450464066778182
KRAS,1.3911953349278572,-0.0053542490788065
KRAS,1.3102181145532903,-2.299822024906163
KRAS,1.047688618507659,-0.7115377134598517
KRAS,1.032105179474714,-0.4328228274361322
KRAS,0.800615804200766,-0.8701116484102636
KRAS,16.44700636579133,-2.3501182027671836
KRAS,1.6345528222186816,-1.3285201610073665
KRAS,1.529912347836198,-1.5205164601086407
KRAS,0.7956561517344514,-0.8615750084726258
KRAS,1.4199872737246992,-0.7498576861216996
KRAS,1.0077648204560965,-0.6786990475781892
KRAS,1.02619435888931,-1.21143023576782
KRAS,1.4678250259150745,-1.3056108347943476
KRAS,1.679341922288421,-2.01724642143594
KRAS,0.992641034408816,-2.093081828566559
KRAS,1.4505258437550934,-0.4421529750695461
KRAS,0.9757226338555628,-1.0703059876627288
KRAS,0.9994989801408428,-0.5046503330944436
KRAS,1.06787590127121,-1.6865190455607832
KRAS,0.8391758119539837,-0.4466622466703036
KRAS,0.8961859413923254,-0.6624616605127529
KRAS,1.593416036815745,-1.92030626211492
KRAS,1.1160301479299195,-0.3628713175419311
KRAS,0.8704624684821757,-4.460656621974225
KRAS,1.095430534242453,-0.5958232641842165
KRAS,1.0625752394037369,-0.6097979364817026
KRAS,1.040232487097635,-0.2921157392568269
KRAS,1.0649502238864246,-0.6797029058872572
KRAS,5.312945817540124,-3.922754552933352
KRAS,0.9653553464316196,-0.5850860053093255
KRAS,0.990754829612959,-0.3967583822321058
KRAS,1.62032139068632,-0.8724024146397429
KRAS,1.09322472942181,-0.4439141351775365
KRAS,1.7856149360819928,-1.089044525242472
KRAS,1.0544604613274262,-0.2921547605271337
KRAS,1.3427763197250548,-0.1151440441937988
KRAS,0.5786307904580609,-0.3490981404311275
KRAS,1.5802589655664805,-3.274125132780648
KRAS,1.054793802715986,-0.6130416020612213
KRAS,0.992753192297156,-0.6593435583467661
KRAS,0.9945322088857502,-0.7724313442677575
KRAS,1.0238206427312349,-0.1826907057342592
KRAS,1.0401805739295302,-2.4218924614119532
KRAS,1.0106882065712748,-0.5168795411236574
KRAS,1.3699184372592008,-0.1793480448651169
KRAS,3.5310542833408527,-0.6529757933554424
KRAS,1.227153736835203,-0.4427369692917991
KRAS,1.4021454369007869,-0.4390038565941264
KRAS,1.0318054700657366,-0.5363947101188414
KRAS,0.7910967225065159,-0.3202913258994112
KRAS,1.684657133923645,-0.6550620578585864
KRAS,0.4060614571361677,-0.5139809164055544
KRAS,0.9702019605528828,-0.5871008130197485
KRAS,1.0314557999265972,-0.5787512425389159
KRAS,0.6611259277971394,-0.1582158931283659
KRAS,1.0772700873822547,-0.3895035192988674
KRAS,1.160839889378874,-0.2617650427966477
KRAS,3.7319069111759,-2.0206644956470945
KRAS,1.0178676607997468,-0.5651216307758741
KRAS,1.0111562861233323,-0.5648395910635365
KRAS,0.9275371684750752,-0.3312787127532177
KRAS,1.0075566802088365,-0.6520755246182559
KRAS,0.8747768823316223,-1.2220966673860547
KRAS,1.1496725412797026,-0.8240406751188794
KRAS,2.278191465160011,-0.4288478415026499
KRAS,1.0056790776316946,-3.1359423861192677
KRAS,1.1031446676428405,-0.2432484276785801
KRAS,1.0030941339650423,-0.5804549829171443
KRAS,1.0259191212647434,-0.4238591540443889
KRAS,0.9658780810454072,-0.2787922885440205
KRAS,0.9472052615461792,-0.9034640493329176
KRAS,1.067501428188886,-0.742078394137479
KRAS,0.9631884517707716,-0.3977288129557295
KRAS,1.045137675230916,-0.3856311792305935
KRAS,1.3732392517263272,-0.5723597013185333
KRAS,1.0129928561711066,-0.0304010441963444
KRAS,0.958800788137242,-0.8258519412626371
KRAS,1.2763712343523894,-0.9397531756397788
KRAS,1.4616288341559935,-0.7870205507857588
KRAS,1.0688445155779709,-0.8151389756763116
KRAS,1.0513266586312429,-0.2786734094502083
KRAS,1.0112579188492945,-0.1757316951266362
KRAS,1.057371978968649,-0.5741450211376564
KRAS,0.978498809027285,-0.4518464050003128
KRAS,0.8212275887348814,-2.177773648253599
KRAS,1.213293007412548,-0.7241649599230802
KRAS,1.0034543598198336,-0.4424415616932827
KRAS,0.9592395179256052,-1.278969727268266
KRAS,0.9504462852777724,-0.3174949297101416
KRAS,0.701141726260549,-0.3036881525680455
KRAS,1.0671315244894186,-0.6130700531935404
KRAS,1.277119035916663,-0.5872624537974745
KRAS,1.1275317041317283,-0.3566240465998171
KRAS,0.826936812386719,-0.981016168020715
KRAS,1.7633819531120716,-0.3255447405944006
KRAS,1.2295419856110557,-0.341980175072372
KRAS,1.052742793761589,-0.9421241282191558
KRAS,1.466588365923844,-0.8276197037726316
KRAS,0.9805791560370756,-0.2060108004209646
KRAS,1.076228934949847,-0.8003092347210106
KRAS,1.2887505113271704,-0.4094366281669813
KRAS,0.8823133382704273,-0.4067698212257418
KRAS,2.0755288706510258,-0.8143812275555524
KRAS,0.6506831051243299,-0.4337185825749543
KRAS,1.3856308922356586,-0.5322889694571167
KRAS,0.8970398613119368,-0.5284077842953314
KRAS,1.0587184664186189,-0.0965583586876991
KRAS,1.4694140761512842,-1.959313115113383
KRAS,0.9913552212696816,-0.4478835712585047
KRAS,0.9846568893712134,-0.4239867822374035
KRAS,1.0223512859415824,-0.6143217914760135
KRAS,1.5178939519337775,-2.22597184505632
KRAS,1.0515649784226344,-0.2134871864810232
KRAS,0.971013325890938,-0.97766487622229
KRAS,0.7649339046992149,-0.4834550725023865
KRAS,3.8010289148938248,-0.9093436194627036
KRAS,0.965915573530505,-0.6390446584280509
KRAS,1.0131557687987434,-1.5144924268982038
KRAS,1.1386434039620057,-0.5189179523233548
KRAS,2.7813609846951626,-0.4199569076127693
KRAS,1.1307578409480774,-0.3639247412217141
KRAS,1.1383025000996765,-1.658968747798645
KRAS,0.5199561985817339,-0.4928288975188358
KRAS,0.9387084166715476,-0.5925035553910778
KRAS,1.1532521643787674,-0.144681732454374
KRAS,0.5287424269057318,-0.3181777162198301
KRAS,1.1039876246084028,-1.1541398172023745
KRAS,1.1834633264026235,-0.8170782017628878
KRAS,0.8932971102196864,-0.458280224052069
KRAS,1.0445720452101732,-0.3732192606496492
KRAS,0.9985724435903042,-0.3461649772050035
KRAS,1.0485255377841851,-0.3321328873406302
KRAS,0.9842611118877592,-0.556878108214315
KRAS,1.1351988240285882,-0.8329307888405199
KRAS,1.1589738378755952,-0.5671758693891618
KRAS,1.3737704906138513,-0.4682235456550283
KRAS,0.9647238911747376,-0.4271236881496769
KRAS,0.8391554536687504,-0.3307523819002831
KRAS,0.9454204654075278,-0.4422087266719809
KRAS,2.454298967703618,-0.7218080795444807
KRAS,2.2689848874703027,-0.9313929607680068
KRAS,0.8903490856125607,-0.1614199876449138
KRAS,1.1594310281737157,-0.7890398090381171
KRAS,1.066187372060868,-0.5138568890460885
KRAS,1.0882386701164382,-0.3127084403951695
KRAS,0.918520611036383,-0.0547271901279412
KRAS,0.8640220285528379,-0.4337695923042228
KRAS,0.663093859378766,-0.9561323705257202
KRAS,1.4964602940909064,-0.2147981664606776
KRAS,0.7699528464966199,-0.4677283184286935
KRAS,0.8214109017624975,-0.5744629505994496
KRAS,1.1832188979959355,-0.5166373410707467
KRAS,0.8084833678832557,-0.2644012425057447
KRAS,1.186232661226038,-0.681183877734202
KRAS,1.1973724656214615,-0.2438752812034458
KRAS,0.9171362614392574,-0.807666445079507
KRAS,0.9831694549800176,-0.2413208675161053
KRAS,1.4950741102131857,-0.3818666627607829
KRAS,1.9387086353788208,-0.5620211346572127
KRAS,0.8309894118755434,-0.624341080246412
KRAS,1.0483242383516154,-0.2706857593128898
KRAS,0.9886350772395696,-0.732636737209979
KRAS,1.089274830124424,-0.5405249584959562
KRAS,1.18026760295591,-0.424659343724115
KRAS,0.639389518786728,-0.6721822995907019
KRAS,0.8823261813969586,-0.6459197394773241
KRAS,0.9996950617436776,-0.3311054724167317
KRAS,1.1541686103336757,-0.3272878376634272
KRAS,0.9969858955895808,-0.2018625249611785
KRAS,1.1239080425611947,-1.043282399776828
KRAS,0.984523808496664,-0.5379168087164958
KRAS,1.052289744035646,-0.2555726881791095
KRAS,0.940779807354661,-0.3266015187073175
KRAS,0.9689929000780934,-0.6594745611968427
KRAS,1.0439271228091056,-0.5028252997268123
KRAS,1.7256405700847544,-0.3933268659252364
KRAS,2.16889768905167,-1.9179748819400255
KRAS,0.9767843562149832,-0.3752392657715721
KRAS,0.5073998506970535,-0.1423059289602011
KRAS,1.436828627638444,-0.6926945212813971
KRAS,1.0050261223456658,-0.4608824361092977
KRAS,1.5405697472943478,-0.5772307981200395
HRAS,0.7295309043893606,-0.4066526196018717
HRAS,1.086777799605002,-0.1587503457441327
HRAS,0.9662115474392606,-0.2201136528995163
HRAS,1.1034192081399194,-0.37534351260182
HRAS,0.9607040668741862,-0.0880260975665175
HRAS,0.9320427282956848,-0.1409060173710483
HRAS,1.1568509516526049,-0.2453874328291556
HRAS,1.094242124027896,-0.1923238331531872
HRAS,0.9336676486214772,-0.2420703498410911
HRAS,0.8269494226391073,-0.1848470009364408
HRAS,1.0448877753017691,-0.3235252144275986
HRAS,1.1528573414770196,-0.1739647415362526
HRAS,0.8764277076754625,-0.1763975899519974
HRAS,1.0728950802185622,-0.1385095404823582
HRAS,1.0263956775886878,-0.4791636207179164
HRAS,0.5441378159564281,-0.2071268479836889
HRAS,1.079490838915283,-0.0479720169925414
HRAS,0.7815120374455008,-0.0621087629826699
HRAS,1.0543851816962555,-0.1364466668117214
HRAS,1.0393863372545062,-0.2645786874086452
HRAS,0.8702875120713082,-0.2308838072481372
HRAS,1.002985674297228,0.0630882058414641
HRAS,1.048540800328192,0.0800954595044268
HRAS,0.5328339821031893,0.0939072353039967
HRAS,0.9811761016888956,-0.0197319173758245
HRAS,0.9878021404627986,-0.2343245782139263
HRAS,1.1813348865291364,-0.2647662304385116
HRAS,1.294743216652504,-0.3906986706037827
HRAS,0.8635089284365123,-0.0310516647503724
HRAS,1.082347674635994,-0.0707517218187202
HRAS,0.8805635306010124,-0.3567735456066491
HRAS,0.6066141264311568,-0.4974659915996274
HRAS,1.2534461351640538,-0.3065209213748901
HRAS,0.9917950980792624,-0.3310753753194307
HRAS,0.5883045094911908,-0.1446644788116792
HRAS,1.0912578258198755,-0.1100053070396219
HRAS,0.7489134993789437,-0.3808039949111046
HRAS,1.0618566379756882,-0.2143047741458581
HRAS,1.012742218511215,0.0410507982644559
HRAS,1.0786508855760324,-0.0706006817711615
HRAS,0.7110948929235652,-0.2283549782047456
HRAS,1.2214755620279891,-0.203106924983243
HRAS,0.9131210296204094,-0.0216265317580396
HRAS,0.9361191019862324,-0.1734294765066218
HRAS,1.424548756420846,-0.2498452478808547
HRAS,1.1552827598825504,-0.1459934316269555
HRAS,0.968197316045438,-0.2115936617562374
HRAS,0.5624399587677609,-0.0724467852254598
HRAS,0.9139258346375688,-0.3259629818256208
HRAS,1.2833431671465063,-0.203555630962236
HRAS,0.9938258687078056,-0.3542918040710904
HRAS,0.7282360168592151,-0.1296691519061931
HRAS,0.7309486683249907,0.0683094598641638
HRAS,1.1338894580630623,0.0441657804441501
HRAS,1.3492156894056095,-0.08681332134102
HRAS,1.097361601869203,-0.180999861188605
HRAS,0.5741883641766949,-0.1425810314143623
HRAS,0.7509704264514002,-0.2257724443931816
HRAS,0.7462158969852685,-0.1693328062065532
HRAS,0.8524085682474474,-0.0190983495293244
HRAS,1.4374322902425494,-0.237040109890347
HRAS,0.7536230518771919,-0.2412481042571777
HRAS,0.9585994384929766,-0.3659276818962874
HRAS,0.868358689953058,0.0079212383090067
HRAS,0.704831349983142,-0.2149414248769154
HRAS,0.8825194624457661,-0.3813790744558759
HRAS,1.0108514492266618,-0.6818755746275542
HRAS,1.0380291801346018,-0.3266305720690794
HRAS,0.962634477111685,-0.0762048677589087
HRAS,0.6617448650601884,-0.2523180302869364
HRAS,0.9894529420015594,-0.215666649624734
HRAS,1.1674251064291188,-0.3323443401406042
HRAS,1.1456663879408104,-0.3538956790653671
HRAS,0.6509867118277892,-0.1166210828930957
HRAS,1.430542143689191,-0.204702790050819
HRAS,0.9373508147943274,-0.1137765304998742
HRAS,0.9396673328528168,-0.1042890134059793
HRAS,0.9191963663311072,0.0014007835463449
HRAS,1.1708505997104544,-0.4111018212733413
HRAS,0.8737085417150613,-0.1428695706754106
HRAS,0.3753025505752953,-0.0930897651864712
HRAS,0.9846582543964528,-0.0928336039799277
HRAS,0.9841164880973466,-0.1859882579484628
HRAS,0.9770579248674104,-0.2946047239213222
HRAS,1.034746235555044,-0.2129196584514233
HRAS,1.1908362135670745,-0.0204298992991196
HRAS,0.6674001889132861,-0.0775273361673749
HRAS,1.428495013287594,-0.2678360665097202
HRAS,0.7728219629241638,-0.1758519109900102
HRAS,0.7646799754137187,-0.1929461152113918
HRAS,0.9909924697735152,-0.2831990004995518
HRAS,0.8373008530094744,-0.2259113193383206
HRAS,0.9797156559645412,-0.1211337545849608
HRAS,0.5854788660439956,0.0306605448530158
HRAS,0.9531036362375104,-0.0604074056596687
HRAS,0.9966936209211508,0.1479806795476655
HRAS,0.6701690657443596,-0.1418618678845226
HRAS,0.9101675145116312,-0.296315007759229
HRAS,0.8468644653278316,-0.0090437075340253
HRAS,1.232250016220672,-0.2088333759147131
HRAS,1.0074142197264573,0.0746876777990648
HRAS,0.6321601504969175,0.0503275293762193
HRAS,0.7000059063187558,-0.0755090597564571
HRAS,0.9042840986420037,-0.0558079505146763
HRAS,0.9828962190195918,-0.1087611990643336
HRAS,1.4190948303078434,-0.0272653222530725
HRAS,0.7247598797497715,-0.0380861024844698
HRAS,1.0563317525273908,-0.2425554915656149
HRAS,1.2037443278685185,-0.205585882966915
HRAS,0.8282774404312256,-0.3031070309099572
HRAS,0.5496945192063591,-0.2580723070664202
HRAS,0.8784383837348555,-0.185582966169655
HRAS,0.93234383286225,-0.1505576930954482
HRAS,0.9533540521047752,-0.219287880811118
HRAS,0.7437213019121575,-0.3121312507268224
HRAS,0.4457442213763539,0.0967259239519105
HRAS,1.2409921589386084,-0.2141390731905859
HRAS,0.6313697301127192,-0.2608762585192268
HRAS,1.1506324000544703,-0.552375379959978
HRAS,0.936268353595778,-0.1319690592561432
HRAS,1.0646276936508334,-0.4457880150380174
HRAS,1.021764700439347,-0.4275620640591841
HRAS,0.7576613186052243,0.0353035269213916
HRAS,1.0768870949300864,-0.2523578956867663
HRAS,0.6944973045448961,-0.2704842050776089
HRAS,0.772429945089368,0.036291397444394
HRAS,0.8376851479164819,-0.4144433047718288
HRAS,0.7000888816536941,0.1574886345838708
HRAS,1.0098975886022392,-0.0462517304433587
HRAS,1.0378860081162269,-0.9035127435102532
HRAS,1.023335351441635,0.0520228797118098
HRAS,1.3169777757069792,-0.2681088969016717
HRAS,1.0136573108670006,-0.6831221743266526
HRAS,0.8251549709405122,-0.2175465262049496
HRAS,0.9296586545121726,-0.2227438796248965
HRAS,1.013394567398444,-0.1471346615508268
HRAS,1.0814432798522062,0.1281636331541997
HRAS,0.7539161593818585,-0.2086712236453335
HRAS,1.0250114318116534,0.0618420736478302
HRAS,0.7904170650181965,0.1317305866865214
HRAS,0.6353423089799336,0.0825044286860311
HRAS,1.1505215448879127,-0.2763293373499699
HRAS,0.9204696126753974,-0.2018112197728313
HRAS,0.9704730129884584,-0.1342018738968539
HRAS,0.96615529202496,-0.2518143232366666
HRAS,0.9125825673425434,-0.4629624067060846
HRAS,1.1814618133839998,-0.08342817190477
HRAS,0.4733765023842576,0.0203258084130564
HRAS,0.9433911682776543,-0.4094486239662281
HRAS,1.272661724879969,-0.4695303146162009
HRAS,0.6934952951108558,0.0063694907288142
HRAS,0.7637148597999862,0.023222501227594
HRAS,0.8823378015296702,-0.0531665840957728
HRAS,0.7480144265637618,-0.1625864497191308
HRAS,1.1036111976507847,-0.019381186502256
HRAS,0.6846236331353082,-0.1755465292277315
HRAS,0.9731560018494227,-0.3277347758183059
HRAS,1.0129156222698992,-0.1647911316998869
HRAS,1.0359145473955171,-0.162874947678762
HRAS,0.8193626299435665,-0.1646899382452283
HRAS,1.2024575801204207,-0.0040136612049188
HRAS,1.0000727831025202,-0.1022931009572909
HRAS,1.1228194809653298,-0.2491278469319615
HRAS,0.5732506536678663,0.1066413072390947
HRAS,0.6813117532970525,-0.0690188008256137
HRAS,0.9869856402249314,-0.1518189601554765
HRAS,0.5373663919372819,-0.1645211144142939
HRAS,0.7554614269907509,-0.0890900787699166
HRAS,0.8607027598735653,0.0758445505425768
HRAS,1.3580136680486463,-0.3029328000737002
HRAS,0.9712940304539268,0.0209258561119329
HRAS,0.6480818787413776,-0.0439466455291536
HRAS,0.5342792896691935,-0.0489096947408209
HRAS,0.5798212045299205,-0.3277035804636274
HRAS,1.0019045002719462,-0.1307629643307149
HRAS,0.9495481078786112,-0.1729865470790858
HRAS,0.702177658894511,-0.0834678671583472
HRAS,1.0239767794819843,0.0025205997498204
HRAS,0.7924863548296923,-0.2422070761999506
HRAS,0.9948652241536864,-0.2825822408933606
HRAS,0.8980159658369316,-0.1142071256203244
HRAS,0.9855725636583648,-0.3379897269697126
HRAS,0.8616285742578382,-0.0302395899758971
HRAS,1.005997695306078,-0.2328289469914604
HRAS,0.6422892253529835,-0.0032724268293666
HRAS,1.093930436910739,-0.3401051856754282
HRAS,1.1625292372418932,-0.3316836849356996
HRAS,0.9721683018230084,-0.0486739385615289
HRAS,1.0437954367997355,-0.3207004901730288
HRAS,0.9400184641051124,-0.1765061894746648
HRAS,0.9168089290036836,0.068436654633317
HRAS,0.8370733778065246,-0.2943938561317101
HRAS,1.1806939095903013,-0.2933578321421588
HRAS,1.0824084446673063,-0.1224071144166703
HRAS,0.9860167091531948,-0.5027874483689088
HRAS,1.2220793814734978,0.0159076639584798
HRAS,0.9801863764022706,-0.1567050287951551
HRAS,0.908623170079838,-0.0629068841223997
HRAS,1.001453892368665,-0.2358037744158735
HRAS,0.9305147987774284,-0.0919299338875354
HRAS,0.940675477320694,-0.062544104686884
HRAS,0.8614255381417845,-0.1620703276788454
HRAS,0.6911649675998486,-0.1901358007632871
HRAS,0.8340391437406766,-0.1988615988284119
HRAS,1.0052128368016782,-0.4396120018205208
HRAS,0.6551226800281635,-0.2736856152895909
HRAS,0.9858178438917472,-0.3768403678618129
HRAS,0.8990049721343468,-0.1918223497762441
HRAS,0.5675396138147868,-0.4677423629242075
HRAS,0.7655645863579468,-0.4200517591931755
HRAS,0.8778126707614055,-0.092227858146009
HRAS,0.7270381630859458,-0.2951488673399179
HRAS,0.624692883529946,-0.2881315627304616
HRAS,0.657259957966077,-0.2072463438110393
HRAS,1.0109628617102435,-0.3219730371038681
HRAS,0.7301652931078828,-0.1182196737902713
HRAS,0.980712383479556,-0.2141059599701151
HRAS,1.1211373244723044,-0.0570271486825245
HRAS,0.7786943156690947,-0.3270890995802629
HRAS,0.715118385400589,-0.2124194303474252
HRAS,0.7987378578700224,-0.1858061293468407
HRAS,1.0157419986447798,-0.1714294112238159
HRAS,1.1637111461040874,-0.1456774675148851
HRAS,0.9012186035138772,-0.3465496572735379
HRAS,1.0769072490325258,0.0186887954599267
HRAS,0.9412853197453904,-0.0684548805242724
HRAS,1.0157293256671924,0.0312582847768915
HRAS,0.7796394508777781,-0.1259222801417258
HRAS,1.0061022964137036,-0.5866357709222904
HRAS,0.6990676598882752,-0.0794168965127862
HRAS,0.8710612060421236,-0.1590444067710066
HRAS,0.6884424675855698,-0.0817940153610419
HRAS,0.6966051287945578,-0.0192936564564785
HRAS,1.1753260224782236,-0.1082164682688185
HRAS,0.9595520690928176,-0.1465684861609199
HRAS,1.6259737877738851,-0.0381266534752769
HRAS,0.8579092785302512,-0.0023292037306988
HRAS,0.9336980660645594,-0.0985831234606651
HRAS,0.7019246140190117,-0.4785780054696115
HRAS,0.888661566574707,-0.2750610374628709
HRAS,1.1342243231719042,0.0057242967932265
HRAS,0.9578389444969654,-0.119827667436135
HRAS,0.8114566895718357,-0.248462210895681
HRAS,0.5778524242752446,-0.0973739603849903
HRAS,0.7758017847827041,0.0830973727581657
HRAS,0.9820136613890508,-0.5036829777029775
HRAS,1.4776196939194723,-0.1744536235403744
HRAS,1.0431531630531583,-0.0704456161169393
HRAS,1.2097676603303191,-0.1075611109064139
HRAS,0.9670423656776076,-0.2344426438491175
HRAS,0.9388281463154884,-0.278209929366109
HRAS,0.6548625344337222,-0.1023393615723627
HRAS,0.8119337949379084,0.0247396402759709
HRAS,1.344842292345212,-0.3074695216598495
HRAS,0.5700316777740795,-0.1905536494598484
HRAS,0.5924268774637029,-0.0887194323023373
HRAS,0.7725739831721642,0.0813822744707043
HRAS,0.9204893915363176,-0.1323016755883662
HRAS,0.6788957693139754,-0.0467850705993434
HRAS,0.9560115809703952,-0.1894471647808061
HRAS,0.6071361577569424,-0.1217054845664529
HRAS,0.6642015524528742,-0.1533298435891663
HRAS,1.065060954729551,0.035093716636945
HRAS,0.9081685613213972,0.010054148932549
HRAS,0.8788208480633749,-0.1670955550629219
HRAS,1.0131361055397483,-0.2699239724682042
HRAS,0.4675572721750758,-0.0393921031159575
HRAS,0.6108194893952379,-0.2333311711558742
HRAS,0.6736139869452046,-0.0696393018263265
HRAS,0.4008240555704621,-0.4089541771851234
HRAS,1.2212994689552457,-0.2559904834234915
HRAS,1.000292550894865,-0.1170215342077226
HRAS,1.1215547119227034,-0.3007771901856056
HRAS,0.9200256572147169,0.0304401838389244
HRAS,1.0417109358465504,-0.3735756011951275
HRAS,0.7593410986713172,-0.3180545101760996
HRAS,0.7693852089951436,-0.0736537717880863
HRAS,0.8561948126807941,-0.1167785795017303
HRAS,1.064241819051076,-0.284460551446665
HRAS,0.9835422958383836,-0.1400946043016265
HRAS,1.0490693120635963,-0.2929199393684888
HRAS,1.1398863573883964,-0.4615300104941736
HRAS,0.9139353369637004,-0.1024091982217623
HRAS,0.8655757582498316,-0.4995461596634497
HRAS,1.0440537596393518,-0.1527318344948869
HRAS,0.5527814084973655,-0.0229460582191021
HRAS,0.9921718977042016,-0.1754274139215334
HRAS,1.1228023589544138,-0.8709075073844171
HRAS,0.672320012938379,-0.1901906201693596
HRAS,1.0561941091411673,-0.0918486841829593
HRAS,0.7815244967107182,-0.167989262023359
HRAS,0.9644203511146596,0.0436753714407395
HRAS,0.9103321890990804,0.0401545450272094
HRAS,0.9333965241423888,-0.1590229184338618
HRAS,0.9184894147375454,-0.130418837905836
HRAS,0.9435154191556754,0.2013319825861214
HRAS,1.0468654285403614,-0.2884958854520834
HRAS,1.049529704980612,-0.0354709420234301
HRAS,0.9310457718052062,-0.0984478464344129
HRAS,0.7073538493923557,-0.2139490569356626
PTEN,0.8841089064648613,0.3915045240223563
PTEN,1.039091715905588,0.7769117855123561
PTEN,0.9790965242013516,-0.0641607907060934
PTEN,0.8756528888010636,0.2816711402950708
PTEN,1.2214120640028634,0.5002697627545847
PTEN,0.9164258125093072,0.3949333096666229
PTEN,0.8818174919463323,-0.2980592015263094
PTEN,1.1479461762818708,0.7019624301349829
PTEN,1.0467058017111603,0.3921390277428324
PTEN,1.1297354684147394,0.9452541710581324
PTEN,1.042086474200389,0.6550974703772998
PTEN,0.8113869791874952,0.1834923212735696
PTEN,0.7449791737398977,0.4368221243693811
PTEN,1.0482421309093315,0.2895320950735042
PTEN,0.7744902595226505,0.2099896195151746
PTEN,0.89344572731057,-0.0026929880105621
PTEN,1.0807718473467944,0.1681159121230287
PTEN,1.242906697287221,0.5518373719620624
PTEN,1.0386942175470413,0.2251881360058048
PTEN,1.0897755285816344,0.0202462279237406
PTEN,0.8909102453283595,0.7010586592857108
PTEN,1.0449428205888012,0.3976006078901923
PTEN,1.0422779063962622,0.2625229912878534
PTEN,1.0660713514848703,0.8846126881440326
PTEN,0.971702105482846,-0.8793708267120702
PTEN,0.9985897476820788,0.7107543983476259
PTEN,0.903564189889685,0.3323269444668857
PTEN,0.8857705889439726,-0.5425024630491011
PTEN,1.4863798549562282e-09,0.2935142666578123
PTEN,0.5649002326698193,0.5234880024187626
PTEN,0.7722832573264681,0.194533865800037
PTEN,0.6319831505503553,0.4768926675337433
PTEN,0.9030113335714032,1.1763724366767647
PTEN,0.988069891421193,0.1735901243223055
PTEN,1.1652617011596502,1.6605188565997588
PTEN,1.0379579513855888,0.8306800915553324
PTEN,0.7618167955308904,0.841475175240894
PTEN,0.9859791198611032,0.485130855124172
PTEN,1.0402086932406511,0.3087071740247072
PTEN,1.217634380730751,0.5705123227184072
PTEN,1.181118732825099,0.8800191400623771
PTEN,0.8392706299030227,0.1930824137760748
PTEN,1.0706550720868782,0.1954328375924757
PTEN,1.0384221053045737,0.0189668902863062
PTEN,1.119667990022806,0.102329835332154
PTEN,0.7617259761446061,0.7038268000204528
PTEN,0.9830522472116427,-0.0694642540016056
PTEN,1.041518885858404,0.7019704018742206
PTEN,0.8158399161979866,0.2073883935609074
PTEN,1.3120711905158018,0.4401492047795088
PTEN,0.9598194808937296,0.5927864356952474
PTEN,1.0129872389615433,0.9719235310542218
PTEN,1.069911154426358,0.2065011905003309
PTEN,1.0560674637860086,0.7817241789962764
PTEN,1.056768229931118,0.2536946282506925
PTEN,1.1458744650759027,0.0637952932010467
PTEN,1.0629804031965475,1.0839986900869816
PTEN,0.7689650855568517,0.5788389566384141
PTEN,1.1098248409738836,1.0055905841984212
PTEN,0.6538420191601233,0.2673523831412066
PTEN,0.2716022007429676,0.2005587473121377
PTEN,0.7955894222078095,0.8272068466810185
PTEN,0.9651773733716662,0.2228984263521467
PTEN,0.582416849957088,0.2929650845465751
PTEN,0.970947368726532,0.2843328710457335
PTEN,0.8683033168838901,0.0953768488349317
PTEN,1.0073590566170405,-0.0375307306824443
PTEN,0.5448956957843112,0.3188523631725647
PTEN,0.9495033529249824,0.1922232696460037
PTEN,1.0949211660382452,0.7846421623014067
PTEN,0.9828955377280848,0.167179616731183
PTEN,0.6070200184849122,0.0493877624785098
PTEN,1.139185746089816,0.4347190509491704
PTEN,1.1021167039201352,-0.1476301890317243
PTEN,0.9852433418787404,0.0623459791335461
PTEN,1.1949481337842154,0.2397295070445572
PTEN,0.7677183303572536,0.5710115501591546
PTEN,0.8978640991144489,0.3711693535788542
PTEN,0.980833391432587,2.9640197921964155
PTEN,1.0642912445052402,0.5122460731127886
PTEN,0.8680794530843544,-0.0785812885851448
PTEN,0.5210663518305396,-0.0054211323785094
PTEN,1.0454383586822007,0.024315123259275
PTEN,0.6790322496902934,0.1656773441716446
PTEN,1.5294723225385896,0.3129735549008319
PTEN,1.322817466378446,0.3335475982788673
PTEN,1.1192039815588233,0.0430007407714754
PTEN,0.7986193870774766,-0.2171998314338568
PTEN,0.949278293816252,0.5990997037383368
PTEN,0.8929900465659246,0.682649488497366
PTEN,1.1613171347623057,0.1735260913214987
PTEN,0.8364417620287286,0.9419317359071806
PTEN,0.989656656415207,-0.0283551078116165
PTEN,1.1568693947630535,0.4855559122236811
PTEN,0.7250040703975311,0.1911718166985687
PTEN,1.0434460429234425,0.4087877889204577
PTEN,0.6869585705563532,0.9048440705693482
PTEN,0.9502025608421576,0.9645361805401896
PTEN,0.8449723277311147,0.5617730775041025
PTEN,1.2611203848837875,0.562371920989924
PTEN,1.0024289602878529,0.0642787063013841
PTEN,1.0374163411483213,0.9622400301967372
PTEN,0.7523464132512439,-0.3141133805436422
PTEN,1.1599519144590915,0.3833137806478043
PTEN,1.4673977722226548,0.0269089070610413
PTEN,0.969935689967968,0.4191405698100826
PTEN,1.0561216339289583,0.0344244715381048
PTEN,1.0386733386858054,0.1867433732224734
PTEN,0.9249844386745022,0.5888453079864422
PTEN,0.5942236786484643,1.257853964076015
PTEN,1.0560608757148928,0.5900342653359459
PTEN,1.0341080964317753,1.420414337908837
PTEN,0.9338229821249698,0.5562958479416157
PTEN,0.973108110663814,0.5303895364322482
PTEN,0.8650311556202437,-0.0274862719935266
PTEN,0.8419503121455307,-0.0935690116224428
PTEN,1.275914804010415,0.8076503544229343
PTEN,1.0190345737404305,0.1399266724081351
PTEN,1.1699452358088205,1.028537669037319
PTEN,1.3844845939508603,0.2608793649713765
PTEN,1.058325197100283,0.2798967717160064
PTEN,0.6709796885982727,0.4311388871798106
PTEN,1.5424609868010335,0.5203670059171941
PTEN,1.380045659424275,0.2886059851553039
PTEN,0.7897982082546742,0.4881276764756134
PTEN,1.1104488959204142,1.0988406371650576
PTEN,1.291453769627214,0.4338898775906256
PTEN,1.3508139655420428,0.2823340644271002
PTEN,0.9960458091984272,0.1417774367303838
PTEN,1.523705407712565,0.7075028180881328
PTEN,1.0127674900854005,-0.2948688293000827
PTEN,1.3031814741806955,-0.0365941164448777
PTEN,1.4912622613568849,0.7452220046945601
PTEN,0.938882159794064,0.7571044693662738
PTEN,0.6635306437291288,1.0955237829850768
PTEN,1.0059021691299257,0.5100265834442226
PTEN,1.0383141440139725,0.6239328823625736
PTEN,1.621236993061604,0.0215263753652299
PTEN,0.5892108899498196,0.4645736540261743
PTEN,0.9774650338710188,0.0775968139568327
PTEN,0.6562601337726017,0.6823886198129103
PTEN,1.2671646549775113,1.6318563622013569
PTEN,0.5344096632058329,0.4805075927062436
PTEN,1.0596310322032352,0.2272505667775041
PTEN,1.0020065921631582,0.52150264731518
PTEN,1.0538598356968694,0.8980123674729618
PTEN,0.9836234261930856,0.248371662857965
PTEN,0.9872511169318756,0.9805838911090712
PTEN,0.9428740680858954,0.6789893474006724
PTEN,1.110396557246437,0.0147810178150038
PTEN,1.163715179226576,-0.2922891170905156
PTEN,0.7506181082585278,0.3051111743826544
PTEN,1.2817038927328508,0.3772738478123817
PTEN,0.7991127620664005,0.5099089821948454
PTEN,1.12050881614974,0.626846668727378
PTEN,0.9237203136153572,0.3396937785780266
PTEN,1.0310669400756007,0.1424510084235359
PTEN,1.000071396708221,0.2426775559413403
PTEN,1.049299119612304,0.87660505327646
PTEN,0.8261238571763239,0.94610068333295
PTEN,0.8292166557471424,1.0442928112414334
PTEN,0.9977470408053526,0.2468163206334699
PTEN,0.9461389641117895,0.1264463579789229
PTEN,1.1448376313345987,0.3772546458110785
PTEN,1.2280293145495396,0.2910734244245897
PTEN,1.1186804572082851,0.7618499780181175
PTEN,1.057421818322814,0.2837187478674662
PTEN,0.7646736150109431,0.3220455951436434
PTEN,0.9512305796978948,0.7971037300026419
PTEN,1.001349774540139,1.0211977450989784
PTEN,0.9754088721161416,0.1528221819046697
PTEN,1.048110627078673,0.2257862951669694
PTEN,1.4783890743054475,-0.0058694508632999
PTEN,1.0950395673165432,0.0972536611761311
PTEN,0.8457850706408953,1.2915961172068404
PTEN,1.1368287930196574,-0.0140572976717531
PTEN,1.0755376289289786,0.8674560726317042
PTEN,1.014101460006762,0.3493861314950054
PTEN,0.9399637337220108,0.2978663986826262
PTEN,0.99335410640919,0.1239275559481438
PTEN,1.3152754811286744,0.3258698877912472
PTEN,0.7715946257558861,-0.0743208554514383
PTEN,1.237812674917758,0.2374120410136554
PTEN,0.9811475379278364,0.6518572234437745
PTEN,0.8145002236462113,0.7641492165576478
PTEN,1.004495429668545,-0.3822625583494404
PTEN,1.1263506264696606,1.726664781815873
PTEN,0.9635343469082424,0.3103581004731457
PTEN,1.3464633863988384,0.3720509828832813
PTEN,1.0974741813424886,0.9035719476460689
PTEN,1.2638191224043704,0.2278435989075139
PTEN,1.0783047727687731,0.2416521858872777
PTEN,0.8696453013789385,0.7716067117141896
PTEN,1.0574782568982364,0.3157583461641117
PTEN,0.922573015184776,0.6343001222729345
PTEN,1.2492143091979386,0.3343827504794822
PTEN,0.9850951596774042,0.8389385856240802
PTEN,1.041575197599231,0.6085925928865416
PTEN,1.1455329843166226,0.5331997562566804
PTEN,0.9465377827853372,0.1434801194023571
PTEN,1.0510512370010718,1.0276964030528402
PTEN,0.9880068846671022,0.1760038060615478
PTEN,1.3602218764829248,0.7412219597257097
PTEN,0.9167110697640178,0.4770930511858204
PTEN,0.9940952524415754,0.423113925397438
PTEN,0.6523083494344882,0.015126688719
PTEN,0.9476912351362518,0.1667457694061924
PTEN,0.8923434534284127,0.0712176000958443
PTEN,0.694754909573905,-0.0874234689550038
PTEN,1.184218256211229,0.4903263689622716
PTEN,0.9312942653848408,0.1126817001668994
PTEN,0.7957714250089588,0.7754723250992012
PTEN,1.025380239229588,0.2244907174279595
PTEN,0.1596825351230864,0.2997398296718829
PTEN,1.0515846586178903,0.0647040824879006
PTEN,1.278032921607328,0.0590751253724452
PTEN,0.9706418705157672,0.7898024626435034
PTEN,1.0549334572842248,0.0374532515039859
PTEN,0.6841990471261995,0.5000386885488013
PTEN,1.04013154720517,-0.3107443881017145
PTEN,0.87231796091282,0.293338233640797
PTEN,1.0362154503716674,1.736156453910227
PTEN,1.0887577588608717,0.1234472417711803
PTEN,1.0050902144433305,0.2396191285651325
PTEN,1.0708422747629731,0.2518379845360916
PTEN,1.0947511763350146,0.4826774190813213
PTEN,0.9643013680808752,0.3406663881178975
PTEN,0.6834122438073635,0.3133058170149538
PTEN,1.028095298333818,0.0721856071076716
PTEN,0.7149587935129595,-0.072493613065182
PTEN,0.9345352580760224,0.1591246118470744
PTEN,0.6846962423613805,0.4298128023965729
PTEN,0.7584400216314947,-0.021080357558576
PTEN,0.7863644462706564,0.4667308974288516
PTEN,0.9626631691763412,0.0130409204656303
PTEN,1.0249141001546822,0.2039952689107089
PTEN,0.9499740436365502,0.0201416658744391
PTEN,1.069923020186558,0.4225293830506701
PTEN,1.107361293370267,0.0501200369975931
PTEN,0.586955485863614,0.6732841060042476
PTEN,0.5289961031949166,0.193363261198397
PTEN,0.947606500178148,0.5855631832331342
PTEN,0.8168437251571655,-0.0421771493307279
PTEN,0.5637158353777187,0.6905351408942868
PTEN,0.7643244041075569,0.5943183881282493
PTEN,0.6113544623308534,0.2236739258956261
PTEN,0.88840412704879,0.9944122152865238
PTEN,1.0277789431339537,0.3792896273178061
PTEN,1.0220019861503,-1.397571009794882
PTEN,0.987556366518809,0.7141087120198019
PTEN,0.94087501860741,0.3493441452504217
PTEN,0.9977553398664464,0.385230279152577
PTEN,1.1571147962996715,0.3224681769920913
PTEN,1.0296242943689344,0.7732396579178675
PTEN,0.665892871016798,0.1746723373314136
PTEN,1.1418372238375445,-0.2567456423964513
PTEN,0.9430531579294622,0.5863714185827595
PTEN,0.9175622863336652,1.6900863934113786
PTEN,0.799774395711527,-0.0024088442028631
PTEN,0.7470087256295915,0.4008683413751358
PTEN,0.5941820797733903,0.4111702660469251
PTEN,0.8644815027104656,0.2837564543435948
PTEN,1.0649111017410486,0.4639797729862511
PTEN,0.6730217340534521,0.256537445164677
PTEN,0.0039878249889833,0.3676726520517128
PTEN,0.9994206968179716,1.0607386670043049
PTEN,1.268569885813114,0.1190004670122762
PTEN,0.2985012199926285,-0.4777209071367715
PTEN,1.2890203142877508,0.2246366346314692
PTEN,0.8786653814682932,0.5794160493026677
PTEN,0.8050286315678492,0.8437578127936975
PTEN,0.7345435837646831,0.2813993954900116
PTEN,0.959927264924201,0.1353105882363553
PTEN,1.0119289510871048,0.0654520387106489
PTEN,0.952255090379777,0.4947573147439044
PTEN,0.7674363470042957,-0.1342970168844133
PTEN,1.134641077445927,0.3804115162441947
PTEN,0.6353189689649564,1.1527221259856564
PTEN,1.0458464121091704,-0.2069927962853688
PTEN,1.0080659315790437,0.3579682989821034
PTEN,1.1020212169211077,0.3890707077214027
PTEN,1.1205639616110743,0.6100079229255347
PTEN,1.5229768369996983,1.1818422264965134
PTEN,1.1608978243930728,-0.2191127968255534
PTEN,1.1045081008778028,0.5094248208870219
PTEN,0.959760271361204,0.6311051811497046
PTEN,0.9907465887802304,0.3289585987766833
PTEN,1.1167691548564926,0.2128807837807402
PTEN,0.7116372824351118,0.5034057155206948
PTEN,1.0379039934660643,1.1005745957107482
PTEN,1.2043777828219404,0.3308342961774426
PTEN,0.951737749463161,0.0621458129613597
PTEN,0.5019303191579351,0.3252133638301858
PTEN,0.952145527896603,0.1976499144579455
PTEN,1.1248884943489956,0.2664411328122901
PTEN,0.9741386283437804,0.2900766564193745
PTEN,1.0413297584517645,0.290089138680729
PTEN,1.123872207582711,0.410270342887886
PTEN,0.9393475853352276,0.6993914917734146
PTEN,0.947593363653726,-0.4508858443171258
TNS2,1.1824301816470904,-0.2977682512600036
TNS2,1.049438774100459,-0.1545637146050215
TNS2,1.0001781546930666,-0.0268599642557248
TNS2,0.9670168945108676,-0.2810857193069341
TNS2,1.0433650407592183,-0.3477146291553011
TNS2,1.721962828450284,-0.5815939238280505
TNS2,1.1653869010538611,-0.2499341704539489
TNS2,1.098491723553941,-0.4132827757203469
TNS2,1.0428632568168177,-0.1758630352675278
TNS2,0.8896137550245967,-0.3231278192114531
TNS2,1.0397163546864383,-0.4485273356824903
TNS2,0.7277268772078697,-0.2760651287181821
TNS2,1.091835113405469,-0.4080354034382875
TNS2,1.0487421413450368,-0.2037316017418531
TNS2,0.7585604189054534,-0.0408778240517133
TNS2,1.0057703997316136,-0.3881263101314215
TNS2,1.0945994221158002,-0.2075682281795922
TNS2,1.1396532990575472,-0.0577676298180843
TNS2,1.0892514245147915,-0.2949935159104526
TNS2,1.0860571334573554,-0.2494123281659032
TNS2,1.262026321274073,-0.2134798939869814
TNS2,0.936994834710364,-0.0779470260224944
TNS2,1.0473945478091615,-0.0490416677234566
TNS2,1.2898005590691972,-0.2428739952114856
TNS2,0.977231314956758,-0.2156548829293565
TNS2,1.0138568728014297,-0.2487185138546153
TNS2,1.7048053196439337,-0.3595472117835698
TNS2,0.8842559949219938,-0.0306094044305827
TNS2,0.69191129633631,-0.1276023753894367
TNS2,1.0528208751669057,-0.1205277268789151
TNS2,0.7181399864709591,-0.145533711757519
TNS2,0.9240078414405074,-0.1854115275495777
TNS2,1.344516071142558,-0.3843854502070664
TNS2,0.992449775955736,-0.192988393659192
TNS2,1.01431095226936,-0.1618714350215311
TNS2,1.1110055317554572,-0.1301618916356708
TNS2,1.052482321055697,-0.2982228133715436
TNS2,1.4502865716519344,-0.0587672661733162
TNS2,1.0259546775282022,-0.2844685722869991
TNS2,1.1158723501639511,-0.3328984267286558
TNS2,1.3558447563878375,-0.183890997248127
TNS2,0.854171696911593,-0.0458983884043749
TNS2,0.9297121404435597,-0.3484398837969792
TNS2,1.5033198570540405,-0.037004106006919
TNS2,1.0591955749081323,-0.2229724634762907
TNS2,0.7728449974801195,0.0684586097329443
TNS2,1.0017489516772624,-0.1120117828049286
TNS2,1.036421608574578,-0.2382568879178063
TNS2,1.2508354391980687,-0.2459975940893144
TNS2,0.8490991891952853,-0.197389873518953
TNS2,1.085861423758721,-0.1824658465857047
TNS2,1.0084258459146962,-0.1833051230865182
TNS2,0.7373717242220108,-0.2885422168834826
TNS2,0.9780648293321572,-0.2485639891317048
TNS2,1.0735415277709144,-0.3123371412189047
TNS2,1.0960662482026002,-0.1678185599251996
TNS2,1.0030920480915986,-0.4190202273816796
TNS2,1.060105612697004,-0.1905257423452174
TNS2,1.1126925390595626,-0.0716449686262004
TNS2,0.9383948494448612,-0.3078023336121739
TNS2,0.7834075840604392,-0.4778671360981281
TNS2,1.119454584317294,-0.2459951732170578
TNS2,1.469726795131563,-0.1291396700560125
TNS2,1.152991598062932,-0.3651769960686785
TNS2,1.153213795089726,-0.2078855401970876
TNS2,0.8627957648714345,-0.4863029267387873
TNS2,0.6951715760385251,-0.1227545168700399
TNS2,0.5286244282586512,-0.3338747699364114
TNS2,1.2591481159870377,-0.3372866112186793
TNS2,1.3719795712798204,-0.2874890349737185
TNS2,0.996040285962986,-0.2004235618038588
TNS2,1.054119918655316,-0.188365207919972
TNS2,1.1383735133198418,-0.2590527064897143
TNS2,1.0400104322632553,-0.1497198902411692
TNS2,0.9839978033176168,-0.2866431941396504
TNS2,0.9962626203839824,-0.4545300821336324
TNS2,0.7715149404035986,-0.4017676183517972
TNS2,0.9634228188870017,-0.3599191394201242
TNS2,1.0854889200835869,-0.178321006456962
TNS2,1.6004082823765369,-0.137984368186121
TNS2,0.797459966118421,-0.2833811617668097
TNS2,0.9942730443534716,-0.1197447846947876
TNS2,1.042825668892464,-0.2384668358422563
TNS2,1.0290527944125964,-0.211431331705762
TNS2,1.0228793590108889,-0.1818700755180296
TNS2,0.910188333791274,-0.1513254751751875
TNS2,1.0650565252747746,-0.3749349288430217
TNS2,0.9678779235960324,-0.1198268680093479
TNS2,1.4164974455256982,-0.2210114361111047
TNS2,1.0349571230843166,-0.1440909508712054
TNS2,1.0869623730338704,-0.343119283457223
TNS2,1.128856419658644,-0.2514231270759188
TNS2,1.3357148014640152,-0.1058977494742568
TNS2,1.1024016863078434,-0.759853635997473
TNS2,1.0998013785011944,-0.2349930519423094
TNS2,1.052405723702016,-0.1418976705641872
TNS2,1.000972264690322,-0.3221594957234427
TNS2,1.2165402048531802,-0.2143483545275718
TNS2,0.8543386760409251,-0.2686150899953439
TNS2,0.8598470735582185,-0.1800127417227737
TNS2,0.9563416409858824,-0.4210255474281329
TNS2,0.9856026225778624,-0.44448303890216
TNS2,1.0776136272407262,-0.2559084730288045
TNS2,1.1905803593796511,-0.3743176988043259
TNS2,0.9893006980086276,-0.3761985147060361
TNS2,0.998281779678639,-0.2879457708159155
TNS2,0.7490697669714552,-0.2060326062154708
TNS2,1.0489282526174213,-0.2973490288955439
TNS2,1.2270593240723164,-0.2339384456782738
TNS2,0.8152729196872447,-0.1744616212959719
TNS2,1.058204164125772,-0.2349277411262191
TNS2,1.0651037737421398,-0.022866507610056
TNS2,1.462280418019784,-0.2558044555401277
TNS2,0.971835474084402,-0.1531360498668706
TNS2,1.0670198387739955,-0.2748526869116178
TNS2,0.7957019281171407,-0.5203951149501851
TNS2,1.2964971187103551,-0.2679967406332161
TNS2,0.9985004617867412,-0.4632824423280896
TNS2,0.8672579105564969,-0.4159565041590961
TNS2,1.9056484520333412,-0.1584813064707706
TNS2,1.047688618507659,-0.6416485928017381
TNS2,0.9857918781930683,-0.4264942314721164
TNS2,0.8031247470949489,-0.0998308622326581
TNS2,1.0802011579962665,-0.1313354804140081
TNS2,1.1182881684428512,-0.4326614656999765
TNS2,1.087835189315417,-0.2079690050697328
TNS2,1.2162889448628529,-0.6425630130461979
TNS2,0.7043693314140567,-0.1603532403816768
TNS2,1.0077648204560965,0.0259061820074587
TNS2,1.021725748349167,0.0313916235489247
TNS2,1.4805159159868335,-0.098755646894846
TNS2,1.3019328136245785,-0.1978157785610596
TNS2,0.992641034408816,-0.1413123673454557
TNS2,1.2464767732377855,-0.3284920037757877
TNS2,0.9243620911368156,-0.3840277369025515
TNS2,0.9967599452436366,-0.0739260203880166
TNS2,1.0589533237345672,-0.0707899544876107
TNS2,0.782795843144074,-0.3113103463841207
TNS2,0.8830469190919992,-0.4520072452513598
TNS2,0.8754180282028046,-0.3412682908318589
TNS2,0.9837529759264904,-0.0508639861006127
TNS2,1.1021503173124938,-0.4701543741348217
TNS2,1.0819621270341928,-0.0973506774861948
TNS2,1.0773365463305788,-0.256923128532603
TNS2,1.040232487097635,-0.1447693133614897
TNS2,1.0680143267390874,-0.2268258360114923
TNS2,0.9425244833902764,-0.3124820416223145
TNS2,0.9653553464316196,-0.2305663159390622
TNS2,0.9921794626657302,-0.0492717703410453
TNS2,0.8943695650892267,-0.5204669299845883
TNS2,1.3302099799933509,-0.3924879207993013
TNS2,1.076595275946173,-0.2771837068730612
TNS2,0.9972305601242788,-0.288835226833161
TNS2,1.410065324188705,-0.3806190131702948
TNS2,1.1087914208969465,-0.0345313357944287
TNS2,0.7239906646479833,-0.2062420373231893
TNS2,1.0454927082937069,-0.1584054389475138
TNS2,0.9873640345930624,0.2740877713940162
TNS2,0.9945322088857502,-0.053858669218859
TNS2,1.0238206427312349,-0.2636793436880413
TNS2,0.9566280504061284,-0.460208396546971
TNS2,1.0106882065712748,-0.1527875935035982
TNS2,1.147183357709799,-0.1508050646917065
TNS2,0.8814483867144675,-0.2035436996808045
TNS2,1.1692310120290552,-0.0039117738710819
TNS2,1.3124568575669937,-0.2141779662808155
TNS2,1.0303567916900298,-0.1252867307913848
TNS2,0.7798340209119917,-0.3406240827400636
TNS2,0.9529100880504476,-0.3212512562632873
TNS2,1.008246222118459,-0.2259995161800969
TNS2,0.9702019605528828,-0.020599432428748
TNS2,1.0341862293964763,-0.0574331159061504
TNS2,0.5860976671141787,-0.3083199704378545
TNS2,1.0678018843194563,-0.1042905826059241
TNS2,1.1161740418114918,-0.1484645683631886
TNS2,0.6935015441650216,-0.2952477368519332
TNS2,1.22771185610351,-0.2793753759421887
TNS2,1.0144100895293346,0.1916972002356856
TNS2,0.9275371684750752,-0.2107564363339168
TNS2,1.0075566802088365,-0.520367376629896
TNS2,1.3783153447627543,-0.4193835086142502
TNS2,1.0701165989829249,-0.5988137827993767
TNS2,1.2263102334981504,-0.2663870074362541
TNS2,0.9966652962533304,-0.2460433494226361
TNS2,1.0218773157430094,-0.2379604734293847
TNS2,0.9962909336079808,-0.1944314510870849
TNS2,1.0259191212647434,-0.3306931847334061
TNS2,0.9482201787471056,-0.0891572067502163
TNS2,1.0380838641069086,-0.3489082279256668
TNS2,1.0106882065712748,-0.0736672120871397
TNS2,0.945902900685879,-0.5535095342292446
TNS2,0.9058738105466788,-0.0345276775134782
TNS2,0.9118731176260958,-0.1622616396512514
TNS2,1.0056581653406085,-0.3851897853214752
TNS2,1.006857839221689,-0.1146142795691742
TNS2,1.126352968652379,-0.1528652138292885
TNS2,1.4264251053471115,-0.0400904627783218
TNS2,1.0549663628842336,-0.5006528550199605
TNS2,1.051298238775116,-0.3822111614718038
TNS2,1.0112579188492945,-0.1886044741138046
TNS2,1.000599752090591,-0.2558134238091375
TNS2,0.9291477934381636,-0.2389308408371334
TNS2,0.7340753180170516,-0.253379630413013
TNS2,1.1174188013823794,-0.2970648244701051
TNS2,1.0034543598198336,-0.168267225840229
TNS2,0.9755332828009518,-0.3741153767881556
TNS2,1.0351974724882953,-0.3025395280829654
TNS2,0.9841035275688784,-0.0688497644577098
TNS2,1.0671315244894186,-0.3713229161921012
TNS2,1.129227368360746,-0.2540783670882793
TNS2,0.9136376443574048,-0.1663458864304216
TNS2,1.148625105366208,-0.3499633873209314
TNS2,1.0650712901956696,-0.2169232865799671
TNS2,1.1299555333458202,-0.1722301486728827
TNS2,1.0513004248906197,-0.2576028216513271
TNS2,1.1568349144042576,-0.4699839889591453
TNS2,0.9805791560370756,-0.1643191292261236
TNS2,1.1306112832856283,-0.7993990213389489
TNS2,0.9819837119257304,-0.3044698050734455
TNS2,0.8823133382704273,0.0532111269919671
TNS2,0.9739219063715892,-0.4648070944948873
TNS2,1.327202031786045,-0.1794914829819872
TNS2,1.1068156895668344,-0.4476251158254733
TNS2,0.8970398613119368,-0.2287184792857018
TNS2,1.0587184664186189,-0.1648145498059043
TNS2,1.0332354157276482,-0.3233808978629872
TNS2,0.9694403253719476,-0.3820889068318548
TNS2,1.00233863635244,-0.3240160944282287
TNS2,1.0427663983797697,-0.4140534206621132
TNS2,1.0214694098221693,-0.2028225888534405
TNS2,1.0515649784226344,-0.1225150522230108
TNS2,0.971013325890938,-0.2349969623055145
TNS2,1.0585511623589683,-0.3211540294391727
TNS2,1.168742413290241,-0.4139635647222315
TNS2,0.965915573530505,-0.0598929086442689
TNS2,1.0247869435221475,-0.1515915194742181
TNS2,1.1386434039620057,-0.2896246801522099
TNS2,1.3745181907516135,-0.4320891098105687
TNS2,1.1753276518271905,-0.0072192713421457
TNS2,1.1431375430511963,-0.2341909741500827
TNS2,1.0640898685991491,-0.4623078168925625
TNS2,0.9387084166715476,-0.180779038433075
TNS2,0.8097295315733982,-0.2161990422400731
TNS2,1.0470795118142846,-0.0435704190703142
TNS2,1.1039876246084028,-0.4409036302092192
TNS2,1.1834633264026235,-0.2079306979609161
TNS2,0.8369660449038668,-0.2383544160370212
TNS2,1.0225787846614611,-0.1662768395152556
TNS2,1.5019720852095548,-0.1793678672834109
TNS2,1.0485255377841851,-0.1210940896951588
TNS2,0.9390500769567556,-0.3837812229780091
TNS2,0.9967703088176988,-0.2689987427698661
TNS2,1.1589738378755952,-0.4006688898773624
TNS2,1.0076768096020945,-0.1937469834991489
TNS2,0.5983879382000374,-0.0020588619307191
TNS2,1.7320348997077584,-0.3251465282890602
TNS2,0.8839888023747461,-0.2259673729946327
TNS2,1.3421398433495588,0.0705546906861112
TNS2,1.1148912561857691,0.0487444407329341
TNS2,0.8903490856125607,0.0067970046907405
TNS2,1.1594310281737157,-0.2074480023260757
TNS2,2.1047983169479045,0.0340145801033893
TNS2,1.0868056719502184,-0.4082510340265768
TNS2,0.9129387647605014,-0.2254650081328665
TNS2,0.8640220285528379,-0.4478493310346224
TNS2,0.6709196949698694,-0.035664506522266
TNS2,0.983838215319356,-0.2622559870350678
TNS2,1.1460341223881825,-0.1976678927208613
TNS2,0.7623371035272806,-0.1153820813865748
TNS2,1.016800750282774,-0.3176947495684286
TNS2,0.8084833678832557,-0.3146950869419812
TNS2,1.0340987782153097,-0.3044311285375835
TNS2,1.1030704998994485,-0.2069796391886029
TNS2,0.9171362614392574,-0.0696837500017596
TNS2,1.0431546091715085,-0.2034354841507652
TNS2,1.128314302566642,-0.3269265150274467
TNS2,1.1339712000465227,-0.1752451302055702
TNS2,1.1142338111528491,-0.2604954613657526
TNS2,1.037757961434274,-0.1345282820231308
TNS2,0.9886350772395696,-0.2553156443173908
TNS2,1.0132590071697667,-0.3546403544979867
TNS2,1.18026760295591,-0.1468937559084456
TNS2,0.9226248144285256,0.1228370165199834
TNS2,0.8823261813969586,-0.2278592527984909
TNS2,1.035016667138906,-0.0979055990249073
TNS2,1.140288593829653,-0.3084979276652038
TNS2,0.9969858955895808,-0.4541168116057633
TNS2,1.0864094998087457,-0.3568005324631916
TNS2,1.1910161697615098,-0.5052273541138321
TNS2,1.0332970094059628,-0.1263860348481767
TNS2,0.8439520861651861,-0.1937175509687409
TNS2,0.9689929000780934,-0.1456218783937209
TNS2,1.0455144489294397,-0.2085621885664511
TNS2,0.7080862466817847,-0.4357398153044656
TNS2,0.8051525178377578,-0.1514379639750935
TNS2,0.9767843562149832,-0.3990121989599825
TNS2,1.020673895560981,-0.1746561570296669
TNS2,1.3118656690049375,-0.0106035820498064
TNS2,0.6085927277967914,-0.2017887462951839
TNS2,1.0381889229786951,-0.1033567218590046
SMARCA4,1.0805254103748232,-0.2637494097698288
SMARCA4,1.0062389915851233,-0.2931674980865723
SMARCA4,0.996302673473427,-0.1361625653000563
SMARCA4,1.1310808050844403,-0.4170372924938013
SMARCA4,0.715901496211767,0.034046309200325
SMARCA4,1.5601059404854216,-0.2031055399183945
SMARCA4,1.185744354866162,-0.2472651959566204
SMARCA4,0.7658724246152453,-0.32906996268606
SMARCA4,1.001796863625842,-0.0866223397513787
SMARCA4,1.0158412757731217,-0.1608045885337115
SMARCA4,1.08011954859503,-0.1455255851120221
SMARCA4,1.1239773786983402,-0.0297136156432615
SMARCA4,1.072996224677016,-0.4545835611473567
SMARCA4,1.0067343183800186,-0.0910338100482623
SMARCA4,0.7407214392954902,-0.4921611583798083
SMARCA4,1.1383869274255245,-0.2646559229920591
SMARCA4,1.0350633004169223,-0.1175085143001982
SMARCA4,0.7570067135553082,-0.0583115965285298
SMARCA4,1.048437600786959,-0.5845980181874811
SMARCA4,1.6266490243905225,-0.6181133425157641
SMARCA4,1.042241784422603,-0.2651648497535473
SMARCA4,0.6987159601672726,0.109360110605799
SMARCA4,1.0736129658868965,-0.3616606957937245
SMARCA4,1.0201738316966853,-0.3626313007239423
SMARCA4,1.0225546858269805,-0.7874860384463684
SMARCA4,1.028137343853638,-0.0871316940699623
SMARCA4,0.915830171710682,-0.3774887177599504
SMARCA4,0.8932215726760594,-0.6651407733577643
SMARCA4,1.1131553911180383,-0.0440393603170208
SMARCA4,1.000085953944218,-0.8208985279619858
SMARCA4,1.3692482153608274,0.0930688055784106
SMARCA4,1.1187928973383685,-0.3784489577723945
SMARCA4,0.6767617800339096,-0.0633899671068142
SMARCA4,0.9545012552438616,-0.0684756091933003
SMARCA4,1.2492636658674094,-0.1081489968366785
SMARCA4,0.937610089753672,-0.1078565991743314
SMARCA4,0.8083225496633082,-0.4769299605062865
SMARCA4,1.0128945595006622,0.1098298892542577
SMARCA4,0.9285548254146502,-0.1211100159119381
SMARCA4,0.7610726071106265,0.2107109486720084
SMARCA4,0.7910358583906024,-0.5215783483640947
SMARCA4,0.8473927998290463,-0.0430066270037025
SMARCA4,1.037614107604678,-0.2329510453065878
SMARCA4,0.9708921835215066,-0.5635827963825273
SMARCA4,0.5748074304459305,-0.2068737584062888
SMARCA4,1.019907278283702,-0.449523419523022
SMARCA4,0.9973570627891384,-0.3736597325636394
SMARCA4,1.0631336690336524,-0.4126244379021918
SMARCA4,0.878138253683363,-0.8655362342314763
SMARCA4,0.8141265650126756,-0.1485588763924232
SMARCA4,0.7363742073237082,-0.0737956503707927
SMARCA4,0.9903188463565266,-0.8707298377681658
SMARCA4,0.7732801045242635,-0.2541132750797984
SMARCA4,0.2388774036252866,0.1179389763706798
SMARCA4,1.0977640505587083,-0.5777139093088695
SMARCA4,0.7288435141211185,-0.1197786615311437
SMARCA4,0.4048928564735591,0.2421103313520552
SMARCA4,0.9033400012431684,0.3832557602231699
SMARCA4,0.7336943090737753,-0.4881987620983649
SMARCA4,0.9711923750663872,-0.1426763029646988
SMARCA4,1.2426499916530855,0.0929748029075279
SMARCA4,1.0202360610886982,-0.0223504775803341
SMARCA4,0.9193422825981588,-0.1955689026646366
SMARCA4,0.8640004686222456,-0.351531364556452
SMARCA4,0.8532586263516377,0.059076535151292
SMARCA4,0.8987650941796139,0.3751675069733569
SMARCA4,1.0117753527072952,-0.0938285530006323
SMARCA4,1.024973776862767,-0.2805005939815077
SMARCA4,1.4740801805846593,-0.3378237877901924
SMARCA4,0.6659838048930886,-0.3528268223273948
SMARCA4,0.963098325754044,-0.1504959441126183
SMARCA4,0.8909824994933496,-0.1538808771383743
SMARCA4,0.881569367762071,-0.2761511655640124
SMARCA4,1.0772857683375805,-0.6534812511165478
SMARCA4,0.985541139404533,-0.2991900394095916
SMARCA4,0.9437371495282446,-0.602149732948021
SMARCA4,0.7426503319550749,-0.3248062531623075
SMARCA4,0.6775446838583878,-0.1130088761963814
SMARCA4,1.0446994844049908,0.1220855104279178
SMARCA4,0.8826454849135199,-0.2368137120299203
SMARCA4,0.7750750943430419,-0.5023926486327397
SMARCA4,1.0024609230145587,-0.9224331561451256
SMARCA4,0.9891265376690128,-0.8040607417209176
SMARCA4,0.6356876652219005,-0.1471281161244748
SMARCA4,0.9677377194443504,-0.4373688164902852
SMARCA4,0.8346793591846019,-0.1120601678752554
SMARCA4,1.143516355108611,-0.2283040340868385
SMARCA4,0.8610225935018231,-1.002662820319764
SMARCA4,0.3998470731677162,0.0331650450238584
SMARCA4,1.0067357140110946,0.2297379964166434
SMARCA4,1.442457687471001,-0.458406482237187
SMARCA4,1.0600519729812865,0.2635062680654911
SMARCA4,0.997278947226726,-0.1563756622307865
SMARCA4,0.6007817942430246,-0.0254496222029591
SMARCA4,0.9292096229679162,-0.3754603106108429
SMARCA4,1.0240158173900735,-0.5554950697353784
SMARCA4,0.9572376187627956,-0.8939281151990632
SMARCA4,0.9782194125231898,-0.2718049234234863
SMARCA4,0.8478788242979288,-0.5794601030467833
SMARCA4,0.8892084431426233,-0.0605671434125878
SMARCA4,1.161111887158944,0.0212538892331739
SMARCA4,0.9781238121410438,-0.1403336729537272
SMARCA4,1.0175466943107625,-0.430175709360135
SMARCA4,0.8402578378272523,-0.3486699886143521
SMARCA4,0.9953722004840988,-0.0486555651633625
SMARCA4,0.932107334813678,-0.096741298230106
SMARCA4,0.7637826217565916,-0.5573138061923371
SMARCA4,1.0127499403142002,-0.2855317261038497
SMARCA4,1.1958894246492535,-0.1154692646252225
SMARCA4,1.50677395371012,-0.269515261628199
SMARCA4,1.0211742045441583,0.1624314881484724
SMARCA4,1.1318289936510273,-0.429949059811439
SMARCA4,0.918449943388106,-0.4779836833982017
SMARCA4,0.9584193893190052,-0.3857704379049177
SMARCA4,0.957832305286337,-0.3619809579281537
SMARCA4,1.1371834436801282,-0.11641938073688
SMARCA4,0.91297799926126,-0.2562674723683431
SMARCA4,0.9988091895747232,-0.0659529252808797
SMARCA4,0.8482191736787107,0.0863631527592764
SMARCA4,0.9693099729597432,-0.4793745086509679
SMARCA4,1.0362628559439873,0.1421727036727258
SMARCA4,0.7890852076229626,-0.0981811182813442
SMARCA4,1.0455485101677064,-0.4918570442611273
SMARCA4,1.4044215122441888,-0.328670516126698
SMARCA4,1.596323447003433,-0.1180469729608217
SMARCA4,1.1065663821422314,-0.003885470634059
SMARCA4,0.8920608321090904,-0.145902796364568
SMARCA4,1.2959697106425705,-0.124163497933115
SMARCA4,1.014917176920359,-0.2477543411531908
SMARCA4,0.9982582534450278,0.3882015473536979
SMARCA4,1.001299107779585,-0.3348904392664909
SMARCA4,0.9356436023158748,0.0732600725608532
SMARCA4,1.0003778365756693,0.2028554339765327
SMARCA4,0.8622481300248946,-0.0441707057481775
SMARCA4,0.8154260772896335,-0.2729055928806263
SMARCA4,0.964503246847722,-0.7357875971034127
SMARCA4,0.9989995962091318,0.0904283611461572
SMARCA4,1.422260764270762,-0.3695916712090749
SMARCA4,0.9650649862396468,-0.766407392322431
SMARCA4,1.1906818691393817,-0.7768502477824947
SMARCA4,1.007671221870871,-0.1455948680944483
SMARCA4,0.8453384634001206,-0.2391361789579403
SMARCA4,1.0144797023316328,-0.9668129936491482
SMARCA4,1.018770436466804,-1.005711108385614
SMARCA4,0.9712940304539268,-0.0686468464245525
SMARCA4,1.013726169348992,-0.2595188497633357
SMARCA4,0.9201697916848626,-0.5777670408967689
SMARCA4,1.4093012179432824,-0.7688259811108511
SMARCA4,0.9548956561777976,-0.2577570719915023
SMARCA4,1.434458270894729,-0.2383820702497341
SMARCA4,0.8939790946135624,-0.2867648259971975
SMARCA4,0.6453112133384349,-0.5713548478733936
SMARCA4,0.9583961382016316,-0.2390950152381271
SMARCA4,1.6268700308110633,-0.1384803776442631
SMARCA4,0.8421639351891225,-0.2703769140471818
SMARCA4,1.0361809749539297,-0.6827322649561743
SMARCA4,1.0317032025276998,-0.5067761816280606
SMARCA4,0.9737531531874888,-0.287450966728674
SMARCA4,0.8200660400584538,-0.318565888403483
SMARCA4,1.086765746920353,-0.4381703396062485
SMARCA4,0.9243037875486916,-1.151481972284169
SMARCA4,1.016586515912683,-0.6991623945118195
SMARCA4,1.0368211119019088,-0.4452327906918651
SMARCA4,1.1170858006634004,-0.3313040408261332
SMARCA4,1.132093409145865,-0.4945444283519482
SMARCA4,1.0045330285836511,-0.2541431531780446
SMARCA4,1.0247201748483812,-0.6844622635399658
SMARCA4,1.1515523515348822,-0.5791290855083099
SMARCA4,0.8986654234680713,-0.4166114281956075
SMARCA4,0.8360209496364237,-0.1071757515452215
SMARCA4,0.927089804232673,-0.1508999085381785
SMARCA4,1.012817333093916,-0.0978130398045648
SMARCA4,0.9534254227608574,-0.1619290688507693
SMARCA4,1.5125522708820764,-0.6022001819488437
SMARCA4,1.4090687460656848,-0.4519713907309903
SMARCA4,0.9726994451703872,-0.8337700003704656
SMARCA4,1.184356164948359,-0.1916174443696904
SMARCA4,0.9780729646805376,-1.0132134131453157
SMARCA4,0.8971331332582995,-0.6744632300815674
SMARCA4,1.014451575371741,-0.1811053724888628
SMARCA4,1.3401411870207631,-0.9430495586525952
SMARCA4,1.0018524165798035,-0.1398977558847853
SMARCA4,0.6060013866568115,-0.6793726522430923
SMARCA4,0.973682285569876,0.2605424620284653
SMARCA4,0.6760266378277312,-0.2559802612544719
SMARCA4,1.0354952961685295,-0.6105877126498991
SMARCA4,0.5757386618120914,0.2546531347365804
SMARCA4,0.9367506638067818,-0.1367986155755339
SMARCA4,1.7655161277733364,-0.2887051820921841
SMARCA4,1.2492316271055035,-0.1135832992232585
SMARCA4,1.5039754317434508,0.0994716626006687
SMARCA4,0.8860567448906513,-0.2704729265399392
SMARCA4,0.8426661043066399,-0.2988709731429475
SMARCA4,0.9540679991485944,-0.5299729790765267
SMARCA4,1.0111079265509026,-0.5137262358508192
SMARCA4,1.0508108485386645,-0.0485205376169443
SMARCA4,1.0489733314090242,-0.0093539772081782
SMARCA4,1.0084698830907126,-0.4711636997653949
SMARCA4,0.9677061930783124,-0.471333137356125
SMARCA4,1.0206102245960345,-0.2494340222628857
SMARCA4,0.6858281374473013,0.3873602141348196
SMARCA4,1.1529012928046654,-0.0914087365275956
SMARCA4,0.6979821272900054,-0.7913169283968573
SMARCA4,1.0996786511491312,-0.1784381362781796
SMARCA4,0.9983745061158004,-0.9348372963718004
SMARCA4,0.9202201802990984,-0.763998688505745
SMARCA4,1.0107708755223674,-0.6114255141656544
SMARCA4,1.0498738587513694,-0.2724172184803017
SMARCA4,1.1007264666325214,-0.0045003635551574
SMARCA4,0.8106314198260995,-0.2491150031504939
SMARCA4,1.1019967735794125,-0.3126905074239791
SMARCA4,1.0814117971373385,-0.5965066650367346
SMARCA4,0.6132243967614216,-0.9932814612448262
SMARCA4,1.0440371150648728,0.0308856396366549
SMARCA4,1.002974550891833,0.1862991562972522
SMARCA4,1.163115204277645,-0.4438181233817816
SMARCA4,0.9348708634302698,-0.0427984428042471
SMARCA4,0.569891428903265,-0.709073480292647
SMARCA4,1.6507435398441836,-0.4336938926819617
SMARCA4,0.8079091639702665,0.0186576365001947
SMARCA4,1.4070806282861268,-0.2235761865807742
SMARCA4,1.0383220607938894,-0.1870496354103593
SMARCA4,0.9110739092778553,-0.5077116476499886
SMARCA4,1.10568466823142,-0.4429742562940446
SMARCA4,1.951530485815252,-0.2374876518835585
SMARCA4,1.0094300917203185,-0.6180739551831083
SMARCA4,1.1111780453866031,0.0555665296204907
SMARCA4,0.9502111230736724,-0.174538500424856
SMARCA4,1.0025825296583202,0.0591316809031978
SMARCA4,0.747650021039358,-0.3713882402026502
SMARCA4,0.6620953944187637,-0.2090041987832772
SMARCA4,1.0354070166024754,-0.3763111390040913
SMARCA4,0.7087619206375358,0.0901441630524663
SMARCA4,1.0918767383325765,-0.3406495516959517
SMARCA4,1.404326115344776,-0.5223647654876745
SMARCA4,0.9879260775378054,-0.4873875256783789
SMARCA4,1.1091388624738114,0.0091003118084715
SMARCA4,0.6608400369034532,-0.9342511154586914
SMARCA4,0.681331115794339,-0.0183882755910239
SMARCA4,0.9230060439832108,-0.5364495462302804
SMARCA4,1.0624102714999195,-0.7938741910879707
SMARCA4,0.9137611433481688,0.1377764164296083
SMARCA4,1.5672539871001323,-0.5270712376833253
SMARCA4,1.055861788954764,-0.7047403734263746
SMARCA4,0.80998999890515,-0.4919430366861176
SMARCA4,1.5734801732845447,-0.449865669140313
SMARCA4,0.7929259244389888,-1.2715661495374675
SMARCA4,1.015270388832385,-0.8867997520117978
SMARCA4,0.9180266879863658,-0.2759703969398678
SMARCA4,0.9993174830478766,0.0034705219586415
SMARCA4,0.8988535611950339,-0.1385834404848739
SMARCA4,0.8871727757540823,-0.4543311074235001
SMARCA4,0.8293845053354673,-0.292944699369992
SMARCA4,0.6659159495050204,-0.0766550060300756
SMARCA4,1.1241807374297696,0.0519628648271752
SMARCA4,1.0450775489191733,0.0339131594859939
SMARCA4,0.9330407523193328,-0.5328303619749654
SMARCA4,0.840073230224352,-0.5397202128278387
SMARCA4,1.0747603473039773,-0.1400487429840481
SMARCA4,1.0597625123266263,-0.2264800276002384
SMARCA4,1.1089566726742526,-0.5939589628129811
SMARCA4,0.8970292911031518,-0.5172994135208273
SMARCA4,1.0386481406190928,-0.223582350614995
SMARCA4,0.9712596953251584,0.0555635883631295
SMARCA4,1.178113062485328,0.2302586196160196
SMARCA4,0.6909350479070093,-1.3350516558813066
SMARCA4,0.5112589149422643,-0.2780744019440458
SMARCA4,1.0479936679218242,-0.7574257464604655
SMARCA4,0.7051499577869274,-0.6382329247700262
SMARCA4,0.980070882925044,-0.0597298915702891
SMARCA4,1.165979157641646,-0.0938463051862597
SMARCA4,1.0309225845910746,-0.7547560277759918
SMARCA4,0.8790608868032342,-0.9444722119307724
SMARCA4,1.0203676038854788,-0.6279948942760833
SMARCA4,0.6429177112046481,0.0114523851734875
SMARCA4,1.2193928569452144,-0.192389343949503
SMARCA4,1.053878097854444,-0.4187794861934658
SMARCA4,1.1954750327705634,-0.4012359138690559
SMARCA4,0.9650322091246352,0.3766266258416968
SMARCA4,1.0333736485272011,-1.031450559700998
SMARCA4,0.8262349539777253,-0.6694641366128802
SMARCA4,0.854368285676245,-0.7047019046818623
SMARCA4,1.1478912745945458,-0.259984210308321
SMARCA4,1.1300761565094282,-0.4276997630728661
SMARCA4,0.8186881962564709,-0.1556304250576636
SMARCA4,0.5628061505232523,-1.16554567563212
SMARCA4,0.9911690197327993,-0.4785818865117821
SMARCA4,0.7354927369839579,-0.2870185809810814
SMARCA4,1.2643387046888686,-0.5174154277435059
SMARCA4,0.9986921940476442,-1.1406384624984802
SMARCA4,1.2451072350723356,-0.5097700480490656
SMARCA4,1.3929447154635957,-0.2900502370266226
SMARCA4,0.9844828641539602,-0.0475209885930737
SMARCA4,0.9444091994638056,-0.1250557875046893
SMARCA4,0.726467921712356,-0.346001464087893
SMARCA4,1.001728815455262,-0.0291831713748936
SMARCA4,0.9668721237813191,-0.4950916353258155
SMARCA4,0.7522614157053633,-0.230682458248422
SMARCA4,0.860573905282525,-0.2362575794527785
SMARCA4,0.992622457331625,-0.9300558701324432
SMARCA2,0.6017545289813754,0.2722170353693708
SMARCA2,0.6630267580148301,0.0787956574581151
SMARCA2,0.6591780006240618,-0.0384122501868224
SMARCA2,0.4362750876969209,-0.0435049286402016
SMARCA2,0.9310993375414334,0.169643220532099
SMARCA2,1.32012999433573,-0.0982794604739479
SMARCA2,0.590146891209705,0.165753171616054
SMARCA2,0.7803720434768907,0.0235432799182986
SMARCA2,1.054407838107264,0.0665435745614765
SMARCA2,0.6403191223286965,0.0738115792264949
SMARCA2,1.035999997828129,-0.0039463817102436
SMARCA2,0.8012264760243134,0.1000542795567703
SMARCA2,0.7359843529602124,0.1528038001226309
SMARCA2,1.076579605041644,0.1230696487965442
SMARCA2,0.8129356152230232,0.0835457863307116
SMARCA2,1.2200514601229355,0.1002085789532729
SMARCA2,1.1251856043418638,0.0350335980273069
SMARCA2,0.8268187438987986,-0.1002942736436895
SMARCA2,0.5165306988095497,0.1041947320490172
SMARCA2,0.5596116880269852,0.110054763129209
SMARCA2,0.6423902939232665,-0.0085451720125883
SMARCA2,0.9448609915508388,0.2094206131259035
SMARCA2,1.0382572889134447,-0.0222515609902212
SMARCA2,0.8215697681869655,0.1894025897429302
SMARCA2,0.9741055430548996,-0.0345906686189841
SMARCA2,1.018450597174888,-0.1628346704909019
SMARCA2,0.3270563203870422,0.2143488935408473
SMARCA2,0.4530160280720433,0.0647842258044189
SMARCA2,0.9180419599760452,0.0880971069220939
SMARCA2,1.1503046505666692,0.1000651031908601
SMARCA2,0.7755722017216182,-0.1250680579000524
SMARCA2,0.6420243853951596,0.3912397407392627
SMARCA2,0.3373221593428898,0.2408385287465213
SMARCA2,1.006437093051473,0.0779413008966866
SMARCA2,0.7136952125171958,0.0066228791859694
SMARCA2,0.9549247794841031,0.1007446308544427
SMARCA2,0.8053685273280095,0.0194582265945511
SMARCA2,0.9923122027389948,0.0827974497243483
SMARCA2,0.9902474595111146,0.2319187743141321
SMARCA2,0.7896159296404565,0.0915945004232307
SMARCA2,1.266424437716123,0.0262807679615305
SMARCA2,0.8372561655021564,-2.206850277653593
SMARCA2,1.1299586662521317,0.2408592241642422
SMARCA2,1.06257302984294,0.0414909758888645
SMARCA2,0.7017144614715587,-1.063241078333652
SMARCA2,0.7615496484932534,0.0714518956438168
SMARCA2,1.0127253711454265,0.0959009022063843
SMARCA2,0.9967219463939424,-0.0423181155705939
SMARCA2,0.4453967697196392,0.0724968756412414
SMARCA2,1.2175820538651827,-0.0439356812549258
SMARCA2,2.4273632146009576,0.0226716077835181
SMARCA2,1.0308189755408268,0.0789615636606163
SMARCA2,1.0613606743791066,0.1875337760066255
SMARCA2,1.0365308100199302,-1.1851064603890196
SMARCA2,0.7133786774045469,0.1466673691676006
SMARCA2,0.8268353641711962,-0.7149559797570268
SMARCA2,0.5761634306426765,-0.4615519612464571
SMARCA2,1.4085228809815282,-0.0717434432308604
SMARCA2,1.1110378760210418,-0.0172764414825085
SMARCA2,1.2387508093405233,0.0513714394228208
SMARCA2,0.5839347201754164,0.1520686323080247
SMARCA2,1.2182633229872604,-0.0705301367540827
SMARCA2,0.9838109379101,0.0415887054532317
SMARCA2,1.1515786922799074,-0.0449881201028365
SMARCA2,1.0990598871015234,0.1348612482662392
SMARCA2,1.2926601233826402,0.2640746981275299
SMARCA2,1.0174119890899964,0.0902365036328199
SMARCA2,1.0607722942006057,0.0651638903247397
SMARCA2,0.9829943299268834,0.0441729459793122
SMARCA2,1.0997708859549251,0.0223587250729039
SMARCA2,0.9837516121562324,0.0667626289489653
SMARCA2,1.339678667140852,0.0144032699593677
SMARCA2,1.113262645977224,0.1451539322390747
SMARCA2,0.7693521452799278,0.0339906418061123
SMARCA2,0.9913930155193044,0.2275473238117931
SMARCA2,0.8960412160987075,0.2527830922850123
SMARCA2,1.028175827700918,0.1265543961241944
SMARCA2,0.9697548559245476,-0.0970731307276364
SMARCA2,0.7803038914551179,-0.2558530038948648
SMARCA2,0.7771376161723117,-1.1799634305786797
SMARCA2,0.8449389440499663,0.0849301593504203
SMARCA2,0.9883014072568216,-0.244465330361755
SMARCA2,1.1145281069887014,-0.1933899020510318
SMARCA2,0.7041067117747782,0.1731681041734257
SMARCA2,1.0391017993634182,-0.0259863882272129
SMARCA2,0.9191594130484771,-1.0388886319024444
SMARCA2,1.099203116762827,-0.1253298089376758
SMARCA2,0.4131810518497449,0.1954056466767174
SMARCA2,0.9198420141465096,-0.9791949478634252
SMARCA2,0.6793509675742357,0.0145213100703258
SMARCA2,0.5902651210021143,0.1720246979030106
SMARCA2,0.8358303206226881,-0.2242162466758839
SMARCA2,0.6877141809599866,0.0263582234525317
SMARCA2,0.590030729985802,-0.2808693045857011
SMARCA2,0.4701183828920146,0.0790784960769967
SMARCA2,1.0571953613490594,-0.0621756082671478
SMARCA2,0.7064463957655478,0.2685322877491511
SMARCA2,0.9360107472488792,-0.0090730591159865
SMARCA2,0.428674647050517,0.1447571477278972
SMARCA2,1.1347535486966331,-0.0108768593697412
SMARCA2,0.9031822258342416,0.3399754237105601
SMARCA2,1.066191010999646,0.2070656015504057
SMARCA2,0.7738790449221374,0.0119021777273907
SMARCA2,1.155673607104026,-0.1352337900338028
SMARCA2,0.990548142761054,0.1479011903135995
SMARCA2,0.5221419580862876,0.0609199273640158
SMARCA2,0.7394666560213891,0.0985768119247308
SMARCA2,0.5296253198607007,0.1393775659595309
SMARCA2,0.6255781375846454,0.1407977852372576
SMARCA2,1.1838489369171072,-0.3799029879437944
SMARCA2,1.0345647919118035,0.1513661993831254
SMARCA2,0.5918087777668579,0.2133151927079563
SMARCA2,1.4246089904334425,-0.1074007329229491
SMARCA2,0.9624703482512988,0.0986790098109525
SMARCA2,1.2343144690926402,-0.1410250546465531
SMARCA2,2.3173484619878018,-0.152059686852114
SMARCA2,0.6689670232334238,0.0938768372794826
SMARCA2,1.3673759917830814,0.045499431576963
SMARCA2,0.8192541607946114,0.1459484042176384
SMARCA2,0.2554089525262444,0.3876381661842001
SMARCA2,0.8243020569162475,-0.108142029698898
SMARCA2,1.36217399939947,0.2311030905357036
SMARCA2,0.7949940676664288,-0.1020834868132145
SMARCA2,1.3426292706014278,0.0793150412464737
SMARCA2,1.157798345450237,0.009087514528898
SMARCA2,0.742460922231229,0.0451561543500878
SMARCA2,1.26383751880415,-0.4938055917562171
SMARCA2,2.528595031675599,-0.0158927046232894
SMARCA2,1.004233668826734,0.0815577902733784
SMARCA2,1.052661069895516,-0.0192363648924072
SMARCA2,1.0162483430155602,0.0087156518558517
SMARCA2,1.308520929359019,-0.0253824509837776
SMARCA2,0.991474106225796,0.0177701957372423
SMARCA2,1.155787362072351,0.1338240006995255
SMARCA2,1.406803666379953,0.1431771785471732
SMARCA2,1.0188919028585277,-0.022045706202469
SMARCA2,1.0834368005148092,0.0276681826492935
SMARCA2,1.0086013070481192,0.0366902876976562
SMARCA2,0.6123757251493381,-0.2891666071282669
SMARCA2,0.6997633447937229,-0.0507323700241384
SMARCA2,0.715544799253655,0.1340251754373876
SMARCA2,0.4422696045494864,0.0654780977448813
SMARCA2,0.5530677022891543,0.2250888338764246
SMARCA2,0.5547378232254936,0.2437722453085269
SMARCA2,0.489520098604021,-0.0485271691371507
SMARCA2,1.075244685021847,-0.0330448026039256
SMARCA2,1.3959671574090906,0.0644116887809413
SMARCA2,0.95742474589979,-0.0822079417122446
SMARCA2,1.009221607533713,-0.1307616417516477
SMARCA2,0.98948929200465,0.1069100214070774
SMARCA2,1.6111312195567389,0.063153504414689
SMARCA2,0.3529123934100291,0.14312055363898
SMARCA2,1.053725435952479,0.0579529411220816
SMARCA2,1.3213017708865151,0.0349555743200338
SMARCA2,0.855394004239388,-0.1281180651251094
SMARCA2,0.8076297723114891,0.0469236342043974
SMARCA2,1.0815189920377963,0.0092801135514133
SMARCA2,0.4944518697135699,0.1371518411493494
SMARCA2,0.5377557682699274,0.248876536669799
SMARCA2,0.9796484286438664,0.0895565990687493
SMARCA2,0.0069381365928362,0.4857369327634483
SMARCA2,1.0030051405535132,-0.0411559171580743
SMARCA2,1.4224313241315625,-0.0595724711130428
SMARCA2,0.8817331463358603,0.0474695929830794
SMARCA2,0.9198498689012532,-0.066919597200241
SMARCA2,2.1081959981514635,0.1016358120157738
SMARCA2,0.9343143944456358,0.0048848203108643
SMARCA2,0.7876425741957741,0.1041634704746343
SMARCA2,0.9789913378626848,0.0646323821651337
SMARCA2,1.1611843233471038,0.0924351205279465
SMARCA2,0.9911945634638047,-0.0465112678559571
SMARCA2,1.056877377459284,-0.0274946839413724
SMARCA2,0.732681960316149,0.1015933270529942
SMARCA2,0.5428550746391428,0.0436611250018962
SMARCA2,1.124139439384798,-0.0147454933065797
SMARCA2,0.4036769174776682,0.1234981617151358
SMARCA2,0.7043258801404905,-0.0125822394718963
SMARCA2,1.03016469278416,-0.1381565612962848
SMARCA2,0.9029769086408064,0.0546199689274772
SMARCA2,0.9956737496850426,0.0449028871844948
SMARCA2,0.887042417774852,0.053204606769007
SMARCA2,1.113897899106592,0.0726987124436504
SMARCA2,1.938481465931995,-0.0327632988110099
SMARCA2,0.9966901666502704,-0.0319463185552764
SMARCA2,0.7171083392999941,0.3033035291492222
SMARCA2,1.007967414327133,0.0455547445246387
SMARCA2,1.102096078027821,-0.0066450763636083
SMARCA2,0.9722383853436576,0.0643361754678218
SMARCA2,0.9576716504205977,-0.1680988799116111
SMARCA2,1.1773236693115048,-0.0992961116482512
SMARCA2,1.8646463060872551,0.1972175795842287
SMARCA2,0.579590157251977,0.1820164798522634
SMARCA2,1.0831942607506764,0.2954521415051214
SMARCA2,0.5384689270657832,0.0937232272383236
SMARCA2,1.470203641378769,-0.0546509503394295
SMARCA2,0.9918869152153658,0.0956147257900819
SMARCA2,0.7377433927440985,-0.0310583423822627
SMARCA2,1.0441890971162957,0.3461344180261522
SMARCA2,0.9801098053597528,0.1229678259107232
SMARCA2,0.9333156549996964,0.0795869620963149
SMARCA2,0.7080602343363622,0.0858766678508704
SMARCA2,0.9885624413286755,0.0994311376031805
SMARCA2,1.2058546335277474,0.5108533465742214
SMARCA2,0.926457691896458,0.0459156658190069
SMARCA2,0.997589371759496,-0.0247625068501294
SMARCA2,3.738798614758454e-05,0.2018864470207664
SMARCA2,0.9220826652378156,0.0252407439418253
SMARCA2,0.6179855457464848,0.1846836054498893
SMARCA2,0.8913253234448766,0.0523447386882857
SMARCA2,0.9688417895551048,0.1307423237414501
SMARCA2,0.6077824828237463,0.1094170719612816
SMARCA2,1.204257654836686,-0.0136581886181576
SMARCA2,0.8853010268688456,0.0392307845504168
SMARCA2,1.7018100293475544,-0.0301735865460531
SMARCA2,1.0933550728814088,0.0610457520327493
SMARCA2,0.8916522099586132,0.0621155006621493
SMARCA2,0.988521329027447,-0.0388548372368843
SMARCA2,0.5491716286908906,0.2191620061780668
SMARCA2,0.724360609381795,0.0943176301042916
SMARCA2,0.5409300687088716,0.1959144686492003
SMARCA2,0.557005527448687,0.0572731166353403
SMARCA2,0.6849691890307403,-0.0540724990928236
SMARCA2,0.6867052983299802,0.2011392773553387
SMARCA2,0.89430385495054,0.0609111671414365
SMARCA2,3.3486524834129705,-0.0629702844544402
SMARCA2,1.007759930762551,0.0714435126491687
SMARCA2,1.1486155514109022,0.067163361358187
SMARCA2,1.0185169573357775,-0.171261456288396
SMARCA2,1.0054650957292852,0.1949577092420192
SMARCA2,0.7036758958474706,0.1645820995181645
SMARCA2,0.706901936911327,-0.0807693266687586
SMARCA2,0.6685062715275117,0.1777185315168273
SMARCA2,0.7918044057873126,-1.2747659415131851
SMARCA2,0.7834602584567459,0.0282756267006903
SMARCA2,0.9502914800829072,-0.0259159251220077
SMARCA2,1.021104132370364,0.1511997988762627
SMARCA2,0.614632091169246,0.1123029170882297
SMARCA2,1.5366587165546883,0.1268188259681181
SMARCA2,0.8025320977776405,-0.0021115835287088
SMARCA2,1.144022954754994,-0.008631626148367
SMARCA2,1.070666375652412,0.3503519212479349
SMARCA2,0.9332212087119688,-0.0325160971638136
SMARCA2,0.4073559821820083,0.0667568572930263
SMARCA2,0.7006733841377011,-0.1195422262762659
SMARCA2,0.3715082103857233,0.2016813990715576
SMARCA2,1.0374566105337375,0.1895511265146589
SMARCA2,1.1587095693309426,0.0893178570674762
SMARCA2,1.0719317112265017,0.1264823857198458
SMARCA2,1.4353076465259105,-0.0745018645232206
SMARCA2,0.9952004203894428,0.1145147755468748
SMARCA2,0.9447666866638996,0.0465948086928121
SMARCA2,0.6838202257744481,0.0900099251654855
SMARCA2,1.125305718313818,0.1151551758022584
SMARCA2,0.9602653328463682,0.0476025345534053
SMARCA2,0.9691050729046276,-0.0862413410115291
SMARCA2,0.8356941836545474,0.1407065512846954
SMARCA2,0.3256535818463945,0.3666946831882661
SMARCA2,0.9256662326499652,-0.1505360569298165
SMARCA2,7.839670394629604,-0.0986853052845067
SMARCA2,0.7039002970635635,0.2518339750699144
SMARCA2,0.5919925806459405,0.2239018091685635
SMARCA2,0.8466784062256281,-0.050927727998273
SMARCA2,1.4425966712978642,0.2435893709009668
SMARCA2,1.1801457124753447,0.1049101047623915
SMARCA2,1.1835199294406855,0.1003297555911604
SMARCA2,0.625433326028794,0.1345302665962826
SMARCA2,0.8755333265671493,0.2323213332638168
SMARCA2,1.0888868149715312,0.1169105662870803
SMARCA2,0.8269786562365147,0.2047047122367478
SMARCA2,0.8355540147166933,-0.6623373663501839
SMARCA2,1.1458419008927818,0.0300562848742069
SMARCA2,0.7680903875981894,0.0245988889991084
SMARCA2,1.209213507692799,0.0657050928733552
SMARCA2,0.9853512489333198,0.0558257375220574
SMARCA2,1.286022603403602,-0.0102936585568022
SMARCA2,1.03202076563309,0.0225009989340245
SMARCA2,0.7858369990628774,-0.5788436907790215
SMARCA2,0.6782777156763546,0.0378463199292142
SMARCA2,1.0233310955184032,0.0649441063329881
SMARCA2,1.0062613109276914,0.0808598132118618
SMARCA2,5.611287405759103e-05,0.2420361908079708
SMARCA2,0.8425014065628051,0.0604743714984111
SMARCA2,0.9517621584666556,0.0795556997067909
SMARCA2,0.5953875668505189,0.0593717231965189
SMARCA2,0.9814209680402074,0.027894893116358
SMARCA2,0.5953355700282871,0.1184576689724192
SMARCA2,0.5000571879126042,0.1047377714873578
SMARCA2,1.1089643594028031,0.1316396923794291
SMARCA2,0.6915171804126761,0.1421124584330657
SMARCA2,1.0301746896131971,-0.0419001715466586
SMARCA2,0.9493309344415806,0.1720400036523837
SMARCA2,0.9539661629142032,0.142209804699726
SMARCA2,1.094885496367869,-0.1139872757495303
SMARCA2,0.9866149134056212,0.0813898385736681
SMARCA2,0.9132805412225282,0.0829015892202334
SMARCA2,1.396393938953009,0.1158914071441758
SMARCA2,1.010466855218816,0.0852603645320137
SMARCA2,0.7815976311851329,-1.0150199397741235
SMARCA2,0.8791832789885745,-0.0382007073421664
SMARCA2,0.6548938553949509,0.0411289475019463
PPP2R1A,1.085333936010404,-0.3913552789004006
PPP2R1A,0.6850204676719851,-1.2609701853189048
PPP2R1A,0.996302673473427,-0.0642572074808591
PPP2R1A,1.1309890801637443,-0.8693737876886453
PPP2R1A,0.8806599727822668,-1.3780131727622158
PPP2R1A,0.862440001790007,-1.498876266308553
PPP2R1A,1.183901455301375,-1.7152883539391786
PPP2R1A,0.7451005329739628,0.2778369953506385
PPP2R1A,1.0033827215964253,-1.1241963156838943
PPP2R1A,0.7513380127072684,-1.7356782634207226
PPP2R1A,1.056709631882289,-1.5165092384331331
PPP2R1A,0.799899691194167,-1.9253016028895271
PPP2R1A,0.6787673145781193,-1.905871869775427
PPP2R1A,0.9503501054667428,-0.1293515826875344
PPP2R1A,1.4101269006498076,-0.8300084323754723
PPP2R1A,1.1604336208753143,-1.409507795367989
PPP2R1A,1.0204107479581743,-0.5571111364440553
PPP2R1A,1.0237759352287017,-1.487754363258917
PPP2R1A,1.048437600786959,-1.6495522985745117
PPP2R1A,1.0514899055046534,-1.6938899621833838
PPP2R1A,0.8037774454174205,-1.3369692392513213
PPP2R1A,0.7215008502656379,-1.1780508749238534
PPP2R1A,1.0736129658868965,-0.8896041579649496
PPP2R1A,1.003622694995446,-1.2480634687294312
PPP2R1A,1.0225546858269805,-0.7651112246079298
PPP2R1A,1.028137343853638,-1.2016765525381217
PPP2R1A,0.9362514804818124,-0.9359538600559884
PPP2R1A,0.8932215726760594,-1.6239910220033549
PPP2R1A,1.0631299844995108,-1.9100943208901353
PPP2R1A,1.3506791432142768,-1.3783052637837852
PPP2R1A,0.6830414332158935,-0.1817173927615442
PPP2R1A,1.1210596158479635,-0.4896122806584271
PPP2R1A,0.6767617800339096,-0.9376802842875208
PPP2R1A,0.9545012552438616,-1.4978262919550531
PPP2R1A,0.7520622566235111,-1.6707943305080637
PPP2R1A,1.188072601530236,-1.4022065764974263
PPP2R1A,0.7457283014473493,-1.5068649229048707
PPP2R1A,1.0128945595006622,-0.6452492485327275
PPP2R1A,0.965788372792002,-1.3585365269436973
PPP2R1A,0.7555289803394807,-1.5525185076367565
PPP2R1A,1.6292104803259195,-0.7700084797268574
PPP2R1A,0.8798753134592545,-1.6518403399295385
PPP2R1A,1.0261573717621082,-1.6472995002776345
PPP2R1A,0.9615181527847252,-1.5431502034141018
PPP2R1A,0.6597859676246454,-0.739137432541794
PPP2R1A,0.943977906970856,-1.3138969316383569
PPP2R1A,1.0103204817508558,-0.9451942468703514
PPP2R1A,1.1007722455112747,0.1678197348191032
PPP2R1A,0.4868229206874291,-0.5836348157261411
PPP2R1A,0.8151672520641333,-0.8784989406259406
PPP2R1A,0.7134746122798795,-1.8578487664057064
PPP2R1A,0.9051909086633056,-0.9205705681332016
PPP2R1A,0.7547360022070798,-1.1857218360710209
PPP2R1A,1.1118706798944915,-1.002212520076561
PPP2R1A,1.4143880590871307,-1.637633128097014
PPP2R1A,1.0713619767457685,-2.1949480646482757
PPP2R1A,0.9073612789209252,-1.8415705637587152
PPP2R1A,2.163217907999927,-1.1767315941717096
PPP2R1A,1.5026708175453096,-0.7758956602778599
PPP2R1A,0.9711923750663872,-1.6453731304558223
PPP2R1A,1.269410780582807,-1.4963526615627316
PPP2R1A,1.0798807454968429,-0.7651116270123994
PPP2R1A,1.3541419691917798,-0.7441072646005117
PPP2R1A,1.1517567076534287,-1.3367748634543497
PPP2R1A,1.026175153868404,-0.9875681896202037
PPP2R1A,0.8987650941796139,-0.3745793728126432
PPP2R1A,0.983361651443764,-1.4929872543002394
PPP2R1A,1.0310047646909295,-1.2531927687034052
PPP2R1A,0.9298590814899006,-1.2279992820271657
PPP2R1A,0.9397200918826356,-0.8448052566062816
PPP2R1A,0.9536547701991626,-1.4596177703825808
PPP2R1A,0.9025632862139954,-1.6570180123749796
PPP2R1A,0.8831381239425461,0.112501614149914
PPP2R1A,0.923093058033503,-1.1122844446093578
PPP2R1A,1.8811683960639496,-0.9383572132043204
PPP2R1A,0.970146145259916,-0.466035609385736
PPP2R1A,1.4103732333853565,-0.0467124096914401
PPP2R1A,0.615000291765003,-1.8018397027306128
PPP2R1A,1.0599469057873112,-0.8511764116391506
PPP2R1A,0.8615085383010879,0.2768984111064703
PPP2R1A,1.0974703777934072,-0.3843247747714503
PPP2R1A,1.0099150889455226,0.0192974287612592
PPP2R1A,0.9729469168087994,-1.4088045071011848
PPP2R1A,1.583541854877212,-0.1584331005832842
PPP2R1A,0.9552696934407507,-0.6291757379178212
PPP2R1A,1.2426327649857292,-0.7895316168675087
PPP2R1A,1.1815813827651114,-0.335046134704847
PPP2R1A,0.7847510721642625,-1.171379852748016
PPP2R1A,1.4909242914564702,-1.4286380603371238
PPP2R1A,1.055220136097166,-1.0914727104699375
PPP2R1A,0.8330794524670727,-0.8714451229745305
PPP2R1A,1.0600519729812865,-1.7057704938839795
PPP2R1A,0.9888598712264898,-1.0151037673836605
PPP2R1A,0.620958604010239,-0.6566593051242902
PPP2R1A,1.2501957471900589,-1.3564193981371289
PPP2R1A,1.0052407076057954,-0.6481236152224489
PPP2R1A,1.28244948503141,-1.054262768110123
PPP2R1A,0.9782194125231898,-0.6464770046396934
PPP2R1A,0.8478788242979288,-2.070754345033718
PPP2R1A,0.8491574577146928,-0.8836013119376399
PPP2R1A,1.115732362002585,-0.7612491263341881
PPP2R1A,0.9661666767849192,-0.9078277608681796
PPP2R1A,0.6891471633321582,-1.3691777239740577
PPP2R1A,0.8198642734889877,-0.9648774306860473
PPP2R1A,0.9784445510363972,-1.261770277757924
PPP2R1A,0.9200326720865534,-1.7763333678023423
PPP2R1A,1.0575024457812667,-1.5594541195724594
PPP2R1A,1.011964022479811,-1.557667691148353
PPP2R1A,1.214103993294975,-1.3454691155519394
PPP2R1A,0.7993221647404765,-1.4150492754827737
PPP2R1A,1.437907628789509,-0.7287709631508102
PPP2R1A,1.1243958234705913,-1.380269053356873
PPP2R1A,0.932233330404867,-0.0859295567209648
PPP2R1A,0.8731364289706873,-1.5607121423446184
PPP2R1A,0.9487329771499636,0.3772789972123687
PPP2R1A,1.109926389518072,-1.9801748917104796
PPP2R1A,0.614560948193244,-2.1512868091944917
PPP2R1A,1.2474344439216358,-0.8614123113279881
PPP2R1A,0.8482191736787107,-0.8674596971857576
PPP2R1A,1.0407250700568564,-1.027190565636933
PPP2R1A,1.0745435837385366,-1.5392505580517426
PPP2R1A,0.9488283356222402,-1.536238904155861
PPP2R1A,2.070135210266248,-1.149422861571462
PPP2R1A,1.0496155509608929,-1.693954790419599
PPP2R1A,1.4132062159392524,-1.0161829728983098
PPP2R1A,1.1127696677022345,-1.2088041078502525
PPP2R1A,0.9246735330144716,-0.5259141774587058
PPP2R1A,1.3029231569684838,-1.7657797980163628
PPP2R1A,1.014917176920359,-0.0574443033154372
PPP2R1A,0.9864952435283244,-1.0136992259742492
PPP2R1A,1.076489315225773,-0.6353197150906059
PPP2R1A,1.497963011040418,-1.0501930958563293
PPP2R1A,1.0003778365756693,-1.41678501993936
PPP2R1A,0.8185418017218046,-1.211028299417872
PPP2R1A,0.9162314564235452,-2.319269053977929
PPP2R1A,0.9519363381745868,-1.568342741055925
PPP2R1A,0.88497033457918,-0.9288579669720868
PPP2R1A,1.3923365733634483,-1.3065380068650343
PPP2R1A,0.8097671369833076,-1.251643140846237
PPP2R1A,1.0036588698759312,-1.381371950492705
PPP2R1A,1.1928784126969796,-1.1337069103190802
PPP2R1A,0.8054321690797623,-2.230697822203866
PPP2R1A,1.0002897774988642,-1.2334903916363025
PPP2R1A,1.0043645407200166,-1.5370708272033826
PPP2R1A,0.9499187336130454,-1.4041256443169818
PPP2R1A,0.9910700929243276,-0.7588052702446477
PPP2R1A,0.8905101744956742,-2.609809945226499
PPP2R1A,0.4287385357548992,-1.8718106005688664
PPP2R1A,0.8157155163129507,-1.2853474940203813
PPP2R1A,1.5278172652554185,-0.8809891278238711
PPP2R1A,1.3530526700961605,-0.8546515574340978
PPP2R1A,1.320531759943959,-1.6797504258043343
PPP2R1A,0.8646181340515279,-1.442732018096489
PPP2R1A,1.2094079771292932,-2.5468770280937245
PPP2R1A,0.838002236862946,0.1544375268419029
PPP2R1A,1.035257030370876,-1.198802839079334
PPP2R1A,1.0073416005660385,-2.159514410927292
PPP2R1A,1.4911041191151593,-1.9144484420689003
PPP2R1A,0.8200660400584538,-1.2562440437408615
PPP2R1A,1.077828768830048,-0.3518867655954492
PPP2R1A,0.9243037875486916,0.1885675335760706
PPP2R1A,1.009250988604081,-0.2608167067288629
PPP2R1A,1.12177007308564,-0.4599682967333525
PPP2R1A,0.8528145751457078,-0.2417040714438129
PPP2R1A,0.9554107402039588,-0.9336164176151956
PPP2R1A,0.6730394614053784,-2.182071441920821
PPP2R1A,1.0247201748483812,-1.2272705288429624
PPP2R1A,1.0770050391065036,0.3048095661102772
PPP2R1A,1.268657819424595,-1.7793014507614928
PPP2R1A,0.6155901275831737,-2.056930714605783
PPP2R1A,0.927089804232673,-0.8866758001320695
PPP2R1A,0.783245238873444,-1.1659072886547597
PPP2R1A,1.0243551549798229,-1.4363485765294897
PPP2R1A,1.0395073795171204,-1.1345191975865152
PPP2R1A,0.8910022623367643,-0.3757811221993213
PPP2R1A,0.8486320085026434,-0.3766644037108472
PPP2R1A,0.8838037759687561,-1.0376130459769994
PPP2R1A,0.9779712776892554,-1.825509121610657
PPP2R1A,0.8971331332582995,-1.7333986246707302
PPP2R1A,1.014451575371741,-1.4295184116490498
PPP2R1A,1.327360271990235,-0.568989195759065
PPP2R1A,0.9868501925096516,-1.323394370762506
PPP2R1A,0.5958854805366305,-1.1375685651163805
PPP2R1A,0.973682285569876,-1.076099470753641
PPP2R1A,0.9768398763292434,-1.148244831227036
PPP2R1A,1.0208769617244815,-0.6321965519382009
PPP2R1A,0.9378011803500472,-1.4911025805146647
PPP2R1A,0.9206961379699524,-0.683318559411842
PPP2R1A,0.9508950334114,-0.3152249447914846
PPP2R1A,0.9455829976282628,-1.38382075344518
PPP2R1A,0.8792808783315584,-1.245653154700474
PPP2R1A,0.6406827267137035,-1.620636375892933
PPP2R1A,0.8806581415032394,-1.8256008280769256
PPP2R1A,1.0455753251146316,-2.4957062659220446
PPP2R1A,1.0219566496970076,-1.205002032518913
PPP2R1A,1.26719627530991,-1.1954197226951284
PPP2R1A,0.6930796191603185,-1.288830014297237
PPP2R1A,0.9857467814997865,-0.5237608936605315
PPP2R1A,0.9484745709931952,-0.851674602513684
PPP2R1A,1.0206102245960345,-1.2487454586676383
PPP2R1A,1.3679343557223205,-1.2056615115373766
PPP2R1A,1.0349922751842515,-1.416687278053831
PPP2R1A,1.0102630587177206,-0.8829747222568007
PPP2R1A,0.8228634798159101,-1.0419114813800383
PPP2R1A,0.9983745061158004,-0.933172230153678
PPP2R1A,1.2322508703515924,-2.271184929555896
PPP2R1A,0.9970149204464958,-1.8161333076254589
PPP2R1A,1.0289023022738146,-1.224412415851078
PPP2R1A,1.1007264666325214,-0.8430790356478214
PPP2R1A,1.2232633265898991,-1.1454396848135704
PPP2R1A,0.8444968811112527,-1.513633468484859
PPP2R1A,0.7163998796131563,-0.4616891702485824
PPP2R1A,1.2924406211098354,-0.251656481030025
PPP2R1A,0.9783767327786376,-1.3185536707134684
PPP2R1A,0.9840762428037068,-0.2483152520912643
PPP2R1A,0.9327555859621144,-1.097045387865908
PPP2R1A,0.9488040018599088,-1.4475119498593982
PPP2R1A,1.1577405651166248,-0.2153848601055124
PPP2R1A,0.7338346845479832,-0.9547943152819738
PPP2R1A,0.8378611000397218,-1.4791648568558395
PPP2R1A,1.186964675096773,-1.593566186559502
PPP2R1A,0.7194074475839962,-1.0849232366172332
PPP2R1A,0.9061275192348286,-1.7438357698455342
PPP2R1A,0.8382357746714151,-0.9826878007389908
PPP2R1A,1.0305810714123962,-0.733564130367109
PPP2R1A,0.9976806508016116,-1.360602104556549
PPP2R1A,1.0192705189258695,-1.5316452489742636
PPP2R1A,0.8867276699419284,-1.571785968204385
PPP2R1A,0.9981171076860664,-0.6702321631027703
PPP2R1A,0.7400517174266987,-1.002845439247997
PPP2R1A,0.8429938434309743,-1.2411843228952844
PPP2R1A,1.0334266546088968,-0.8893304468519485
PPP2R1A,0.7066618840082667,-0.102646134328126
PPP2R1A,0.7588575507030865,-0.6155301789702239
PPP2R1A,1.403027221146569,-1.356527126913604
PPP2R1A,1.0230828639580234,-0.9723427238257956
PPP2R1A,1.0974369071298946,-1.469176347164866
PPP2R1A,0.6474353302424982,-1.5065495820383643
PPP2R1A,0.7171038657593359,-0.5990024444756907
PPP2R1A,0.907319141260268,-0.3804875439452083
PPP2R1A,1.05487276742544,-0.8719869967341357
PPP2R1A,0.921670512722464,-0.8291993333947585
PPP2R1A,0.7959154021659411,-1.3157734341286544
PPP2R1A,0.903213528287337,-1.451650843492816
PPP2R1A,0.80998999890515,-1.476895195641871
PPP2R1A,1.1129517124967574,-0.326816827634942
PPP2R1A,1.292261463213889,-2.10735930213016
PPP2R1A,0.9815815246977556,-0.3082393558460244
PPP2R1A,0.9857645466175268,-0.8695571850733673
PPP2R1A,0.9993174830478766,-0.7185681576566275
PPP2R1A,1.3770853703798127,-0.0942732040703927
PPP2R1A,1.1953192585724834,-1.746862107129331
PPP2R1A,0.8276254988952231,-0.9780083099451556
PPP2R1A,1.420262893319186,-0.870988389023686
PPP2R1A,0.7936682510984621,-1.1530052815018836
PPP2R1A,0.933283309304466,-1.0952688543027072
PPP2R1A,0.9876426200460948,-2.772563725319781
PPP2R1A,0.8886369279858981,-0.7352554039423773
PPP2R1A,1.5621034512508376,-1.666220616263353
PPP2R1A,0.9747188162726296,-1.1609733515635057
PPP2R1A,0.6330437001287946,-1.5940915013198766
PPP2R1A,0.8585535342760215,-1.1945424805550735
PPP2R1A,0.536894674545464,-1.0719593076693372
PPP2R1A,0.9573782924883406,-0.1876132451954477
PPP2R1A,1.178113062485328,-1.0149609573921594
PPP2R1A,1.57819776309222,-1.0326670769591082
PPP2R1A,0.9136781755192712,-0.2013757082594417
PPP2R1A,1.0546490494340268,-0.3039375575380167
PPP2R1A,0.3559506152443081,-1.1116458770077569
PPP2R1A,0.8027824596089677,-2.950425678479606
PPP2R1A,0.8247535570134714,-1.4840607705407418
PPP2R1A,0.9212834489104056,-0.509667727298283
PPP2R1A,0.8111968751553269,-1.1683447566816996
PPP2R1A,1.0203676038854788,-0.144532353428664
PPP2R1A,0.9938424016676952,-0.9790070467041628
PPP2R1A,0.7389973007867213,-1.009162463076231
PPP2R1A,0.6977712204671,-1.4466517463449755
PPP2R1A,1.0413687360996753,-1.2485445982264276
PPP2R1A,1.1804091425969696,-1.2498965603207082
PPP2R1A,1.0175354094193831,-1.2838842726824584
PPP2R1A,0.8243826229863777,-1.373352847015343
PPP2R1A,1.4003806186178347,-1.388503119638794
PPP2R1A,1.1287554863610905,0.188791071115457
PPP2R1A,1.1453789542191974,-0.7189665325791239
PPP2R1A,0.8026250007223215,-1.7428455686437956
PPP2R1A,1.635340436962883,-1.1723150733643437
PPP2R1A,0.9209201656754172,-0.5986883920552821
PPP2R1A,1.1173165673481218,-0.82615715174352
PPP2R1A,0.9455122140333326,-0.5864849963979604
PPP2R1A,1.4436499838506942,-0.7994175636861669
PPP2R1A,0.7769038682283498,-1.2744622700308883
PPP2R1A,1.4034843726581625,-1.1698185643151329
PPP2R1A,0.9860946260676244,-1.4078700965278086
PPP2R1A,0.9829847909366908,-1.3837594080825426
PPP2R1A,0.7373783686446586,-1.452631199921039
PPP2R1A,1.001728815455262,-0.5771586388858196
PPP2R1A,1.3977351331617596,-1.1600854081345875
PPP2R1A,0.9976294781887834,-0.8689798434354001
PPP2R1A,1.132660109647391,-2.5535960029346345
PPP2R1A,1.260223833989033,-0.4107864835203467
PPP2R1B,0.5944667401817261,0.0100944027900712
PPP2R1B,1.369920336370722,0.2262397889512409
PPP2R1B,1.2856901530847058,-0.0553301827439832
PPP2R1B,1.246797355436526,-0.0553380384014179
PPP2R1B,0.6475179088155544,0.118102756578863
PPP2R1B,0.921777207401586,0.1664666686947682
PPP2R1B,1.1853482674738354,-0.0188210176348803
PPP2R1B,1.49517359893805,-0.019721998315557
PPP2R1B,1.052676392637142,0.1329422569493994
PPP2R1B,0.9197202433007312,-0.1659667939176977
PPP2R1B,1.020463796449525,0.1495662062422538
PPP2R1B,0.7574134785289779,0.1450763874667448
PPP2R1B,0.8815308719913298,0.1907614763083997
PPP2R1B,1.0571228174317089,-0.2199770718595071
PPP2R1B,1.5507649143784326,0.0267596570317136
PPP2R1B,1.0890928836274465,0.0227055079375861
PPP2R1B,1.1361261234798496,0.1399556404424494
PPP2R1B,0.7713213767161811,0.135230162472214
PPP2R1B,1.0225929607117517,0.1099235195323254
PPP2R1B,0.546641918369732,0.1243545935508784
PPP2R1B,0.589393477445125,-0.0492005419950846
PPP2R1B,1.0696701596546192,-0.0281189408807187
PPP2R1B,1.047556458005054,0.0795895047027644
PPP2R1B,0.5587345736682439,0.3869743569659685
PPP2R1B,0.9799893663109616,0.0277198966308155
PPP2R1B,0.9878021404627986,0.4067601141692095
PPP2R1B,1.1813348865291364,0.2796091739567116
PPP2R1B,0.4675465774592273,0.3280397141131442
PPP2R1B,0.8977172360622631,-0.0327531317323447
PPP2R1B,1.2127733865065278,0.0182212627428255
PPP2R1B,1.486059622810549,0.2323951486856471
PPP2R1B,1.6343251079601997,0.1335225671408004
PPP2R1B,1.5649667442245394,0.2279472123534772
PPP2R1B,0.9917950980792624,0.1710776321682377
PPP2R1B,0.6792713917900394,0.1718489724098814
PPP2R1B,0.6707550888481224,0.1274990643043796
PPP2R1B,0.7626256709796333,0.0951433538353691
PPP2R1B,1.003560783321651,-0.0627582598939878
PPP2R1B,0.5164701949795986,0.2346423243733962
PPP2R1B,1.1055965354898891,0.1836549276186701
PPP2R1B,1.072570887257407,0.0699618530355647
PPP2R1B,1.2038219269644037,-0.0153753222705751
PPP2R1B,1.27284787042994,-0.001645031430687
PPP2R1B,1.040497140315224,-0.1903711141522527
PPP2R1B,1.4089935427863916,-0.1900001388827321
PPP2R1B,1.1577903202314623,0.0779310626122148
PPP2R1B,0.9879801764948286,-0.086308714534468
PPP2R1B,1.5424898541882304,-0.0408664097886296
PPP2R1B,0.9025764241027529,0.1785849727072173
PPP2R1B,1.6429129034348997,-0.1599173678748277
PPP2R1B,0.9098893389293464,-0.202569114107927
PPP2R1B,1.0438475303778465,0.1529544957153623
PPP2R1B,1.046742803945122,-0.0406652937821745
PPP2R1B,1.2468025407317385,0.1146930236822867
PPP2R1B,0.6985392082830179,0.0554936676809666
PPP2R1B,1.243662477627986,-0.1652460075621714
PPP2R1B,1.236907830185316,-0.0862184098535799
PPP2R1B,0.4934958986904802,0.0949907862969171
PPP2R1B,1.124409072869166,0.1529141797521261
PPP2R1B,0.8730861978151502,-0.0501056129805995
PPP2R1B,0.575080171406137,0.0596159410997673
PPP2R1B,1.9321605798016672,0.0564386979586562
PPP2R1B,0.9585994384929766,0.0174559470242259
PPP2R1B,0.8703255168532257,0.2030001970980779
PPP2R1B,0.6063341561259497,0.2493985740685962
PPP2R1B,0.8825194624457661,0.1213064710919207
PPP2R1B,0.340269323937408,0.0844995658948819
PPP2R1B,1.0711458985823532,-0.123495265017184
PPP2R1B,1.0646719711926045,-0.0785301348273816
PPP2R1B,0.6995092305143292,0.2168688597301907
PPP2R1B,0.9894529420015594,0.1281857784964599
PPP2R1B,1.1630990801889187,0.070781975587646
PPP2R1B,1.1340906796994057,0.0841762755892726
PPP2R1B,0.7406038733906112,0.0048078169095643
PPP2R1B,1.3332275177293331,-0.0102296334473727
PPP2R1B,1.569743675820263,0.0470311559389835
PPP2R1B,1.2065510849089036,0.1323194921702818
PPP2R1B,0.9191963663311072,-0.2798999874562941
PPP2R1B,1.1708505997104544,0.2412565854745402
PPP2R1B,1.898488157950155,0.0355486281000529
PPP2R1B,1.1776525868575445,0.0664272539009338
PPP2R1B,0.9975506498404388,0.1525839128167993
PPP2R1B,1.0741943214065552,-0.0403178642350266
PPP2R1B,1.4423387119558686,0.1809702597706611
PPP2R1B,1.0377104874658605,0.2802841949947772
PPP2R1B,2.31854704445767,0.1695669307963154
PPP2R1B,1.3919959367967012,0.477138369435795
PPP2R1B,1.1694895739020523,0.1201874528243119
PPP2R1B,0.931254243757166,0.1665794745491708
PPP2R1B,1.0219453158979297,0.0381109318223775
PPP2R1B,1.2126506606703154,0.1779849963754811
PPP2R1B,0.8314163359992084,0.0418484264667317
PPP2R1B,1.032325546441795,0.0989081138012995
PPP2R1B,0.5655909731559787,0.2172777287115421
PPP2R1B,1.1047937016265363,0.0277169347069111
PPP2R1B,1.0521300193834353,-0.0531111707368818
PPP2R1B,1.081071542474968,0.1584687831038869
PPP2R1B,1.3629456186971676,0.2404393461861266
PPP2R1B,0.4325494561926011,0.0755532687853089
PPP2R1B,1.4831412475759551,0.1123018106687466
PPP2R1B,1.064373133518215,0.317876702856618
PPP2R1B,1.0628603112761243,0.0913713297966475
PPP2R1B,0.7685196216359199,0.2488387157616992
PPP2R1B,0.8857159473540275,-0.0154978232803334
PPP2R1B,0.9764255827990168,0.1096412030529666
PPP2R1B,1.012948621488982,0.157993538477373
PPP2R1B,0.4265128166233511,0.0199677074145227
PPP2R1B,1.0516801492385102,0.1681862595662313
PPP2R1B,0.6144301858817215,0.216418517682414
PPP2R1B,0.5527588025859995,0.2933899976754196
PPP2R1B,1.0639976762316017,0.0246945167892649
PPP2R1B,0.982892131277634,0.0967990996351282
PPP2R1B,0.93234383286225,0.2551443664844357
PPP2R1B,0.4946572063617408,-0.0242036427751113
PPP2R1B,1.2362032816766784,0.0665238891854263
PPP2R1B,0.9823567840401888,-0.1799670613635782
PPP2R1B,0.8914606362148487,0.0055856237153984
PPP2R1B,0.7367137120080826,-0.0138012595714485
PPP2R1B,1.1506324000544703,0.3429144174417243
PPP2R1B,0.8490038493333755,-0.2539982813044028
PPP2R1B,1.0646276936508334,0.1474855833461555
PPP2R1B,0.6928327343641603,-0.0721605100756044
PPP2R1B,0.7808103057685845,0.0768712735606461
PPP2R1B,1.0700661612869646,-0.020025917374801
PPP2R1B,0.8353970765795349,0.2705504048260421
PPP2R1B,0.7395256026819238,0.1471444223690197
PPP2R1B,1.2238154350402786,0.0116739048196837
PPP2R1B,0.7932722571046493,-0.1071420058057621
PPP2R1B,1.0098975886022392,0.1260178218166758
PPP2R1B,1.030101143782396,-0.1888553938815013
PPP2R1B,1.023335351441635,-0.004082814828235
PPP2R1B,1.3169777757069792,-0.0461468738140323
PPP2R1B,0.9905309780184663,0.1485781783260958
PPP2R1B,1.2186982850475852,0.1979479838735556
PPP2R1B,0.7948998440603022,0.08154114106068
PPP2R1B,1.0214028572980394,0.0902508013300943
PPP2R1B,1.0935142342220472,-0.0252843154052722
PPP2R1B,0.8708493072797964,0.0292752775983267
PPP2R1B,1.6698320439764682,-0.1229876115316502
PPP2R1B,1.269482053552382,0.112533823259273
PPP2R1B,0.7657683826696998,-0.0755060933986645
PPP2R1B,1.3216022060013928,-0.0816469088028654
PPP2R1B,1.0409826330293304,0.0018116157662456
PPP2R1B,1.091030928726086,0.2624641321316637
PPP2R1B,1.0179791409758208,0.0600008749589471
PPP2R1B,1.6273831971991446,-0.0832256383240703
PPP2R1B,0.9499305854898364,0.0770118787748685
PPP2R1B,0.4885008575769128,0.0787184076914367
PPP2R1B,1.1068064833710265,0.0241269227918919
PPP2R1B,1.2355479492627683,-0.0076444085426629
PPP2R1B,0.6397357446965944,0.0978794354415945
PPP2R1B,1.158752940581267,0.1243139647437913
PPP2R1B,1.1100325638399653,0.1493971373147911
PPP2R1B,0.4160500507828545,-0.0180776485553979
PPP2R1B,1.1036111976507847,0.0219973164090433
PPP2R1B,0.7526744999613887,0.0679009859875362
PPP2R1B,1.0158335303999713,0.0488579503649958
PPP2R1B,1.0019968686777172,-0.0834156720178486
PPP2R1B,1.0359145473955171,0.2777036946503417
PPP2R1B,0.8132980162080076,0.5756436659348817
PPP2R1B,1.651652291225927,0.1364475627561176
PPP2R1B,1.0000727831025202,0.1163526982909552
PPP2R1B,1.4845575277972194,-0.0449386090486887
PPP2R1B,1.134966724099156,0.1025026880496602
PPP2R1B,1.2545117644594888,0.1871003631672316
PPP2R1B,0.6991592471182707,0.0693585042179146
PPP2R1B,1.0518419928372558,0.0624723657038827
PPP2R1B,1.4322695200093325,-0.0107308065882963
PPP2R1B,0.5281497682550594,0.1248608609996395
PPP2R1B,1.202146732235701,0.2094461124626682
PPP2R1B,0.9712940304539268,-0.1296166023915275
PPP2R1B,0.6728454189742027,-0.0168957504271616
PPP2R1B,0.6583382832723894,0.2518510187623947
PPP2R1B,1.1072484671577658,-0.1046938318202901
PPP2R1B,1.1441141506624886,0.1908742443857208
PPP2R1B,1.3862361054412542,0.0735755896165015
PPP2R1B,1.3761054242558748,-0.1194048299357483
PPP2R1B,1.0266098443537868,-0.0677643598695642
PPP2R1B,0.91964374630297,0.1730752059640603
PPP2R1B,0.9948652241536864,-0.141706365064772
PPP2R1B,1.3046664358432931,0.0980365483622344
PPP2R1B,0.7567606612461203,-0.0802659859424335
PPP2R1B,0.6467970482518184,-0.0442063013852375
PPP2R1B,0.994735590051558,0.1563408608421047
PPP2R1B,1.490856086638632,-0.0041051959895806
PPP2R1B,1.1010820659581535,0.0245688366439781
PPP2R1B,0.569738972105502,0.0505414930922361
PPP2R1B,1.4506937599326442,0.0155333850280477
PPP2R1B,0.9935779073107756,0.1135277517141491
PPP2R1B,1.0311091071252263,0.0050107439620225
PPP2R1B,0.9809571341034408,0.037243400219301
PPP2R1B,0.5609017541548689,0.0047280881011017
PPP2R1B,0.9086313576413776,-0.3499283087298777
PPP2R1B,0.534190787130357,0.1063670469330096
PPP2R1B,0.9860167091531948,0.1383560518350173
PPP2R1B,1.44638938999551,0.063212192299583
PPP2R1B,1.4181272570000567,0.1973943810311494
PPP2R1B,1.04985129976348,-0.1996984478636409
PPP2R1B,0.9879041648792176,0.0760886870206505
PPP2R1B,0.9363702477077634,0.0403409381763466
PPP2R1B,1.063323071286148,0.0938069259344476
PPP2R1B,1.0022851406286677,0.0887448750161816
PPP2R1B,1.1432651205426356,-0.4041381530286674
PPP2R1B,0.6322460396161897,0.1229513016338091
PPP2R1B,1.0052128368016782,0.1915100965259144
PPP2R1B,0.6510137861670134,0.00893615592345
PPP2R1B,0.9604716926309144,0.0494828668437073
PPP2R1B,1.1256325868191122,0.11208768588173
PPP2R1B,0.5780411078963104,0.1410459075427004
PPP2R1B,0.8669141281336623,0.0880467858949995
PPP2R1B,0.8952571246601969,0.0766764787970623
PPP2R1B,1.3491483563221285,0.0792342898796435
PPP2R1B,1.009491665756954,0.1922970654320299
PPP2R1B,1.668927171647704,-0.0445893933921884
PPP2R1B,1.0589885568251982,-0.0368827165191729
PPP2R1B,0.8836249130903181,0.0691121640232294
PPP2R1B,0.978576131862958,0.2492888295709711
PPP2R1B,1.1063363020545998,0.3044545026331601
PPP2R1B,0.670109609079783,0.093860198729686
PPP2R1B,0.9581955377047816,0.1243750639371654
PPP2R1B,0.8502871261960658,0.0518878657041755
PPP2R1B,0.6809468023516069,0.1783102092345923
PPP2R1B,0.681253196897768,0.0680639043337652
PPP2R1B,1.156079811789735,0.0459545194575579
PPP2R1B,0.9103170453644768,0.2040974303755651
PPP2R1B,1.0663344481336063,0.0627624814860496
PPP2R1B,0.8757943210467709,0.0932427412184582
PPP2R1B,0.8889295553423467,0.1119137093680904
PPP2R1B,1.0092971605857013,0.3810598816071621
PPP2R1B,0.7158747005576527,0.2103546623781285
PPP2R1B,0.8710612060421236,0.1969668700043078
PPP2R1B,1.0363519268237025,0.0877053951513346
PPP2R1B,1.411283669205365,0.1603574633246874
PPP2R1B,1.1564003896140225,0.0940794228047324
PPP2R1B,0.9671757651128686,0.0271050323437231
PPP2R1B,1.0114177482096438,0.0880629648472633
PPP2R1B,0.6109863269717919,0.1192442442206489
PPP2R1B,0.7204434010465276,0.0323087541145825
PPP2R1B,1.0147272532084854,-0.2277349416198122
PPP2R1B,1.248385062530285,0.0690887238154373
PPP2R1B,1.0434380870752629,-0.1179639241076101
PPP2R1B,0.9668218612363136,0.1040219906973812
PPP2R1B,1.1767174938911875,0.0899119861321341
PPP2R1B,0.9370390000734968,-0.0048012966856238
PPP2R1B,0.776817173161023,-0.0534160497209072
PPP2R1B,0.9424748332757432,0.3336151420003335
PPP2R1B,1.1471149753937182,0.017311432928081
PPP2R1B,1.0742017671800128,0.1233810636639518
PPP2R1B,1.0028730555161696,-0.0269516509321578
PPP2R1B,0.931342035385541,0.3319530077385511
PPP2R1B,0.9388281463154884,0.0724509813591907
PPP2R1B,0.6701370142307411,0.2925606000089809
PPP2R1B,0.8119337949379084,0.1868427367015073
PPP2R1B,1.3210856464071845,0.0094623280425897
PPP2R1B,2.5039886102831344,0.1472065184307565
PPP2R1B,0.560132094717932,0.2482257976618423
PPP2R1B,0.6579719559943141,0.0720456100015284
PPP2R1B,0.9308554125013028,0.1414172047585845
PPP2R1B,1.2505424231102502,-0.1429630473432544
PPP2R1B,0.9448747451333164,0.2000086452564087
PPP2R1B,0.5912101732551172,0.095374881446317
PPP2R1B,0.8263729867918375,0.0389962081312159
PPP2R1B,1.1031561373267087,0.0151275941098413
PPP2R1B,0.911366976260008,-0.3328027770271942
PPP2R1B,0.8650563389308903,0.0262841782558936
PPP2R1B,1.2983721863462812,0.1344713911663752
PPP2R1B,1.2561153899954691,0.2523543889659739
PPP2R1B,1.22068503532151,-0.26251611978133
PPP2R1B,1.1643227270637682,-0.1306372856480125
PPP2R1B,0.7744360410108181,0.2014770915148554
PPP2R1B,1.1961621728565544,0.0587744082338939
PPP2R1B,1.1983904233470613,0.2186679639808584
PPP2R1B,0.8111788824324128,0.0300528915948651
PPP2R1B,0.9200256572147169,0.081022172986534
PPP2R1B,0.9547593179660288,-0.0101869827473414
PPP2R1B,1.1584654355469786,0.1971741512779484
PPP2R1B,1.0941245673623412,0.1442759254196462
PPP2R1B,0.5741262799942312,0.2645271838756297
PPP2R1B,1.051580285209337,0.1634491482123763
PPP2R1B,0.9835422958383836,0.0543214796671644
PPP2R1B,1.0533405923947208,0.010756587745737
PPP2R1B,1.1110501978937088,0.069531764009194
PPP2R1B,1.190115835726749,0.0604616183079002
PPP2R1B,0.8655757582498316,-0.1067969770194314
PPP2R1B,1.2493580551041286,0.0207867087386166
PPP2R1B,1.1410753009718468,-0.0435243903086449
PPP2R1B,0.979562873271148,0.0977002178158271
PPP2R1B,0.7364614935822111,0.0522686379795048
PPP2R1B,1.2373880445179246,0.0793990426290447
PPP2R1B,1.0578345491099863,0.0255297430195953
PPP2R1B,1.810518602348522,0.0929673325813963
PPP2R1B,0.9543510816218232,0.1798984235008375
PPP2R1B,0.5419290914353561,0.1252026879348018
PPP2R1B,0.9229836519885326,-0.0258073732822243
PPP2R1B,0.6757877012242921,0.126954530477723
PPP2R1B,1.0574789898865626,0.4830198847280993
PPP2R1B,0.5106561197783271,0.1482776990807719
PPP2R1B,1.1278959631241054,0.0528290814294578
PPP2R1B,0.331366117895925,0.1323052718059433
PPP2R1B,0.9947459325778693,-0.1356068677080069
KMT2D,1.1824301816470904,-1.1197652186190847
KMT2D,1.037615546044261,-0.0340474407170582
KMT2D,1.0001781546930666,-0.1818965947230037
KMT2D,0.9670168945108676,-0.1824911377421876
KMT2D,1.0433650407592183,-0.299450857000154
KMT2D,1.721962828450284,-0.1811163562059931
KMT2D,1.1653869010538611,-0.3341227774796537
KMT2D,1.098491723553941,-1.3717202945002651
KMT2D,1.0428632568168177,-0.4725346303994073
KMT2D,0.8896137550245967,-0.0948376146711785
KMT2D,1.0397163546864383,-0.2468145942661651
KMT2D,0.7277268772078697,0.1371191421822155
KMT2D,1.091835113405469,-0.4970308197214734
KMT2D,1.0487421413450368,-0.0312027299008672
KMT2D,0.7585604189054534,-0.7577105087146758
KMT2D,1.0057703997316136,-0.765437697125058
KMT2D,1.0945994221158002,-0.5010554469644322
KMT2D,1.1396532990575472,-0.3117195929592369
KMT2D,1.08958670123398,-0.3318742099907061
KMT2D,1.0860571334573554,-0.5037733069133534
KMT2D,1.262026321274073,-0.8341983714401202
KMT2D,0.936994834710364,-0.6986353910385031
KMT2D,1.0147399136834885,-1.1136154378895915
KMT2D,1.091139077122572,-0.4655400691815908
KMT2D,0.977231314956758,-0.6064640295016822
KMT2D,1.0138568728014297,-0.1826587876899386
KMT2D,2.2999986270905843,-0.4288270452325471
KMT2D,0.8842559949219938,-0.7402093833741058
KMT2D,0.69191129633631,-0.1607916773857206
KMT2D,1.063460169450007,-0.280708119345621
KMT2D,0.7181399864709591,-0.0487899316697861
KMT2D,0.9240078414405074,-0.303284880677448
KMT2D,1.344516071142558,-0.3398270596260641
KMT2D,0.992449775955736,-0.3039402955724848
KMT2D,1.01431095226936,-0.1053662598117001
KMT2D,1.0525735156505234,-0.2270324933217491
KMT2D,1.052482321055697,-0.1704448825656783
KMT2D,1.4502865716519344,-0.0826526286243192
KMT2D,0.9104236878546916,-0.6050149280033537
KMT2D,1.1158723501639511,-0.5633601129919094
KMT2D,1.3558447563878375,-0.1542513343590961
KMT2D,0.854171696911593,-1.252427589052992
KMT2D,0.9297121404435597,-0.6019232804153323
KMT2D,1.5033198570540405,-0.3394838977192908
KMT2D,1.0591955749081323,-0.2809924191454089
KMT2D,0.7728449974801195,-0.0964100443014626
KMT2D,1.0017489516772624,-0.5682231254167371
KMT2D,1.036421608574578,-0.7015596345568464
KMT2D,1.2508354391980687,-0.94672666438212
KMT2D,0.8490991891952853,-0.4971580874928417
KMT2D,1.0916822500163983,-0.4150763136636906
KMT2D,1.0084258459146962,-0.2781250537184144
KMT2D,1.0859254018950892,-0.5377407470843798
KMT2D,0.9780648293321572,-0.5126585866463489
KMT2D,1.059450365462244,-0.2595545179253787
KMT2D,1.0960662482026002,-0.5529906124451235
KMT2D,1.0030920480915986,-0.1421535681279755
KMT2D,1.060105612697004,-0.6665985576558557
KMT2D,1.1126925390595626,-0.2348999329461331
KMT2D,0.9383948494448612,-0.5816412995049921
KMT2D,0.7834075840604392,-0.1126468458590897
KMT2D,1.119454584317294,-0.0388419173562267
KMT2D,1.427315233249631,-0.3968978085628468
KMT2D,1.152991598062932,-0.6992188610975065
KMT2D,1.153213795089726,-0.6731121121555776
KMT2D,0.8627957648714345,-0.3451063987586986
KMT2D,0.6870952430450034,-0.0167553430245216
KMT2D,0.5286244282586512,0.071857306416124
KMT2D,1.2591481159870377,-0.3391843690801832
KMT2D,1.3719795712798204,-0.947244405485488
KMT2D,0.996040285962986,-0.3746488517378136
KMT2D,1.054119918655316,-0.0245359557350072
KMT2D,1.1383735133198418,-0.210751040328937
KMT2D,1.0400104322632553,-0.5039567253812974
KMT2D,0.9839978033176168,-0.2514460899658951
KMT2D,0.9962626203839824,-0.0949147831494404
KMT2D,0.7715149404035986,-0.4826015464955149
KMT2D,0.9634228188870017,-1.257008985066386
KMT2D,1.0854889200835869,-0.6756976234520515
KMT2D,1.6004082823765369,-0.4526664255795164
KMT2D,0.797459966118421,-0.5483486767652328
KMT2D,0.9942730443534716,-0.3457511112655015
KMT2D,1.042825668892464,-0.3094027034981342
KMT2D,1.0290527944125964,-0.3575333588779967
KMT2D,1.0228793590108889,-0.4882249276410514
KMT2D,0.910188333791274,-0.3882400867237499
KMT2D,1.0650565252747746,-0.7242137870395942
KMT2D,0.9678779235960324,-0.24179410798428
KMT2D,1.4164974455256982,-0.6470401435074578
KMT2D,1.0349571230843166,-0.3441333804182637
KMT2D,1.0869623730338704,-0.2829122174759447
KMT2D,1.128856419658644,-1.3602643315652383
KMT2D,1.3357148014640152,-0.3080780199080575
KMT2D,1.1024016863078434,-0.4578812136474543
KMT2D,1.0550614292721463,-0.9916219776165792
KMT2D,1.052405723702016,-0.1613539259917221
KMT2D,1.000972264690322,-0.3656320468796996
KMT2D,1.2165402048531802,-0.1486222042745914
KMT2D,0.859829789715265,-0.1001473720641021
KMT2D,0.8598470735582185,-0.2924173530469388
KMT2D,0.9563416409858824,-0.8961716105963969
KMT2D,0.9856026225778624,-1.1606198267633383
KMT2D,1.0776136272407262,-0.4677424833839709
KMT2D,1.1905803593796511,-0.9023356210358622
KMT2D,0.9893006980086276,-0.5828749913372627
KMT2D,0.998281779678639,-1.5144798841123603
KMT2D,0.7461233172260573,-0.4925871243511511
KMT2D,1.0489282526174213,-0.5384255460036942
KMT2D,1.2270593240723164,-0.6245937549835047
KMT2D,0.8152729196872447,-0.2604366281263013
KMT2D,1.058204164125772,-0.9409792076383466
KMT2D,1.0651037737421398,-0.8346349845276199
KMT2D,1.4394912305895604,-0.4679579676197579
KMT2D,0.971835474084402,-0.5097767964114129
KMT2D,1.0670198387739955,-0.1086278603400185
KMT2D,0.7957019281171407,-0.7404900640242978
KMT2D,1.2964971187103551,0.0536041610593057
KMT2D,0.9985004617867412,-0.3874268485031908
KMT2D,0.8672579105564969,-0.1035117588962976
KMT2D,0.9926547954308862,-0.4658511136096487
KMT2D,1.047688618507659,-0.833938143260805
KMT2D,0.9677082053688626,-0.9711073055561888
KMT2D,0.8031247470949489,-0.0107409014493048
KMT2D,1.074112421304702,-0.1025996570227134
KMT2D,1.1921336621611085,0.0150595069076241
KMT2D,1.0933315795982468,-0.1125583882245663
KMT2D,1.2162889448628529,-0.5330254211152646
KMT2D,0.7043693314140567,-0.1129371294470841
KMT2D,1.0077648204560965,0.2122179421751602
KMT2D,1.021725748349167,-0.4562858305666464
KMT2D,1.4678250259150745,-0.1559690539498347
KMT2D,1.3019328136245785,-0.633572676651072
KMT2D,0.992641034408816,-0.1348301626811177
KMT2D,1.2464767732377855,-0.7879908061759335
KMT2D,0.9243620911368156,-0.1155649994326308
KMT2D,0.9967599452436366,-0.9103361576415512
KMT2D,1.0589533237345672,-0.343184329274009
KMT2D,0.782795843144074,-0.2108642322983751
KMT2D,0.8830469190919992,-0.1704587101089492
KMT2D,0.8754180282028046,0.3609089253675471
KMT2D,0.9837529759264904,-0.5739799804851156
KMT2D,1.1709025414572416,-0.8633463956392312
KMT2D,1.0819621270341928,-0.117809737998114
KMT2D,1.0773365463305788,0.0058969480716926
KMT2D,1.040232487097635,-0.2238815095273486
KMT2D,1.0680143267390874,0.0703802650317143
KMT2D,0.9425244833902764,-0.5233298168980653
KMT2D,0.9653553464316196,0.0024694250861939
KMT2D,1.0588953384918331,0.553160464126201
KMT2D,0.8737527522622724,-0.4279125687667453
KMT2D,1.3302099799933509,-0.2241982237276877
KMT2D,1.076595275946173,-0.3888850634723881
KMT2D,1.0542514457051555,0.1064701811100972
KMT2D,1.3095997940101265,-0.6017943647231544
KMT2D,1.0462036196804705,-0.0751410732943284
KMT2D,0.7239906646479833,-0.31759035529399
KMT2D,1.0454927082937069,-0.4903362044456537
KMT2D,0.992753192297156,-0.2486635200358105
KMT2D,0.9945322088857502,-0.0480947433732344
KMT2D,1.0238206427312349,-0.5476163804234969
KMT2D,0.9566280504061284,-0.4545441926617615
KMT2D,1.0106882065712748,-0.4340410156864311
KMT2D,1.147183357709799,-0.4830958963844385
KMT2D,0.8814483867144675,-0.8257889971421807
KMT2D,1.1692310120290552,-1.2249219449033504
KMT2D,1.3124568575669937,-0.2413570975251439
KMT2D,1.0303567916900298,-0.4093800081785595
KMT2D,0.7798340209119917,-0.3721122856313885
KMT2D,0.9529100880504476,-0.3030037603631008
KMT2D,0.9996132986614912,-0.1335805512574653
KMT2D,0.9702019605528828,-0.5719903465903984
KMT2D,1.0341862293964763,-0.4304058325103565
KMT2D,1.1451098482479225,-0.2708426378171885
KMT2D,1.0678018843194563,-0.525755815994779
KMT2D,1.1161740418114918,0.0100157782079224
KMT2D,0.6935015441650216,-0.6726001034434281
KMT2D,1.0178676607997468,-0.1406927105175341
KMT2D,1.0144100895293346,-0.1328349768743132
KMT2D,0.9275371684750752,-0.2884128482844801
KMT2D,1.0075566802088365,-0.3202271219037984
KMT2D,1.3783153447627543,-1.0144531812902031
KMT2D,1.0701165989829249,-0.2815205608874775
KMT2D,1.2263102334981504,-0.6233293039952661
KMT2D,0.9966652962533304,-0.3276935715014532
KMT2D,1.0218773157430094,-0.111829978653269
KMT2D,0.9962909336079808,-0.1812067164839118
KMT2D,1.0259191212647434,-0.629025261490834
KMT2D,0.9482201787471056,-0.2250686810281103
KMT2D,1.0380838641069086,-0.1872689217369423
KMT2D,1.0106882065712748,-1.129642407340358
KMT2D,0.945902900685879,-0.1598595059561878
KMT2D,0.9058738105466788,0.0743764261811408
KMT2D,0.9118731176260958,-0.3513035421219969
KMT2D,1.0056581653406085,0.2164221990188385
KMT2D,1.006857839221689,-0.2587113188002523
KMT2D,1.126352968652379,-0.0751162688779035
KMT2D,1.4264251053471115,-0.0684711116295004
KMT2D,0.5303085816477908,-0.068399048275099
KMT2D,1.051298238775116,-0.6001304096304365
KMT2D,1.0112579188492945,-0.2198404424045429
KMT2D,1.000599752090591,-1.0854557376495342
KMT2D,0.9291477934381636,-0.6247971890849846
KMT2D,0.7340753180170516,-0.1914244034382348
KMT2D,1.1174188013823794,-0.0621304327090993
KMT2D,1.0034543598198336,-0.2160849673375874
KMT2D,0.9592395179256052,-0.1201298947065719
KMT2D,1.0351974724882953,-0.1466610438865666
KMT2D,0.7253810692779001,-0.0598055065843902
KMT2D,1.0671315244894186,-0.3003522083952588
KMT2D,1.129227368360746,-0.518492460081345
KMT2D,0.9136376443574048,-0.2705476413382262
KMT2D,1.148625105366208,-0.3086130611690182
KMT2D,1.7265199443985737,-1.7986485870094706
KMT2D,1.1299555333458202,-0.6091439630956605
KMT2D,1.0513004248906197,-0.2323528453814817
KMT2D,1.7049991263434403,-0.5282859361669677
KMT2D,0.9805791560370756,-1.1464600914267524
KMT2D,1.1306112832856283,-0.5264297626274295
KMT2D,0.9819837119257304,-0.5643654156084583
KMT2D,0.8823133382704273,-0.0632646834068664
KMT2D,0.9739219063715892,-0.223238527059118
KMT2D,1.327202031786045,0.1299252132618455
KMT2D,1.1068156895668344,-0.1892398505540687
KMT2D,0.8970398613119368,-0.6680052060332886
KMT2D,1.0587184664186189,-0.4856000767404372
KMT2D,1.0332354157276482,-0.4310906573525876
KMT2D,0.9694403253719476,0.1673257744585855
KMT2D,1.00233863635244,-0.1566153775246611
KMT2D,1.0427663983797697,-0.2527716093399176
KMT2D,1.0214694098221693,-0.5729088916665821
KMT2D,1.0515649784226344,-0.0603102514442462
KMT2D,0.971013325890938,-0.3306264820283323
KMT2D,1.7844246713767762,-0.7857535777370197
KMT2D,1.168742413290241,-0.7350106194318395
KMT2D,0.965915573530505,-1.123169127245922
KMT2D,1.0247869435221475,-0.0569237828271995
KMT2D,1.1386434039620057,-0.5880693448870096
KMT2D,1.3745181907516135,-0.8766464872941293
KMT2D,1.1307578409480774,-0.2387837343789204
KMT2D,1.1431375430511963,-0.3070609490980221
KMT2D,1.0640898685991491,-0.6475938005230628
KMT2D,0.9387084166715476,-0.7185795095163763
KMT2D,0.8097295315733982,-0.2420583422181833
KMT2D,1.0470795118142846,-0.4217542683260603
KMT2D,1.1039876246084028,-0.2113118273543065
KMT2D,1.1834633264026235,-0.8672701532093057
KMT2D,0.8369660449038668,-0.4696103938152726
KMT2D,1.0225787846614611,-0.4166229175654619
KMT2D,1.5019720852095548,-0.34271213140239
KMT2D,1.0485255377841851,-0.4171330668528198
KMT2D,0.9390500769567556,-0.0818279269678158
KMT2D,0.9967703088176988,-0.7246050004750237
KMT2D,1.1589738378755952,-0.4876104143570773
KMT2D,1.0076768096020945,0.0382522891757078
KMT2D,0.6315312370289861,0.1169662040265756
KMT2D,1.1280062020159074,-1.0956729359166515
KMT2D,0.8839888023747461,-0.6264009895921323
KMT2D,1.3421398433495588,-0.1472427192857987
KMT2D,1.1128961702501348,-0.4641517223640069
KMT2D,0.8903490856125607,-0.7064808107694789
KMT2D,1.1594310281737157,0.1535238309228561
KMT2D,2.1047983169479045,-0.8119592493510515
KMT2D,1.0868056719502184,-0.3153153362876322
KMT2D,0.9129387647605014,-0.4832117148859746
KMT2D,0.8640220285528379,-0.1241105064021726
KMT2D,0.6709196949698694,0.0019325227014094
KMT2D,0.983838215319356,-0.5428004146624013
KMT2D,1.1460341223881825,-0.1983219140586298
KMT2D,0.7623371035272806,-0.0651890919263164
KMT2D,1.0771909393772152,-0.2240568555850242
KMT2D,0.8084833678832557,-0.287666810565923
KMT2D,1.0340987782153097,-0.6785038627845291
KMT2D,1.1030704998994485,-0.4576076064082065
KMT2D,0.9171362614392574,-0.3567084858362857
KMT2D,1.0048965573276594,-0.5205756910951781
KMT2D,1.128314302566642,-0.4738407976615979
KMT2D,1.1339712000465227,-0.810110721229518
KMT2D,0.9616307934198994,-0.2785146508582894
KMT2D,1.037757961434274,-0.268074488487689
KMT2D,0.9886350772395696,-0.3529862227374137
KMT2D,1.0132590071697667,-0.0531911903760695
KMT2D,1.18026760295591,-0.1391016810535696
KMT2D,0.9501907055720468,-0.8368346528167898
KMT2D,0.8823261813969586,0.0871800566395546
KMT2D,1.0238944498642402,0.0011313558272434
KMT2D,1.140288593829653,-0.540468493457008
KMT2D,0.9969858955895808,-0.5040407212633967
KMT2D,1.0864094998087457,-0.8390971094008762
KMT2D,1.1910161697615098,-0.855891739555041
KMT2D,1.0332970094059628,-1.0791924200491807
KMT2D,0.8439520861651861,-0.1179994245854558
KMT2D,0.9689929000780934,-0.4783481749865196
KMT2D,1.0455144489294397,0.3043334940722273
KMT2D,0.7080862466817847,-0.4309372405081945
KMT2D,0.8051525178377578,-0.1270207426275914
KMT2D,0.9767843562149832,-0.4835193016109376
KMT2D,1.020673895560981,-0.4048390436253254
KMT2D,1.3118656690049375,-0.3709281703474538
KMT2D,0.6085927277967914,-0.7070025143082841
KMT2D,1.0381889229786951,-0.3218113035401058
KMT2C,0.7943044549731461,-0.3157326000037002
KMT2C,1.029612875533427,0.0601612909045695
KMT2C,1.389600328295305,0.2441501526718116
KMT2C,1.5677211819245738,-0.0168156113464026
KMT2C,0.7064375817366387,0.183815848125071
KMT2C,1.3351483032959082,0.0050730046172466
KMT2C,1.157561624878838,0.000341396999744
KMT2C,0.7471185045375548,-0.1588948357981278
KMT2C,1.032025773041226,-0.1688847753367164
KMT2C,1.4583520175866629,0.0365616609108741
KMT2C,1.048588042943896,-0.5500028153551751
KMT2C,0.7255766832317538,0.0614100712933919
KMT2C,0.7082732692184702,0.031851084898068
KMT2C,1.041123345603266,0.1397966686722663
KMT2C,0.7658150936314945,0.0297590857893616
KMT2C,1.4538495688508672,-0.0883188674605063
KMT2C,1.5409478095939844,0.0568038418241822
KMT2C,0.3976169048215007,-0.0455333428281425
KMT2C,1.0650018968471668,0.1104600996613462
KMT2C,1.0621282651743602,0.0528901007166666
KMT2C,1.0970224119383356,0.0500008777288825
KMT2C,1.55325424809017,0.1556442603218879
KMT2C,1.0444279707555115,-0.4186840312166897
KMT2C,1.0925512832815194,-0.3496799385947904
KMT2C,1.4351663805965316,-0.24784685221554
KMT2C,0.9898645294930668,-0.1216171581874674
KMT2C,1.2304440005840702,-0.1079549380593171
KMT2C,1.288616524225244,-0.0027584277840834
KMT2C,1.172839013975114,0.251145975895585
KMT2C,0.5514958749596545,-0.5828270555696974
KMT2C,1.3936033528378602,0.0526880511396386
KMT2C,1.187488876970775,0.1819278270519032
KMT2C,0.9967495817773262,0.0294614817278453
KMT2C,0.9885884800038208,0.0861689647211388
KMT2C,1.5275165382227494,1.048214679239463
KMT2C,0.960732701401473,-0.2046944038390346
KMT2C,1.1581009367809367,-0.0546240401784055
KMT2C,0.999819104949357,0.0663929181788486
KMT2C,0.5306810728692223,0.1329928565407157
KMT2C,1.1396785776569685,0.2363113818407802
KMT2C,1.2016876910961611,-0.0394859070043193
KMT2C,1.6766226215478237,-0.0895594945101506
KMT2C,1.1182579384581033,0.1316246777458314
KMT2C,0.9991055472514514,-0.106823814103971
KMT2C,0.9384644497204656,0.0839321142272892
KMT2C,1.5304589487460525,0.2600468143593636
KMT2C,0.9880650972878076,0.0798841275860723
KMT2C,0.5480445202482325,0.0815808528517259
KMT2C,0.9521778673182104,-0.4705019051870059
KMT2C,0.8125345135780411,-0.4021428588711491
KMT2C,0.9667943854829968,-0.0837088213562903
KMT2C,1.0209222502802204,-0.0297438313156958
KMT2C,0.7211823528841989,0.1371347109281017
KMT2C,1.1612414706397285,0.0585133924559332
KMT2C,1.3748688450461846,0.2255678938772024
KMT2C,0.7845574505687679,0.1990186168919082
KMT2C,0.997339088754963,-0.0452175891494807
KMT2C,0.3956525608034477,0.1957413658993808
KMT2C,1.1167265809715154,0.1707047016991292
KMT2C,1.238087261006222,-0.152632303307955
KMT2C,1.9092777600284727,-0.1699246566554068
KMT2C,2.5641216835749283,-0.3356610877835418
KMT2C,0.4830421538620816,-0.0452994621638596
KMT2C,1.1347669201462036,0.2680993312954974
KMT2C,0.7061546119287873,0.0518631950380954
KMT2C,1.3757821092644418,-0.0853691822811376
KMT2C,1.7064344539784413,-0.2574356663336827
KMT2C,1.0707999672744464,0.0301388038106311
KMT2C,1.284956927271281,0.0729801903048922
KMT2C,1.0184802469251892,-0.3033285845140915
KMT2C,0.9885686083213326,0.1332703280600875
KMT2C,1.179576511573721,0.0890195568477927
KMT2C,1.3877753052329085,0.1250244413679827
KMT2C,1.523520592303128,-0.1167531442247332
KMT2C,0.5023420673559271,0.1123494069991112
KMT2C,1.4654543218661369,0.1513483162631262
KMT2C,1.5754729671543055,-0.0969055620162664
KMT2C,1.1966713586943636,0.1241436862451524
KMT2C,1.5804309451953815,-0.6079567618373863
KMT2C,1.0647797209033782,0.0395740661169287
KMT2C,1.2202806596362656,-0.081932945436332
KMT2C,1.434109317307881,0.3217963482848461
KMT2C,1.0232048445136728,-0.3413181580245044
KMT2C,0.7130983643621687,0.0946013605332881
KMT2C,1.0245433299168616,0.0621548626255862
KMT2C,1.265799585125461,0.1134075335462994
KMT2C,0.8258685057101105,-0.2193228961179772
KMT2C,1.1384476874130245,0.0593308549818016
KMT2C,1.149435888632428,0.0809991145709221
KMT2C,0.9934932013475296,0.4411507347341206
KMT2C,0.9128394204199908,0.2388691114144864
KMT2C,1.3133678090540868,0.0124190730946656
KMT2C,1.315895569307556,0.1356154322622964
KMT2C,0.5749745480792491,-0.0434057212492452
KMT2C,0.9166468950253792,-0.0788188026493637
KMT2C,1.029064207036571,0.180640627856837
KMT2C,1.3775016052313187,-0.0940575260744261
KMT2C,0.9504673670847896,-0.218659909667793
KMT2C,1.9077551220177769,-0.2091367719579408
KMT2C,1.288861284516732,0.1397089445097308
KMT2C,1.1842789997474354,-0.3064456419128569
KMT2C,1.0499968501457182,0.1853761149449125
KMT2C,1.3580240224249174,0.0790728004351351
KMT2C,1.1658506616912232,0.0466807183507685
KMT2C,0.9890723759405438,-0.0668507820889238
KMT2C,1.037990327483757,-0.5556085422402885
KMT2C,1.413077899417616,-0.2894946673204647
KMT2C,1.594749692127961,-0.1871244636571237
KMT2C,1.1956896698347934,0.025339820336766
KMT2C,0.931929677664263,-0.0199175751005876
KMT2C,0.533958306390794,0.0679349963474827
KMT2C,1.183796420862578,-0.3086941418997131
KMT2C,1.40225818103946,-0.1683784179477778
KMT2C,1.3388793858132744,0.068136758415465
KMT2C,0.7562273854199303,0.1564260337404351
KMT2C,1.346386858195116,0.1106873049606772
KMT2C,1.2299212969419466,-0.1414400611804102
KMT2C,1.019937677408466,0.0827197621658299
KMT2C,1.138824945349612,0.513489387838252
KMT2C,0.7258875614368027,0.1813777589583651
KMT2C,1.1643727650539175,0.2349616386166982
KMT2C,0.985949049459187,-0.0875830594042173
KMT2C,0.7729810760728019,0.129859265406087
KMT2C,1.1503716282722447,0.1381927640830992
KMT2C,1.4249516815498555,0.0846400595791641
KMT2C,0.7564774591305298,0.124207144456983
KMT2C,0.8853801904725217,0.1056938666325433
KMT2C,1.4711414824836302,0.1658196371525756
KMT2C,1.001962837221728,0.223565127611898
KMT2C,1.0055062157525745,0.3664612882130124
KMT2C,1.019690268996602,-0.1299722945474268
KMT2C,0.6789748304648214,-0.020676876735067
KMT2C,1.0078598249247468,0.2901783017133623
KMT2C,0.9825644859342568,0.1210356019977197
KMT2C,1.710370647980899,-0.2814474662000015
KMT2C,1.0030753612601968,-0.2059531770272883
KMT2C,1.542502684311511,0.1216081631210975
KMT2C,1.9487999481873228,-0.0297754522712215
KMT2C,1.1445472321747616,0.7588941965548464
KMT2C,0.8568229331922476,0.2502983694887468
KMT2C,0.9866812044281756,0.018071359095036
KMT2C,1.2717164200274056,0.2984637919484237
KMT2C,1.9566368256730973,-0.0485127240926834
KMT2C,1.0266781594317154,0.1432993234513651
KMT2C,1.0111037214799958,-0.0092589863308001
KMT2C,1.029959779165986,-0.1865261875414584
KMT2C,1.1926733739241075,-0.0204891956258787
KMT2C,0.9820150227499956,-0.0129736343690156
KMT2C,0.8873062280541827,-0.1024211777595461
KMT2C,0.6867767002180292,-0.3476790353534048
KMT2C,0.9024769562737748,-0.0045266061803542
KMT2C,1.6358619446412703,0.0899915040073913
KMT2C,1.264997032000436,0.1288786726745444
KMT2C,1.1292735498302795,-0.0682373165323029
KMT2C,1.3465287187948,0.0797828251775651
KMT2C,1.3657013204401018,-0.4435636536567773
KMT2C,1.0318090460371956,-0.0521510662824916
KMT2C,1.5579360337843742,-0.1464797594549683
KMT2C,1.3054489122657142,-0.0617526456821248
KMT2C,1.4271579369324134,0.5066741868498147
KMT2C,0.9185358912428035,0.8251467267783108
KMT2C,0.9939546952977686,0.2135473386233464
KMT2C,1.178184109327549,0.2042085003441542
KMT2C,0.8758009986702363,-0.1948195938709079
KMT2C,0.7778004637139623,0.175165524324564
KMT2C,1.014866527121712,-0.2842610337991635
KMT2C,1.0810647984207788,-0.2110911033071892
KMT2C,1.6104847504247617,-0.2115899567592633
KMT2C,0.538787019945486,0.1856903898758576
KMT2C,1.0416163504121456,0.0306329532946905
KMT2C,0.9559380289027106,-0.0722965029507604
KMT2C,1.3923356082696126,-0.2393294485173117
KMT2C,0.6084990855597371,0.0722648514720869
KMT2C,1.2314021563329522,0.1018575583943897
KMT2C,1.0970110060277527,-0.0743386758092562
KMT2C,1.1833304429520797,0.0781619438359867
KMT2C,1.16168023014052,-0.129751366169032
KMT2C,1.016635137516724,-0.2023691046576427
KMT2C,1.2859940788258168,-0.3402021574733658
KMT2C,0.991216425661228,-0.579285581480867
KMT2C,0.4606394894130371,0.0432193739057086
KMT2C,1.7787330388926068,0.0345102712769992
KMT2C,0.940755680005826,-0.1347719542756216
KMT2C,1.0094608782691576,-0.3941729286522166
KMT2C,0.3522510714665662,0.1478436501220222
KMT2C,1.0801599781699318,0.2750458890231872
KMT2C,0.8905965943350628,-0.2287889265582291
KMT2C,1.451822419454175,0.0004855612534189
KMT2C,0.5852191969085347,-0.0478638345771172
KMT2C,0.9650616707655348,0.0558271617176312
KMT2C,1.2672568831525046,-0.2544364577448924
KMT2C,1.10701901257613,-0.1012804644794099
KMT2C,0.8100478295247641,0.1645436113087992
KMT2C,0.5500371622187731,-0.0190028760861234
KMT2C,1.0102504540985189,0.1482002555278624
KMT2C,0.6711289983534614,-0.0112762483388171
KMT2C,0.7207660684416966,0.2042843032331458
KMT2C,1.0166548686860142,-0.5688736877191308
KMT2C,1.729678613695247,0.0355288758172342
KMT2C,1.5717404530161012,0.3010878609327141
KMT2C,0.6898975297967185,-0.072880207039154
KMT2C,1.3753320744870476,-0.131748653581453
KMT2C,0.9356896496984124,0.3983392438509735
KMT2C,1.1757929233477995,-0.2071591524288327
KMT2C,1.0011443471139918,-0.1009016150395395
KMT2C,1.3028256239278102,0.3191622470022665
KMT2C,1.4551854267380078,-0.0777781829700824
KMT2C,1.5318573961751545,0.4431732511958769
KMT2C,1.6738671153154987,-0.3851572504047331
KMT2C,0.8274304753411499,0.0675555344102196
KMT2C,0.8691077769359722,-0.1859674866982686
KMT2C,0.7865808673672414,-0.0367037352871826
KMT2C,1.2028260347554365,-0.6330741947463866
KMT2C,1.1418641338372175,-0.2040121022158221
KMT2C,1.00038477069047,0.2706340055277271
KMT2C,1.210205350545423,0.2966002644946257
KMT2C,0.9596152567002874,0.3808477610176253
KMT2C,1.6253292491638334,0.1645701654072032
KMT2C,0.5949266727481981,-0.1694396579356425
KMT2C,1.0545869139681951,0.0293359090563016
KMT2C,0.8350398771868865,0.0309796727547416
KMT2C,1.395172007960718,0.493353718605076
KMT2C,0.6558860064006434,0.2325574140692218
KMT2C,1.704056298482199,-0.1961073172387426
KMT2C,1.022359081010325,0.4609135208676264
KMT2C,0.5368790445977195,0.1365371710302458
KMT2C,0.742938656860794,0.4589462764810788
KMT2C,1.2822148299733132,-0.4026296490591946
KMT2C,1.005847786016372,0.1989073244656974
KMT2C,1.0799803027529058,-0.1392645175465084
KMT2C,0.9316383932384792,-0.1849004421748638
KMT2C,0.6649155395520372,0.0835732837877532
KMT2C,0.3725962346483997,0.2251543209875307
KMT2C,0.7799805209440913,-0.0256120987384909
KMT2C,0.9783699512114022,0.1153532717075944
KMT2C,1.0303175120489831,-0.0494625111324141
KMT2C,1.2026467949844597,0.0831165267301231
KMT2C,1.0368218305717884,0.0015824687429984
KMT2C,0.7224581881497596,-0.162798486707948
KMT2C,1.6944170364067503,-0.0915202304712508
KMT2C,1.0702938915123783,-0.5460243099595276
KMT2C,0.9399174760022292,-0.063617200479412
KMT2C,0.7570245541458837,0.0039816647721272
KMT2C,1.1055467244391135,0.003869375397999
KMT2C,1.496273597635819,-0.2905866420307235
KMT2C,1.1553163931736032,-0.2154183700167224
KMT2C,1.1124928007277866,-0.1641239071750776
KMT2C,1.03925738511449,-0.3210223751896595
KMT2C,0.5592254796658354,0.2276914085244774
KMT2C,1.9033343295731608,0.1213217354858356
KMT2C,1.77462967713861,-0.3124455895668264
KMT2C,0.9888269713530776,0.1380220804528869
KMT2C,1.4885647730218174,0.2796427350713176
KMT2C,1.4230062516238855,-0.1556710083583885
KMT2C,0.6117609819467899,0.3343272846235282
KMT2C,1.1775562689812926,-0.2415993977034126
KMT2C,0.5918657997851949,0.0678523901339263
KMT2C,0.8179621549751257,-0.082852447878109
KMT2C,1.139816039855051,0.0956911616629509
KMT2C,1.5563181358752416,-0.0563355798854397
KMT2C,1.1982874258165055,0.1770254546228866
KMT2C,1.4856105853618229,-0.1259408567717306
KMT2C,0.5327431340852375,0.0532680345395428
KMT2C,1.2625399157339825,0.0334492043406367
KMT2C,1.0460863899751875,-0.2693772407057807
KMT2C,0.7080087032663271,0.307129773520387
KMT2C,1.2241191584728623,-0.0870234604537983
KMT2C,0.7941427540036055,0.0558430786489389
KMT2C,1.2885370317961746,0.0014898075042097
KMT2C,1.0343016476028235,-0.0806912969015657
KMT2C,1.2269734232754204,0.3001866427641689
KMT2C,1.068954910396404,0.3282185000291658
KMT2C,0.7637111542413633,0.1344141048006754
KMT2C,0.5175510217536232,0.1466384213407493
KMT2C,0.7497424530345428,-0.61464323233276
KMT2C,1.1022267151987122,-0.1291610596316909
KMT2C,1.0155089819459728,-0.0067282106585738
KMT2C,1.4048908035653784,-0.00388909305157
KMT2C,1.0239356138456477,0.1868505135050423
KMT2C,1.034855977783779,-0.3741873186900193
KMT2C,0.8508826024772924,0.1477274254134915
KMT2C,1.1149538534252106,0.0761866004342517
KMT2C,0.7186917349084028,2.6798974877603743e-05
KMT2C,0.9344685400983228,0.0980256176799582
KMT2C,0.8414019110666496,0.0259701330289624
KMT2C,1.7261681409110732,0.0515616660787955
KMT2C,0.9754622856294122,-0.0592205566024894
KMT2C,1.1503955498264833,0.0869603303719384
KMT2C,1.2789368233181069,0.1663736593767931
KMT2C,1.0431300254322,0.4183236315807878
KMT2C,1.3256243423256056,-0.0980555541611925
KMT2C,0.9502927974675406,0.3083792019408017
KMT2C,1.46833984870044,-0.2828898778577994
KMT2C,1.2594501323401288,-0.1214029009188122
KMT2C,0.9326217624236984,0.040820302656484
KMT2C,0.6425822344026793,0.2351602162918835
KMT2C,1.0325230581116098,0.1421226558625873
KMT2C,1.3349484201345894,0.2157000973674065
KMT2C,0.6054211580633354,0.0463833980332732
KMT2C,0.6797654773634028,0.0273789920128273
TP53,0.8383572168073742,-0.2878333243299579
TP53,1.3413651267550464,0.0616831929511224
TP53,0.9937638725576886,0.1118908094424828
TP53,0.7519788548751262,-0.677214506818612
TP53,0.6566571760172234,0.2197770376135622
TP53,0.8878679316394085,0.949124499672984
TP53,0.8428653030946575,1.954869179141429
TP53,1.0960601703376145,-0.0324841733856641
TP53,0.9942854496268928,1.116736828701258
TP53,0.5489459456137542,0.5206158465378095
TP53,1.059736068086254,1.5502461034067203
TP53,0.6690736810344863,0.1875964841484684
TP53,1.3402034257766802,0.0169870932295854
TP53,0.986866609424489,0.7113985570739676
TP53,0.7247824865393663,0.2178626078902393
TP53,0.2983683293315107,0.1908145299598991
TP53,0.5229866408823908,0.2095485039085044
TP53,0.7609275487200022,0.37405107957099
TP53,1.0550168201310786,1.5004984649491808
TP53,1.0024366034558736,0.3513102628388694
TP53,0.5291820386480747,0.1072136784003471
TP53,0.9136243454616928,-0.1110225193738325
TP53,1.0492351175163737,1.9176655719677012
TP53,1.00899638107517,0.4122443552597716
TP53,0.98516549222909,0.4130897606890956
TP53,1.0020274285211253,1.2018667372745018
TP53,1.1978572576598514,0.351668023448217
TP53,0.8878919334668121,1.677353953776001
TP53,0.7791073337360098,0.2314246569905437
TP53,0.5118759040906503,0.2438421156441002
TP53,1.4148822564691566,-0.0362906097176168
TP53,1.122465419783854,1.1624886945897897
TP53,0.6716595258712595,0.200972085269545
TP53,0.9818857018864152,1.3855988676798288
TP53,0.6271645849388499,2.139350861899987
TP53,0.748111389372692,0.1650488446023716
TP53,0.7629783365902035,0.1977989316060158
TP53,0.9892259561542894,0.4951818144935727
TP53,0.9720315187358912,0.1801391643593327
TP53,0.7271676883467382,0.3555690862875424
TP53,0.9477056868156088,0.4188892759340484
TP53,0.8584226213863227,0.1581592187099215
TP53,0.9014385166920544,1.5593839595059298
TP53,0.9910103294289924,-0.1331252705554512
TP53,0.6985484079627686,0.2564514171130784
TP53,0.746971963657757,0.9563766995720268
TP53,0.9958097182131956,0.3956299858598928
TP53,0.5229634409671868,0.2997225917876194
TP53,0.8872859321705673,0.3347204751947332
TP53,1.4608864029553568,0.5480069594166919
TP53,0.990632597626432,0.3054940390401147
TP53,0.965002108673108,0.4116134434356305
TP53,0.8584987339477996,0.1835702795848344
TP53,1.0471600765170117,0.3036798108763986
TP53,0.7148923899928039,0.1375686368717937
TP53,1.0647022285719223,0.2674912793060208
TP53,0.9945584048042132,0.1437024103121783
TP53,1.3878060874155749,0.6341577407587209
TP53,0.7346321806529559,0.1673482191855488
TP53,1.1289119759444537,0.0325582390947692
TP53,0.7741757376603889,0.2798705476452822
TP53,0.9578163713685874,0.1674930718303009
TP53,1.4010456853602111,0.8764146941861449
TP53,1.1577606274056642,1.0895412583759314
TP53,1.140795344993028,0.419056890992184
TP53,0.4516149029958442,0.318298146938117
TP53,0.993481494587309,0.8581980854623277
TP53,0.5176615251705633,0.3858513518918218
TP53,0.9242967401113512,-0.0616423761899273
TP53,0.6557250887041872,0.2399978210600969
TP53,0.9795533675798568,0.2703733268631625
TP53,0.6008655025456868,-0.0171105712225122
TP53,0.8638818986201034,1.0525227577376084
TP53,1.321402518952982,2.0102999287094274
TP53,0.996070664136929,0.2619391384554043
TP53,0.7330507568740023,-0.1071982136819471
TP53,0.7220962222500857,0.3494805968002015
TP53,0.7518329240703305,0.1456174732302315
TP53,1.1502448523391198,4.0211070431557685
TP53,0.9819980058738288,0.2916612974452372
TP53,0.7742868254997936,0.3400234682816393
TP53,0.9985115355726252,0.1589666078818203
TP53,0.968135576515944,0.5044436522095821
TP53,0.6626582811905778,0.2033404882172039
TP53,0.9613928639120316,0.6951961064959323
TP53,1.2193336930700955,0.2161436664548543
TP53,0.3917977840069262,0.3084861852936158
TP53,1.1798054674283274,-0.0657028053928834
TP53,0.97683242832577,1.2122043744932405
TP53,1.0006150105906657,0.0265292502405355
TP53,0.923996312990684,0.0997503124145649
TP53,0.6864140555488814,1.4649041892225592
TP53,0.9443869428305552,1.990678633616785
TP53,0.6193754046702616,0.0099632819439383
TP53,1.5486316151152215,0.2194789183714183
TP53,0.9915277121984428,1.590379997906782
TP53,1.2587318711435742,-0.2859123893716342
TP53,1.0305774996967654,-0.0029369546321058
TP53,1.2224894373978974,-0.051895170242147
TP53,0.4772543262359177,0.3203501121397385
TP53,1.139079941469553,2.7315753633731497
TP53,0.4852106089809793,0.6088039685874207
TP53,0.682835040970362,0.1761623202701806
TP53,0.7819531079969888,-0.0709256715334317
TP53,0.9931289791481314,1.4199861434514915
TP53,0.3427545664876623,-0.0456359040537951
TP53,0.7220676932329204,0.6666278469226923
TP53,1.0273181223293535,0.4006807697532082
TP53,0.614505999076626,0.2813360597845079
TP53,0.7128898078109533,-0.0228037722282146
TP53,0.5250122534997451,-0.018533822093896
TP53,0.9997997005274366,0.2335933223760635
TP53,0.9405718108111296,0.7864765993400016
TP53,0.4793568653957747,0.006865273394875
TP53,0.701272470945761,0.3249459676219196
TP53,0.6461119216055605,-0.1988845978480113
TP53,0.627710392594958,0.1778925359786269
TP53,0.6688450831930675,0.0727789018402632
TP53,1.1351272220391626,0.0132588427445248
TP53,1.1301255060603324,0.0982964458562057
TP53,1.0298648330181648,0.1677994880805547
TP53,0.706813744737945,0.2969897513884356
TP53,0.778176867640405,0.1767135241553329
TP53,1.074264313714668,0.3212463892825109
TP53,0.7114183045299697,0.1568561398691252
TP53,0.6676897763829768,0.0376869130906337
TP53,1.0424339677090149,0.0876365326885932
TP53,0.990660064174878,-0.1627966622617999
TP53,0.9837372926826672,0.457675392191456
TP53,0.9761643703819536,1.972839500470912
TP53,0.9930773516487104,0.7555031576520066
TP53,0.6678222194746264,0.2042684493810808
TP53,0.9724277708938563,2.004044813551406
TP53,1.3099910907259689,0.0575483724091547
TP53,1.2911825623437856,0.2237400201447032
TP53,0.9501979504417604,1.4405520046043183
TP53,0.9842624763643344,0.0369759518790613
TP53,0.9674385957192292,0.130793514437755
TP53,0.561585659128701,0.3322642529891216
TP53,0.8393416049485887,-0.0153675525405442
TP53,0.6444239420139568,0.2098898539038657
TP53,0.8193274184885786,-0.0639985105005923
TP53,0.9876843804124906,2.6913188098008884
TP53,0.9910694059671252,-0.4021918951130521
TP53,1.4284940231306462,1.435833133225624
TP53,0.9906641842228276,-0.0658279323080175
TP53,0.8965574892682803,0.2927929953664638
TP53,0.9369311882899568,0.2364130348336801
TP53,1.1393160413995906,0.2341697523092892
TP53,1.3582612533948613,0.1118990839555377
TP53,0.8879639428421567,0.110686790051749
TP53,0.9438797647292616,0.0478446847803845
TP53,0.8218836054055658,0.1980581471586587
TP53,0.7492879429126671,0.6049120924244297
TP53,0.2905972589561401,0.2245174977984082
TP53,1.0315208624903744,-0.0637278133288129
TP53,0.9877391507825192,1.080130246567152
TP53,1.0105039772200262,0.1237220878330755
TP53,0.9341719294829038,1.6222818496540454
TP53,0.5885068039432999,0.4901264824166877
TP53,0.9961652566575964,0.1875537074665857
TP53,1.0097400991585432,0.0325680631138811
TP53,0.7692017766322576,-0.0714764484325805
TP53,0.5711790620607469,0.0912311532527184
TP53,1.061440130702288,0.0151993249090177
TP53,0.9759323153942082,0.3335670486811108
TP53,0.5321264421259221,-0.0028046085629611
TP53,0.3735424220976569,0.048693150033222
TP53,0.7421048804182954,-0.2285792985469565
TP53,0.7761680754488668,0.2845020813297442
TP53,0.9674225019970536,0.0585364499624658
TP53,0.5624064323512744,1.5056416132755135
TP53,0.5750494788548566,0.1837795742067451
TP53,0.5360609688764738,0.3253973847210683
TP53,0.5187513173012738,0.2248769730340409
TP53,0.6539521581622447,-0.0103406970985073
TP53,1.0552742627771143,-0.1546944536006458
TP53,0.9721420218052402,2.3325701629442412
TP53,0.9122125982475552,0.1493229504885348
TP53,0.998000884987268,0.1379593656341463
TP53,0.8946522977317927,-0.0673819668990667
TP53,0.9949728057019545,1.7478306917546191
TP53,0.5876027284612574,0.1508827630856818
TP53,0.991652116711659,0.9054612804843212
TP53,0.6755741353025758,0.6176261953698804
TP53,1.0389772035005105,0.3706506899699264
TP53,0.590101487445828,0.164144636137309
TP53,0.9263466028812716,0.8189939015463523
TP53,0.4894508843645134,0.2892252648740006
TP53,1.3295591851476296,0.9283166286996823
TP53,0.5955625736404577,-0.1616303616717649
TP53,0.852717635988645,0.4081484639434274
TP53,1.1617760547222598,0.0504755742677022
TP53,0.9162327265909272,0.6996890283134244
TP53,1.0166492311699982,0.0916503943512476
TP53,0.9055021677068248,1.471416787720746
TP53,0.6910796967896717,0.0875583590976385
TP53,0.9976225631721486,0.4890112465922128
TP53,0.9986153582882092,0.3567438644183127
TP53,1.0409523281950144,-0.0786546541593873
TP53,0.6658554855632554,1.0400298614382604
TP53,0.41408135625475,0.3338837430952485
TP53,0.6932415349545685,0.191565351475147
TP53,0.8519555108857547,0.1556498733815901
TP53,1.0004457929732664,1.2652494134413783
TP53,0.6455711444460077,-0.2720471588686493
TP53,0.9724998953741856,0.6334846028078609
TP53,1.0616991407489929,1.113777334959499
TP53,0.5721058493394929,0.1097130094637077
TP53,0.8283325576095779,0.0957676925990007
TP53,0.8516980784630145,0.382154662781139
TP53,0.715175886858205,0.0919764960302101
TP53,0.6171867521271845,0.1838352281858384
TP53,1.0575530243246434,0.1690295804410918
TP53,0.979301500369044,-0.1013677413671469
TP53,1.079773712971411,0.036015311546649
TP53,0.9631730963718996,0.9825609216871072
TP53,0.5942895838177517,0.7952264288756044
TP53,1.079058439332981,-0.1760424881846173
TP53,0.6371994823696666,0.2231503568056458
TP53,1.3131211254241522,0.1753080622731283
TP53,0.7181728404851048,0.0375593525810358
TP53,1.2559856664411255,-0.0220918337942347
TP53,1.1382748850437503,0.3459409717494454
TP53,0.5204595690991306,0.1965589449630115
TP53,1.137989305760051,1.1641499852821713
TP53,1.3243642755732097,-0.1130143248986484
TP53,1.2201402592534378,0.0142850895451136
TP53,1.0004360846338418,0.220307985903305
TP53,0.6973114131277437,0.1489332750862548
TP53,1.2552667707640497,0.2176200805408624
TP53,0.9767911267916736,0.2751702153732235
TP53,1.2937456394155058,0.1784920010090653
TP53,0.7499779058841588,0.3098926227919476
TP53,0.960680094437932,0.7742609549573342
TP53,1.0262662030804937,0.2147214510761996
TP53,1.0011221412680542,1.6670501231245818
TP53,0.6669215628299207,0.091974564043045
TP53,0.7679604930593699,-0.0714980690670425
TP53,1.077787679444807,0.223766866060251
TP53,0.5293001617639993,0.1559454207153925
TP53,0.943189132055843,1.094187170457701
TP53,0.8001597696789723,0.1001570626016619
TP53,0.5260697500392925,0.2211086918273363
TP53,0.7453980758236055,-0.0490822154420692
TP53,1.095124581258355,-0.1100944842964891
TP53,0.8110568798089319,0.2195050645108659
TP53,1.0080421747650012,0.094840240389953
TP53,0.9973729631663129,0.7672788341387962
TP53,1.0991276903062142,0.1880455228247123
TP53,0.9199274546247987,1.20836077875411
TP53,0.98120466628152,-0.1848783457591563
TP53,1.144133976821713,0.9477951300445224
TP53,0.6529022869606899,0.2082281284941114
TP53,1.1094087428655652,1.3372745276531357
TP53,1.0361278275988026,0.7624755001481034
TP53,1.1094471927089566,-0.7879641581076915
TP53,0.922077552139995,1.7544525425743662
TP53,1.039255224041758,0.0042165388332526
TP53,1.1761042936326398,0.2623364947945634
TP53,1.192346046367785,1.149377920774501
TP53,0.1859230946682531,0.5454921561990926
TP53,0.5276828496428686,0.2189436630982461
TP53,0.7102653446474356,0.3044244112895287
TP53,0.8400872054059778,0.3162940050394391
TP53,0.6895666943818266,0.4087999522356713
TP53,0.7406623973163151,0.1788719413772176
TP53,0.819415449963411,0.1663845761729374
TP53,1.06505873999986,0.0788114533657377
TP53,1.3183075699562368,0.2701937608633431
TP53,1.16373438180146,0.260414621811896
TP53,0.653569244406298,0.0246905977491644
TP53,0.7599287159364013,0.0520368417123339
TP53,0.5864312948818413,0.432758153998003
TP53,0.9667930452223208,1.315400793917513
TP53,1.451785185846813,0.2011171008680725
TP53,1.0899983869420689,-0.0978080982546984
TP53,0.1636334830952567,0.0368799047274688
TP53,0.9753574897244152,0.1465264865662277
TP53,0.5856343168959495,0.3936298695324821
TP53,0.9902138271077708,1.5279556452075436
TP53,0.9054977741935616,0.2265086868155822
TP53,0.8948544815582536,0.1426562622448589
TP53,0.6939179541530694,-0.2439878079711578
TP53,0.9819142871373504,1.12827360920988
TP53,0.8841211629017327,0.1988357505140448
TP53,0.5121722523009382,1.690822489510146
TP53,0.745111378803906,0.0545294333065722
TP53,1.2554895321909805,0.3458178927019174
TP53,0.89575431917775,0.2402883445163382
TP53,0.8329980364646972,0.1222401490638245
TP53,0.9589842325413231,1.4306007312721765
TP53,0.969982080342348,0.5686896706491814
TP53,0.9725915753315996,0.2068023401880853
TP53,0.9516216503415672,0.0606981551080315
TP53,1.010274963224702,0.0218088080954366
TP53,1.0033708983037088,0.590637483488108
TP53,1.3294651872900822,1.3675947387439598
TP53,0.6332016851233381,0.7333023375702217
TP53,1.190771006796056,-0.0022663449751272
TP63,1.1765739502863637,0.0434848602706101
TP63,1.3358009080055409,-1.090625549662945
TP63,0.9767857103265668,0.1617059180090871
TP63,0.896509639180443,-0.2056000817348776
TP63,0.8735692628367101,-0.1954197513786008
TP63,0.9019028846262294,0.0923996066214289
TP63,1.1369911304818965,-0.134887369391904
TP63,1.2305412326076397,0.0390330920730608
TP63,1.0360150780479118,0.1428422589284997
TP63,1.217218359896331,0.2627016731950221
TP63,1.0595296787745467,-0.0626178168415613
TP63,1.613653699315511,0.1274012715522067
TP63,1.784411065870416,-0.3255039100852581
TP63,1.0432413799413014,0.0761324077760757
TP63,1.1229315587573392,-1.0721708186872745
TP63,1.3333846278778332,-0.1157170223382078
TP63,1.0783443869638087,-0.0207248332944014
TP63,1.1851757396607805,0.0935637954013765
TP63,0.9544218653631702,0.0934346843362396
TP63,1.0453064820382385,-0.727034216968201
TP63,0.811106915531537,-0.2957632105728814
TP63,1.363460589402559,0.1579356987717466
TP63,1.061025993140748,0.0361829139427997
TP63,1.0387093369844165,0.0600762093081408
TP63,1.319036054755818,0.0410604081852051
TP63,1.0120916926142531,0.0217907673501168
TP63,0.9693892573901218,-0.1660492984937114
TP63,0.9984810829569586,0.1160250789785204
TP63,1.1166104786251625,0.0515676599860588
TP63,1.623398291158976,0.0723082176608141
TP63,1.4493067722755586,-0.0493630449935757
TP63,0.9925536563703462,0.053025311040564
TP63,0.853228463760404,0.0970611934304682
TP63,1.4812149336634723,-0.0142419481157078
TP63,1.121515842471943,-0.1176469740576721
TP63,1.236623219688413,-0.8035200094956655
TP63,1.3539655201873633,0.0013025150215203
TP63,0.957584031851628,-0.0183901412392281
TP63,1.9162144141903488,-0.214984776334471
TP63,0.8364307463335339,0.0288418522122288
TP63,1.5532477883007862,0.0738629926290376
TP63,1.2265278562567838,-0.1411913805004225
TP63,1.447792652724543,0.1869692064559868
TP63,1.4775408320138048,0.0461593208311504
TP63,1.3602067912232374,-0.1457095032378116
TP63,1.1197463783324282,-0.0309130163409835
TP63,0.9949514263912046,-0.0140989643691841
TP63,2.025435299059542,-0.2618509698865716
TP63,1.6650413431391131,-0.0955222521091557
TP63,0.8484908457923868,-0.200261318789838
TP63,0.8331464389742087,-0.0411570365766738
TP63,0.9995855838801168,0.0420520911023995
TP63,1.069057165432249,0.0866719808826786
TP63,1.0600034791361388,-0.1212416915885378
TP63,0.8906867268153497,0.1380970001887348
TP63,0.7840768664350652,0.0357264788781315
TP63,0.8545820976973908,-0.1756347520907795
TP63,1.0061608777846085,-0.1556029002392807
TP63,1.1037052923556294,-0.0756050227632914
TP63,1.1691151235399304,0.1211993350864371
TP63,1.1347299524052823,0.0292522772713354
TP63,1.0596222184767417,0.0699109115276378
TP63,0.9998572218745716,0.0295530004052016
TP63,1.1254664102981131,0.0833118389118691
TP63,1.7495804442283682,-0.0037207320477554
TP63,1.2748071359657815,0.2275436426487383
TP63,1.0314472205541227,-0.0567481599073314
TP63,1.0462285176285158,-0.0397682414524172
TP63,1.3560035918857585,-0.0570402538295941
TP63,1.4680794026490696,-0.2343873889493912
TP63,0.9764208451640322,-0.1409760020226426
TP63,1.2377174420947896,-0.5755675119231477
TP63,1.7625070154509157,0.0114109402962968
TP63,1.031327116832107,-0.0682765209068235
TP63,1.0307896810771595,-0.0398566287319835
TP63,0.9392316955934236,0.1204426088999757
TP63,0.764057966536602,0.1180680594077275
TP63,1.6433115249424577,-0.1251080251803093
TP63,0.9045028789920516,-0.1702051388782098
TP63,0.9405379097777552,0.0544263318660484
TP63,1.3186329161942496,0.0756706209423871
TP63,0.9912432213193664,-0.0565462410547756
TP63,1.0369332304258934,-0.1233565662813705
TP63,0.8873806502661072,0.0023186939064154
TP63,1.0198394137396327,0.0764452380437022
TP63,1.031754692608489,0.0040505699901965
TP63,0.8422088846425483,-0.1138563072722834
TP63,0.8156205328104864,0.1226140885268586
TP63,0.9164887012458895,0.1833140294743485
TP63,1.3905474741253645,-1.3564281845093855
TP63,1.6513855654810097,-0.7022208784424561
TP63,0.9487007547293488,-0.0940790578991327
TP63,0.9935296997795486,-0.0934978443789053
TP63,1.1320243570046598,0.0375926717203433
TP63,1.1299555333458202,0.1098581766733135
TP63,1.0206668208131706,-0.0837619262084641
TP63,1.6900828839991449,0.118451483553027
TP63,0.9357279161487848,-0.0792817176942794
TP63,1.238737929858015,-0.0829424143558277
TP63,0.8693132263007175,0.1408836773251714
TP63,1.280806025426243,-0.0082063945872891
TP63,1.4263252478660116,-0.4836642014942118
TP63,1.3779724076658726,-0.1047534834146272
TP63,1.1298028146961026,0.2196356649122694
TP63,0.9843873339761646,0.1011266091629548
TP63,1.5180644055776389,-0.1939617366881139
TP63,1.7582826410695351,0.097642881431204
TP63,1.061858110022578,0.1048241769097201
TP63,1.547721614252777,0.0270593174832246
TP63,1.1678921067222634,-0.1726422659985923
TP63,1.1207426204745825,-0.0154440812629351
TP63,1.0843781886577308,0.0358494523961073
TP63,0.9401162048583892,-0.0825112223496181
TP63,1.3477314008257304,-0.0611509614092283
TP63,1.609230514542542,-0.2058738271031324
TP63,1.7987603647086403,-0.0617677009608951
TP63,0.948300367387093,-0.0136538108482813
TP63,1.2588487897572649,0.0026082812293957
TP63,1.410539434536466,-0.965586203663756
TP63,1.0445858021019534,-0.0476857623518734
TP63,1.044230353204824,-0.0959956916471534
TP63,3.340943163161002,-0.7069872465924013
TP63,0.7941536131469038,-0.0489595346668612
TP63,0.9580965814051478,0.0627176161369698
TP63,1.1618662497844865,-0.5475698146529115
TP63,1.492926354893552,-1.3470037133626995
TP63,1.297593052237757,-0.0451677906111265
TP63,1.448654944595686,-0.1257319195027341
TP63,1.483695462057384,0.6087872256690812
TP63,1.0174310301069678,-0.0867247804896749
TP63,1.4507279488413525,-0.0238596497568965
TP63,1.0098968885948156,0.1843763399499257
TP63,0.9959864360224674,-0.0080516281151006
TP63,0.8816518643602489,0.0239744947154836
TP63,0.9610450729500984,0.2030005437233073
TP63,0.9971718075132296,-0.1244015172651111
TP63,1.5636536603848714,-0.1602929583586372
TP63,1.1167683807713698,0.2112736073619477
TP63,1.1634337008364233,-0.0493495628175244
TP63,1.1972297218107193,0.1131441659575019
TP63,1.4181449505868124,0.0694772516270804
TP63,0.8653286053267483,-0.0327077991604292
TP63,1.0650336400518927,-0.0123351504503471
TP63,1.0579599397320216,0.2719367692445421
TP63,1.0256404028572783,-0.1171588620505396
TP63,1.0569000874220795,0.0726777103623453
TP63,1.1056149278297858,0.1199650288195025
TP63,0.9412716184105344,0.0807956385291687
TP63,1.0342285240141798,-0.1267933549945399
TP63,1.319522544665051,-0.1358936462607249
TP63,2.1414069655288115,-0.7675344828212085
TP63,0.7069034068741088,-0.2402991659655799
TP63,0.9922152250828826,0.024141033216602
TP63,1.084659336095936,0.1169832032513962
TP63,1.3245028977114526,-0.0134524555252546
TP63,1.3795158187452712,0.0861719203961134
TP63,1.0436037258834026,-0.1273255710233257
TP63,0.498375136335864,0.2016369080709838
TP63,1.183652013724492,0.0152808037827807
TP63,0.7644118243420036,0.1750605117755797
TP63,1.2463091700858475,-0.1015320357616068
TP63,0.9944398393111996,-0.1036487729983315
TP63,1.247117155649978,0.2071550419236448
TP63,1.1555686740689617,0.1086555501741312
TP63,1.1555478487982394,-0.3015384217205814
TP63,1.4219344899721946,-1.3658635808378703
TP63,1.2220446516510088,-0.4411325629562996
TP63,1.0836425888949188,-0.0304589200203313
TP63,1.3985346515783903,-0.2352433951073849
TP63,1.2020309140332734,-0.6830615343208182
TP63,0.9796688000720593,-0.2791043863106548
TP63,1.0145654943759783,-0.0196047997906842
TP63,4.6150947954688566e-08,0.579078741481403
TP63,1.079262647997454,0.0663392560567311
TP63,1.905939071058738,-0.2196159583666467
TP63,1.054431956757171,-0.3680218574064886
TP63,1.3380475085222494,0.0546687335440981
TP63,0.9998904887422672,-0.0492322436409576
TP63,0.9379611024081962,0.1164109784234637
TP63,0.9928447170179968,0.155808916434076
TP63,2.1211402277124205,-0.0248106063053383
TP63,0.7012151152571402,-0.3026541915016312
TP63,1.427614045061714,0.0818701416112616
TP63,0.9935593127001968,-0.0020022233812562
TP63,1.058788184247418,0.1264633188047741
TP63,0.9743628276590216,-0.0322548003255506
TP63,1.7066864111566211,-0.7432468170326841
TP63,0.9538702880836528,-0.0229433933235671
TP63,1.0346537168362175,0.0846636253549631
TP63,1.058415430687313,-0.1812340501523911
TP63,0.9515227134054116,0.1488459135949332
TP63,1.1309004981990949,-0.0201314861173865
TP63,1.1925055659985646,-0.6899918637898651
TP63,1.1228366032373456,-0.0576023094871742
TP63,1.0086013070481192,-0.0826441731146839
TP63,0.9320310995980214,-0.1618076466690658
TP63,0.7171550646148039,0.0020158286824997
TP63,1.0623808156408947,0.0689905525031663
TP63,1.0462321435865352,0.122852509141607
TP63,1.0689467600535705,0.1054985803374443
TP63,1.064351000731238,-0.0940881583481839
TP63,0.9737869014849336,0.0306413800914475
TP63,1.9413281461859997,-0.1919966802587041
TP63,1.1819409827779552,-0.0053064756582926
TP63,1.0006559322623514,0.0177983087026088
TP63,0.9790442689302228,-0.4543737019550787
TP63,0.9716259992824702,0.012707657073299
TP63,1.1207768019376716,0.0450772749023764
TP63,1.1449900013408592,0.1239814324189526
TP63,1.473940206861409,-0.674305903145465
TP63,1.023077899941048,-0.0543756614829692
TP63,1.963722401810189,0.081473019258268
TP63,2.2603450152723763,-0.1764991904795209
TP63,0.7740330105024752,-0.1006304946124394
TP63,1.046338752368267,-0.0615605678765834
TP63,1.2927649600688509,-0.0093595494594982
TP63,1.5258720585211916,-0.0773701911458944
TP63,1.0954358493174516,0.0138745220858521
TP63,1.7382083248517144,-0.2078044996638483
TP63,1.3150293506983366,0.1149623947220353
TP63,1.240023962635196,0.1020044886718902
TP63,1.350344954224041,0.0668750957890825
TP63,1.677964274829458,-0.4158370473684697
TP63,1.2808504155497291,0.038405486715789
TP63,1.027427076753627,0.1077631691891066
TP63,1.5389325488763277,-0.0117113272328377
TP63,1.3387336913869434,0.0949268788882145
TP63,1.2010739663473973,-0.1695428951894269
TP63,1.0083943919663132,-0.1319824444443597
TP63,1.0303210828635636,0.0082924660324499
TP63,1.1032532520960583,-0.2337730203131609
TP63,1.319621327682252,-0.5720493816638238
TP63,1.2779381375762418,0.0483093534488744
TP63,1.1642363762353265,-0.1513216829920977
TP63,0.9642900053006556,-0.0273282049383699
TP63,0.9972761821861972,0.1753883293607193
TP63,1.0435892585640782,0.0238308828279183
TP63,1.344110735080986,0.0960801105292304
TP63,1.1289581445155352,0.126319446113694
TP63,2.0513447894902463,-0.0339313028451883
TP63,1.361568909922252,0.167877093368152
TP63,0.9388684934395678,0.0417650296254402
TP63,1.4743806070240622,-1.198812689453718
TP63,1.1923377816834253,-0.0728702205104457
TP63,1.1051092499524326,-0.0830522138730456
TP63,1.508164713006796,0.2581857985313082
TP63,1.0989159143927685,0.1376938382085426
TP63,1.01861932989305,0.12095164757791
TP63,1.011485753447766,0.0325107358259134
TP63,0.9889393837731312,0.1759062627818594
TP63,1.3224938377323263,-0.1465986473213563
TP63,1.6279552018517411,-0.4464048974170637
TP63,1.1549344726631237,-0.3179704057341855
TP63,1.086265678368086,0.0023735445853374
TP63,1.816100448140219,0.2744819739011699
TP63,0.8295817145150239,0.1925343059939362
TP63,1.461040327676125,0.1418902729754365
TP63,0.985676407448923,0.0983161460588774
TP63,1.0620759869973695,-0.1997547878575232
TP63,1.2126750367315162,-0.0074341175148322
TP63,0.8957847432838723,0.1172300631108951
TP63,0.8125992848503556,0.0664031333598632
TP63,1.0894726653654383,-0.1371426785905279
TP63,1.0034321027367428,0.0751270314824775
TP63,1.6836426948427097,0.0612636398253823
TP63,1.636207818594457,0.176703347877813
TP63,1.130185041719887,-0.006955837250385
TP63,1.0514928208577483,0.0110267372468059
TP63,0.8493593684623292,0.0974425971989047
TP63,0.9216194058740758,0.0728662409925115
TP63,1.2913150261119153,0.0800303205816319
TP63,0.6945675908731949,0.160810393866871
TP63,1.5709671356206514,-0.1411374968345168
TP63,0.9905096941507416,-0.5633837235208924
TP63,0.9070940209505944,0.0969918943403747
TP63,1.1134115853281683,0.034927600323463
TP63,1.2227301127763817,0.0144915080784846
TP63,1.1274926275377926,-0.0810874010653756
TP63,1.0308725651287622,0.029363917608345
TP63,1.0025463935723693,0.2333200777478142
TP63,1.0239945238011685,0.0539547010017519
TP63,0.8361217862052888,-0.062052743173611
TP63,0.9327077434581776,-0.1066120246441396
TP63,1.1994075837660962,0.0493714464534229
TP63,1.3378691310768718,-0.0297845925502079
TP63,1.0135758109535262,-0.0023935497179942
TP63,0.9923459064132236,0.1671484443166333
TP63,1.49863286996981,-0.70039974324772
TP63,1.9341222686700763,0.0847092054687715
TP63,1.0349944273924214,-0.1717357296397095
TP63,0.9047104244482426,0.126146806079006
TP63,0.9584891460556754,-0.0541563404143511
TP63,1.0360955095941229,0.1577926710261102
TP63,1.2397197301959146,-0.2271606915659262
TP63,1.0916943572271134,0.0175434541219089
TP63,1.3917065094724217,-0.4100336880835877
TP63,1.0070895689073112,-0.7564511210732822
TP63,0.9341712819644892,0.0926294264786928
TP63,0.9057808855392496,0.068479860618726
TP63,1.533853823141193,-0.2000376268018296
FBXW7,1.236167293626116,-0.200501595120661
FBXW7,0.6929278274306186,0.2354993040539873
FBXW7,0.9760784427153032,0.2013692577819291
FBXW7,0.8137412328206175,0.0636816374990323
FBXW7,0.7270966229926875,0.8749450315580438
FBXW7,1.2274378695069117,-0.2257170386291948
FBXW7,1.160671733284018,-0.033915532282996
FBXW7,0.7857536642747031,0.2994219583778522
FBXW7,1.0468160867394345,-0.0948524576517027
FBXW7,0.9318340798324102,0.2271352795123196
FBXW7,1.0655320585601598,-0.1289658281162428
FBXW7,1.2835459995928,-0.0680182365732208
FBXW7,1.1144902535628003,0.1348976023043449
FBXW7,1.0552091648112685,-0.331116783033788
FBXW7,1.195291088810509,0.2869789514280254
FBXW7,0.8936160481243346,-0.2027219760044019
FBXW7,0.9921409507349386,-0.3666160234196094
FBXW7,0.8491974828525992,-0.0757348761302232
FBXW7,1.05947827132104,-0.328577722736716
FBXW7,0.9113480251135462,0.1762623434715062
FBXW7,1.0820138754425224,-0.1563312095288277
FBXW7,1.613965790855798,-0.001783215300413
FBXW7,1.0653097720164002,0.0047986116200408
FBXW7,0.8270526046547407,0.2067145810371795
FBXW7,0.9361813954171344,0.1029458913654374
FBXW7,1.0107904928762466,-0.0485840991099907
FBXW7,1.2267455176350617,0.0043910247360259
FBXW7,0.8757512212474533,-0.0783536430115446
FBXW7,0.658769195343275,0.1936356844156328
FBXW7,0.5837089118375228,0.0671044637849861
FBXW7,0.7884553702014756,0.4388874031064597
FBXW7,0.637531707062197,-0.1099000619563091
FBXW7,0.8040265238255847,0.4603557738006277
FBXW7,0.9898686462324738,-0.1760336958660725
FBXW7,1.0596971374887614,0.6757647377870108
FBXW7,0.8166438835043428,-0.0277724013806306
FBXW7,0.7521175153757912,0.065139761222532
FBXW7,0.9652402623580948,0.0828858385315924
FBXW7,0.5391949912306986,-0.128284154801647
FBXW7,1.1601633903102488,0.0941882010579213
FBXW7,0.7831393797031063,0.0308451836204998
FBXW7,0.831826181937817,-0.3404719724613606
FBXW7,0.7545524013032143,-0.0157416755493966
FBXW7,1.0442079154808104,-0.1202147169060738
FBXW7,0.7044274333726006,0.1642654378881688
FBXW7,0.7653253010918133,-0.0046491667906633
FBXW7,0.9907088191739256,0.3097670207283528
FBXW7,1.0106805004881638,-0.2742817685923832
FBXW7,0.8288098189981102,0.0113839747515971
FBXW7,1.537244878148835,-0.1624932037898728
FBXW7,0.8878266992455637,-0.3566620056995214
FBXW7,1.018528253112932,-0.1244908433890856
FBXW7,0.746914494340938,0.2203133741597082
FBXW7,0.9063649644798412,0.1506470879329678
FBXW7,0.7104893848562962,0.2750578701663089
FBXW7,1.558508474779924,-0.1332099536023966
FBXW7,0.8349061838115254,0.2658696373220919
FBXW7,0.734741159295448,0.115258070555709
FBXW7,0.7579712327476769,0.0344440807425702
FBXW7,0.9774115106930066,-0.1994432102687973
FBXW7,0.7614229711922569,-0.4536486747722889
FBXW7,0.7708248567446083,-0.5187891918794203
FBXW7,0.9769136823422117,0.2827265643980546
FBXW7,0.831975663831406,0.2229831642884071
FBXW7,0.6616379997150935,0.0011476307505721
FBXW7,0.8519661405021516,-0.6141589890948369
FBXW7,0.7101565506094231,-0.1614571286439266
FBXW7,1.0468458366645468,0.3432005928893342
FBXW7,0.6813249764063546,-0.0393497830553336
FBXW7,0.7387688797786068,0.2143299556547926
FBXW7,0.9901650964683908,0.0950226482230645
FBXW7,1.167037565203237,0.0156496402189487
FBXW7,0.8524262937696157,-0.0016536386306808
FBXW7,0.75693325672983,0.0972901585032788
FBXW7,1.0255558068955872,0.094796693392473
FBXW7,0.6506885173767558,0.1503230288078968
FBXW7,1.1338501611299845,0.1521707926286184
FBXW7,0.7308777400653053,0.1330209725469545
FBXW7,0.987255907115794,-0.2352359303380518
FBXW7,1.080169711441749,-0.0193852877510372
FBXW7,0.8723627057707585,-0.2842033877388534
FBXW7,0.9699229161964944,-0.3430339168719711
FBXW7,1.0617440324377678,0.0930549465482597
FBXW7,0.7023855158754566,-0.0948626899799174
FBXW7,1.0243516048415369,0.2218256996099643
FBXW7,0.9228537891314113,-0.1540931186246207
FBXW7,1.1228980899118284,-0.0777387460938431
FBXW7,0.8528654134985205,-0.07137158623915
FBXW7,0.9264634714583186,-0.1959281293034522
FBXW7,0.6882945539714849,0.0015071947833763
FBXW7,0.8749509218423676,0.113357257039828
FBXW7,0.8854182406146511,0.7414148204027512
FBXW7,1.0074854474496218,-0.0178286299373828
FBXW7,1.1407312969257963,0.0460470213269961
FBXW7,0.7775465748365876,-0.2797036153723349
FBXW7,1.0501336859041523,0.027683235105713
FBXW7,1.0440443518037803,0.5500371346551125
FBXW7,0.9367993630287236,0.2842761373035431
FBXW7,0.8333855554268869,-0.0989501376506462
FBXW7,0.8630104895445562,0.1902928157041513
FBXW7,0.8863233337838486,-0.4210642931496645
FBXW7,0.6607694995193742,0.2520495124777015
FBXW7,1.4300751875020423,0.1052373576547501
FBXW7,0.7700232968846171,-0.3791437349614875
FBXW7,0.973805801042402,-0.3473648513829289
FBXW7,1.0326626271808188,-0.3957333951407121
FBXW7,1.074582314913023,-0.0943496399078406
FBXW7,1.0980676964563665,-0.1838664278747631
FBXW7,0.625785874957934,0.1358739688674965
FBXW7,1.0920167610973983,0.2727625058103013
FBXW7,1.0565712068975772,-0.0843619452031715
FBXW7,1.0297199320880386,-0.1998443735316165
FBXW7,1.42508601525015,0.1007033500733426
FBXW7,0.976380914582536,-0.429998402159351
FBXW7,0.853242657788163,0.1567798584027012
FBXW7,0.7773321006437135,0.0958661249973106
FBXW7,0.6712206472717298,0.0807806553279338
FBXW7,0.7367499691235415,0.1252426876459223
FBXW7,0.8058057470418469,0.7844985334668999
FBXW7,0.7677539846854982,0.2926050659178365
FBXW7,0.8088886371543167,-0.1969921216291056
FBXW7,0.6655920007368694,-0.0538914470935406
FBXW7,0.7799821428696746,-0.1401068668633811
FBXW7,0.7568472163712355,0.1347267522109883
FBXW7,0.8270732426027514,0.2751885181843747
FBXW7,0.7587991669522582,0.6816648410982246
FBXW7,0.880072937771684,-0.1308006795336739
FBXW7,0.7787121276151989,0.0131517992651156
FBXW7,0.9940105023728624,0.5225237435333125
FBXW7,1.0289828948524835,-0.1192444121245413
FBXW7,1.0108724695101732,-0.0156294823074217
FBXW7,1.0020142321107708,0.0381058223648753
FBXW7,1.0115818098727594,-0.0490484326293092
FBXW7,0.9598241379781972,-0.1181602717021163
FBXW7,1.3513290358065897,-0.1299875551037571
FBXW7,1.0016524403615008,-0.0478063112809408
FBXW7,1.0837154503534283,-0.1060613990269898
FBXW7,1.0239086441536496,-0.0191559544633048
FBXW7,0.5996086080322619,0.2147264354882955
FBXW7,0.9465318779937962,0.1818594591749268
FBXW7,0.6639741590064234,-0.1339107742432725
FBXW7,0.8672284553253111,0.2983026849051983
FBXW7,1.104123843223438,-0.3364881821310773
FBXW7,1.0796442402502635,-0.049177759213926
FBXW7,1.084890172023697,0.0455096124450803
FBXW7,1.080468490675307,-0.0252902487961242
FBXW7,0.9487448142323948,-0.009531210084689
FBXW7,1.0002474841626134,-0.1424081022674058
FBXW7,0.8168556152951284,-1.194527935899138
FBXW7,0.6858994481303701,0.2835374665871715
FBXW7,0.9584785161298334,-0.5055819951425493
FBXW7,1.0725344588512051,0.1195220318030446
FBXW7,0.7222579079732951,0.2325187940769554
FBXW7,0.9133989269694784,0.0474616452328807
FBXW7,1.142917287479884,-0.0549418825957522
FBXW7,0.8052825631219007,0.1646095526847197
FBXW7,1.0285999580751504,-0.2531748068629326
FBXW7,1.02627047121052,-0.2958423759347588
FBXW7,0.9119388544726366,-0.0329381993726256
FBXW7,1.0294601607820504,0.3651142925666124
FBXW7,0.9505299564541824,0.18963696872151
FBXW7,0.9806049844329672,-0.0372441302788984
FBXW7,0.836572222082653,0.1710905474852052
FBXW7,1.1702323452935257,0.222580988261281
FBXW7,0.8215697681869655,0.0452607780456987
FBXW7,0.7465138852359968,0.3723804091112219
FBXW7,1.0878329272280858,-0.6199495474796698
FBXW7,1.153071520120328,0.1872205656071846
FBXW7,0.7578099565215304,0.483734295582559
FBXW7,0.6730515909152082,0.0176124469291328
FBXW7,0.968653102394102,0.0771856173505653
FBXW7,1.1741518495887902,0.2853532592233215
FBXW7,0.6892796703885244,-0.1299019133914481
FBXW7,0.5651798749911457,-0.3407185682286272
FBXW7,0.8394608798123134,-0.0418137178389415
FBXW7,0.7950045376454071,-0.7423406623675705
FBXW7,0.6155257000761337,0.1977694728373042
FBXW7,1.0118244455446015,0.089551044172519
FBXW7,0.9219842430849824,-0.1436440156218806
FBXW7,0.974085962494886,-0.4745247363185507
FBXW7,0.8733289076162242,-0.9140621976834918
FBXW7,1.0851037577977565,0.0431448158597939
FBXW7,1.0935907914989655,-0.6536993167461274
FBXW7,1.000565074546659,0.1541617162732102
FBXW7,1.028785347281734,-0.2468147554796802
FBXW7,0.6027919267395853,0.2747733287451513
FBXW7,0.8905391859352232,-0.0859324697566295
FBXW7,0.9551253572822206,0.0095426314512309
FBXW7,0.9696399194699244,0.2358381139859177
FBXW7,0.5414686986273171,0.1126599306763772
FBXW7,0.942668875558997,0.1038240562640865
FBXW7,0.8421510929287807,0.1910950375335494
FBXW7,0.6693784450375184,0.177506284265393
FBXW7,1.0133657681125952,-0.2115793473008596
FBXW7,1.0238838042763156,-0.8174747734395365
FBXW7,0.7829021985438644,0.262138215114807
FBXW7,0.7439094862544458,0.1965727300080059
FBXW7,1.0630349279332416,-0.1014837333233911
FBXW7,0.5450093932121458,0.0731421499156279
FBXW7,1.0408592545771025,0.062546949545877
FBXW7,0.7022039418594768,0.3060627839002029
FBXW7,0.9668614008857944,-0.0398797803491121
FBXW7,0.8070617687486694,0.1533655253688613
FBXW7,0.9175673743934664,0.3299481225717771
FBXW7,0.9954308470636588,0.1470463847034279
FBXW7,0.9435186891366047,-0.1329370785278208
FBXW7,0.9756813792447796,-0.1793767139521835
FBXW7,0.8874317038225324,0.2964840979310166
FBXW7,1.1223463869334,0.1030722773841959
FBXW7,0.9263536659480944,-0.1349499112069911
FBXW7,0.9049104906622404,-0.0414573958266791
FBXW7,0.8734148709034469,-0.3512927664621635
FBXW7,0.6597951142637095,-0.4810415301567534
FBXW7,0.8284479710809942,0.1710993551643767
FBXW7,1.0463496314261644,0.2293383311658926
FBXW7,0.8726796134121114,0.1275516360961807
FBXW7,0.960540267148108,0.014944927520787
FBXW7,0.8740029170809109,-0.2591548496603532
FBXW7,0.7129155034271699,0.2194188593072928
FBXW7,0.5170217937119538,0.0628703467932247
FBXW7,0.841115601047186,0.1112146546037172
FBXW7,0.6761658221833375,0.403798525864439
FBXW7,0.6961726296190365,-0.1184834297728062
FBXW7,0.9158257280857528,0.0039775420522764
FBXW7,1.0759619054338834,0.1241838083298372
FBXW7,0.8526325277653488,0.2103962679646201
FBXW7,0.7474536370957265,0.3526810840292557
FBXW7,0.9505194147980882,-0.1366503533475291
FBXW7,1.0534588784857697,-0.1539272047894785
FBXW7,1.34699640463104,-0.5609240950772186
FBXW7,0.7561199367936631,-0.1673766558963409
FBXW7,0.9846152570104212,0.0961340331650829
FBXW7,0.7633057688679921,-0.0952604175330768
FBXW7,0.7690141236706564,0.1017139712826001
FBXW7,1.451309283583056,-0.3025351891473099
FBXW7,1.006441976326554,-0.1315968797696131
FBXW7,0.6306213853536834,0.1785520937496794
FBXW7,0.9888763215736806,0.0063581162056231
FBXW7,0.7472759515031572,-0.6419613864967953
FBXW7,0.6983320054930426,0.0314358771392919
FBXW7,1.0290378155357087,-0.1983848957106777
FBXW7,0.9276072493777324,0.1129766722649512
FBXW7,0.8169405498854647,-0.0022373385060938
FBXW7,1.0091194799911016,0.2465240103189201
FBXW7,1.1200219451460265,0.0048695060568247
FBXW7,0.62888886638933,0.0021149725896402
FBXW7,0.6893411288713328,0.0269427850723378
FBXW7,1.039951321758627,-0.1477048154041606
FBXW7,1.0043248596742782,0.2010645127734281
FBXW7,0.5021885359511419,0.2830301335951072
FBXW7,0.936969505514937,-0.4290272279143111
FBXW7,0.6861790575167221,-0.0743335783852093
FBXW7,0.8047993248651619,-0.1610622896953738
FBXW7,1.0199907013061134,-0.209711952494976
FBXW7,0.962555077948858,0.2842769681706752
FBXW7,0.8580674719811907,-0.1983590560765994
FBXW7,0.6346613973909222,-0.2101457354986831
FBXW7,0.909129678111924,0.0579989432401928
FBXW7,0.8260631611113566,-0.2950763233022561
FBXW7,1.0437324938614274,0.0017390431937033
FBXW7,0.612685239426043,0.1024428486766555
FBXW7,1.0633695057814974,-0.1696358080223513
FBXW7,1.08287746397956,0.062043602730521
FBXW7,0.6615334443239462,0.0133146910028321
FBXW7,0.8552042928182976,0.3025175956283081
FBXW7,0.9680389486342754,0.193271145337079
FBXW7,0.9461232247173772,0.1203967525901107
FBXW7,0.7334583760384734,0.2276722670701751
FBXW7,1.1924179515389663,-0.0663177534242435
FBXW7,0.9006752982405557,0.0176416761688137
FBXW7,0.8111074777482035,0.1245054534373567
FBXW7,1.1656227980419704,0.0823480690679804
FBXW7,0.804290174066879,0.0391596928345524
FBXW7,0.9762360953284622,-0.0658842890069143
FBXW7,0.9445630464183664,0.0104991892942255
FBXW7,0.9514778653829028,0.2656675184476749
FBXW7,0.3916991764149697,0.0848931875616428
FBXW7,0.8331920621786376,-0.2234662758024647
FBXW7,0.9390858771343864,0.065771223548151
FBXW7,0.9747282750489143,-0.1748933367481921
FBXW7,1.118699067207995,0.1818150351654146
FBXW7,0.8286392138642913,-0.4984854956745907
FBXW7,1.1584052130835738,-0.3239156723049923
FBXW7,1.182131066163088,0.1965728131184778
FBXW7,0.8298802047372793,-0.0524088822886346
FBXW7,0.9636372045497504,-0.4235924241298532
FBXW7,0.967207944615614,-0.0838873131518121
FBXW7,0.7606786402208326,-0.4058014603019207
FBXW7,0.6718406527038497,-0.3656456425840457
FBXW7,1.049924800184566,0.5665047290498897
FBXW7,0.541312532576304,-0.2697521536111127
FBXW7,0.9413303398212912,-0.2177109488670134
FBXW7,1.055092876193553,0.0377912500725446
FBXW7,0.9053433871221506,0.3821139978973404
FBXW7,0.8986978152368629,0.4070826133819742
FBXW7,0.9510967425268956,0.5625546651503553
FBXW7,1.03919543614485,0.2669183924504172
FBXW7,0.7673650695049506,0.0194540493556206
FBXW7,1.26986048324535,0.3411152465456762
FBXW7,0.6780835730500401,0.2043536424226501
FBXW2,0.928384280411128,0.2846875107574195
FBXW2,1.013388245533878,0.1941896643249017
FBXW2,0.9783896178858876,-0.1859697722341102
FBXW2,1.6039209059302204,0.0548121850042518
FBXW2,1.4211137139173375,0.2277799174185402
FBXW2,1.2245214110579967,-0.0068568217505741
FBXW2,1.13214206204728,-0.1270922700959443
FBXW2,0.7279377560822033,0.0815662914361132
FBXW2,1.0039845024813656,0.1039507024927614
FBXW2,0.8463639008587837,-0.1681983139418836
FBXW2,1.035999997828129,-0.1330365751735535
FBXW2,1.2085674567165492,-0.0500686827805284
FBXW2,1.0633348639817626,0.0644807721870337
FBXW2,0.9904334879232056,-0.051859831001155
FBXW2,1.1215399413727245,0.2392258929744647
FBXW2,0.916938576808646,-0.1090715837718564
FBXW2,1.0497406949669503,-0.0597476234166432
FBXW2,1.2749706178072076,0.1416275840984653
FBXW2,1.0422244463199135,0.0547755825188387
FBXW2,1.384998102760334,0.006601912216055
FBXW2,0.965702019732829,-0.0103682645173968
FBXW2,0.8690511513378488,-0.1523414423558393
FBXW2,1.0382572889134447,-0.036633562806493
FBXW2,1.1589585745265896,0.0168792513077997
FBXW2,0.9741055430548996,-0.3304806012519233
FBXW2,1.018450597174888,-0.0120452928469278
FBXW2,1.1420960609998612,0.4729886320208944
FBXW2,0.8821243824487999,0.1973009560963592
FBXW2,1.5642780780914434,0.0149012032846548
FBXW2,1.0566752070438423,0.0502539242418989
FBXW2,0.7025398663555487,0.1160019624551832
FBXW2,0.6258305540094574,0.0234156543611654
FBXW2,0.9810992534608453,0.0785177906951846
FBXW2,0.9908599062388946,0.1305077146273313
FBXW2,0.6479466787915109,-0.0122846958773418
FBXW2,1.0237042653697517,-0.0400779242554271
FBXW2,0.7157858850986538,-0.0155358352080385
FBXW2,0.9962750504808008,0.2123260694387976
FBXW2,1.4097447790687485,-0.047792595174855
FBXW2,0.7539375852555789,0.1094866568840334
FBXW2,1.1927419918474014,0.041737468407703
FBXW2,0.8404943345774845,0.009188313846183
FBXW2,1.2298164418848772,-0.2710201060801056
FBXW2,0.9875426761754816,-0.0035945180252166
FBXW2,1.06633740464457,-0.0079193623556813
FBXW2,0.7691708533913785,-0.0464037532479461
FBXW2,0.977015259367392,-0.1252857999896199
FBXW2,1.0520629276746625,-0.0394059117956629
FBXW2,0.8937548061637015,0.025030508493753
FBXW2,1.1139017595892229,0.2718997274772172
FBXW2,1.0914257600476136,0.1313549996450475
FBXW2,0.97903680411916,0.0615874025686829
FBXW2,1.0684356354627889,0.1657152724338882
FBXW2,1.0167887688796202,-0.0065614896260164
FBXW2,0.7283046694599307,-0.0412576759900762
FBXW2,0.7134889541685854,0.1360627964992993
FBXW2,0.5175122793883613,0.1981915024697453
FBXW2,1.086995524235185,-0.0261653775917245
FBXW2,1.118470340777824,0.1023002182153298
FBXW2,1.2057175644213771,-0.0364833061409915
FBXW2,0.846072970115992,-0.1179071086123556
FBXW2,1.1724878721265215,0.0175550370716056
FBXW2,0.970837674386176,0.0802318918324237
FBXW2,0.581662822064477,0.102441800484073
FBXW2,1.422520062783004,0.0156603544650953
FBXW2,1.2926601233826402,0.1523754357803328
FBXW2,1.0092915638693691,-0.0925208206219114
FBXW2,1.0607722942006057,-0.0535986532223893
FBXW2,0.8816329200141589,0.006880694977871
FBXW2,1.014187220064088,-0.0527010733516458
FBXW2,0.9839091401229624,0.1239659665274035
FBXW2,1.3091804827755116,0.1951352041348368
FBXW2,1.1193707852007302,0.0362908789091483
FBXW2,0.6852341700014718,-0.1448031638287585
FBXW2,0.9924367056802856,0.1303537152580435
FBXW2,0.92712450580504,-0.0463204988735025
FBXW2,0.7343984912544319,-0.0306208436987598
FBXW2,0.9697548559245476,-0.0038535398527275
FBXW2,0.9811767817885796,-0.0721365293397995
FBXW2,0.9198949352983934,-0.026228064712801
FBXW2,1.208385686205055,0.0597365323217297
FBXW2,0.9883014072568216,-0.0491984482848425
FBXW2,1.0237936760674895,0.0005091277709693
FBXW2,0.684877561758512,0.0420512361965777
FBXW2,0.9753385600518774,-0.0020683553215004
FBXW2,0.8797191972389897,0.0206404929453056
FBXW2,1.09155286258758,-0.0908680383484971
FBXW2,1.0944749993533456,0.1536878504917955
FBXW2,0.9445414408654564,0.0385618517474355
FBXW2,1.310317109258049,0.1774924242220947
FBXW2,1.43693818452338,0.1028979621438373
FBXW2,0.8351521730110444,0.037784373612646
FBXW2,0.6508951186623373,-0.0438403539628333
FBXW2,0.6077875382373434,-0.1534268381825367
FBXW2,0.9175482943146904,0.1293278169026279
FBXW2,1.0059209947389016,-0.1143104372656293
FBXW2,1.2677813938033535,0.0520814354499924
FBXW2,1.3164365613007465,0.1847410662814335
FBXW2,1.2026826408017666,0.0612672200046468
FBXW2,1.1347535486966331,0.0192703156910187
FBXW2,0.900253993940065,0.0704381669321495
FBXW2,0.972285559788802,-0.1138193070976567
FBXW2,1.0129858346640197,0.1830052340707922
FBXW2,1.2151361754898573,0.0349944986094974
FBXW2,0.990548142761054,0.1784321348774876
FBXW2,1.102695914314158,-0.0428084794201399
FBXW2,1.085958521469882,0.0470323594357491
FBXW2,0.5237844009807361,-0.0158016519261568
FBXW2,0.9184149299011408,0.0797100083941835
FBXW2,1.1498933016339274,0.125384382123716
FBXW2,1.0587448852661565,-0.0579780064030584
FBXW2,1.1009240924221382,0.0436192142474145
FBXW2,0.97091910274187,-0.0625353006691722
FBXW2,0.9636245137275016,0.0439265697599571
FBXW2,1.1666089116819505,-0.0144770768929794
FBXW2,1.028960071534646,0.0359263495467707
FBXW2,0.9749965371291228,0.0125494920396775
FBXW2,1.264064429753575,0.115265883860774
FBXW2,1.8200637708161105,0.0064597342061497
FBXW2,1.1372717294827568,0.2005649008970774
FBXW2,0.9063662209693516,-0.06970540857324
FBXW2,1.4990899998604377,0.0872929474525264
FBXW2,0.7898201064142962,0.0376602188841468
FBXW2,1.3426292706014278,0.1527790272147416
FBXW2,1.4860997956170072,0.3019074637467779
FBXW2,1.3395041027506824,-0.0102347794285825
FBXW2,1.2058370811259675,0.1947630476631085
FBXW2,0.7235115735899772,-0.0777522613041021
FBXW2,1.004233668826734,0.251531037467975
FBXW2,0.9772658611890344,0.001252795192879
FBXW2,1.0162483430155602,-0.2743435236141146
FBXW2,0.6812395029821534,0.3249959564238388
FBXW2,0.991474106225796,0.0513157525006449
FBXW2,0.9489750090816448,0.1545834063861888
FBXW2,1.2918790442142585,-0.188787480744849
FBXW2,0.9599851539359658,-0.0788499244973313
FBXW2,1.059214663719226,-0.0721596810566755
FBXW2,1.3291353258322418,-0.0282854305765756
FBXW2,0.5994004200576689,0.3051959056939836
FBXW2,0.9511982724496184,-0.0795542910029145
FBXW2,1.3241439788502083,-0.3162826494568825
FBXW2,0.8248593237811803,0.0356425559742383
FBXW2,1.1256723792041974,0.0721042960792461
FBXW2,1.016850086959807,0.0357654203614889
FBXW2,0.9720692500789522,-0.0201243119547059
FBXW2,1.0137275746728385,0.1289948361438839
FBXW2,1.1609959986565916,0.0785479822913841
FBXW2,0.9885967028858306,0.0773816895636222
FBXW2,1.043119179849041,-0.0662338417833024
FBXW2,1.4654086126800978,0.1173087546238023
FBXW2,1.202677638995678,0.0933759921101213
FBXW2,0.7613944717035999,0.0931735603625675
FBXW2,1.083106419186025,0.1509717710004383
FBXW2,0.9808055174907694,0.0403604090408786
FBXW2,0.855394004239388,-0.1416082007471011
FBXW2,1.069497418350856,-0.0199899520780889
FBXW2,0.9964173170774776,-0.1590063470514687
FBXW2,0.9885555891597334,0.3643837205702027
FBXW2,1.0482472170242136,0.1401451494498696
FBXW2,0.975895110543089,0.3552641570727012
FBXW2,1.1206820286247343,-0.0894129562397322
FBXW2,1.0030051405535132,0.0431304002695063
FBXW2,1.698154826196586,-0.0398167669969102
FBXW2,1.145822045137745,0.1337251343512206
FBXW2,1.1296313245122758,-0.1603520423876009
FBXW2,1.6989624890665316,-0.2487715016130604
FBXW2,1.042067694067777,0.2399168683862215
FBXW2,0.7638022103172998,0.0856398944817109
FBXW2,0.9789913378626848,0.1416647959318913
FBXW2,1.3262814848865443,0.2846181305911053
FBXW2,0.9650295334909248,0.0575099222260389
FBXW2,1.0273053049214325,0.0968905200086716
FBXW2,1.263825254507877,0.071809374779255
FBXW2,1.0807426315172943,0.1742968480864154
FBXW2,1.0305360687000673,0.0385391810947424
FBXW2,1.307431172287992,0.0169279779454321
FBXW2,0.7038944422098375,0.2618275609482686
FBXW2,1.0223647501885595,-0.0863113158504315
FBXW2,0.9029769086408064,0.0524928878209363
FBXW2,1.0036519130668828,0.045428796732814
FBXW2,0.887042417774852,0.0580753746087801
FBXW2,1.0371999199800783,-0.1094170071778067
FBXW2,1.1189720494415334,0.1398361175046921
FBXW2,1.0011429592341907,-0.0021234192729832
FBXW2,1.0662590598735926,0.2141507763079355
FBXW2,0.9929513918133794,0.2407582348596138
FBXW2,0.8641196538603181,-0.0712108183365656
FBXW2,0.9364429432779776,0.0611520342002772
FBXW2,1.06422190197961,0.1345992603011466
FBXW2,1.057388836134359,-0.0219718299710238
FBXW2,0.6322085038977241,0.1265961414898415
FBXW2,0.8300717781440559,0.1321411504300097
FBXW2,0.932898481562512,0.0713808076958019
FBXW2,1.0509587173567725,0.1828291296022653
FBXW2,1.4784649071004508,0.187584562529516
FBXW2,1.1791914753462147,0.0716287778980413
FBXW2,1.3578037736249733,0.1665458838868675
FBXW2,1.026394254703134,-0.0334309072351331
FBXW2,1.007555981824006,0.1069234043713745
FBXW2,0.9333156549996964,0.0089878351342486
FBXW2,0.7299254354181146,-0.148660360759273
FBXW2,0.959512163273964,-0.0641629791984849
FBXW2,0.729335740995227,0.1024912519985963
FBXW2,1.5707852979346029,0.035176481775709
FBXW2,0.997589371759496,-0.1156559013644557
FBXW2,1.2850183845756518,0.1610535402347221
FBXW2,0.9524940595205532,0.0443703309893002
FBXW2,0.6693789090154612,0.1460606828588145
FBXW2,0.8811826533214511,0.122436546579936
FBXW2,1.351931448795323,0.1325727660518669
FBXW2,0.9064428701234392,0.0067337441266025
FBXW2,0.8478988064971498,-0.1261382329795166
FBXW2,0.8273163505231904,0.0033044834419936
FBXW2,1.4731721206209785,-0.1342983794299517
FBXW2,1.011771846167206,-0.0063807425404197
FBXW2,1.3300145237195755,0.0993680500390464
FBXW2,0.9783557100732124,0.0208565720570248
FBXW2,1.1348967100491143,0.0639113043524192
FBXW2,1.0060053656844474,0.1141849497184857
FBXW2,1.0395333189786908,-0.0225797858058273
FBXW2,1.2449855520164057,-0.0123259838217851
FBXW2,1.0371237159663822,-0.0108648608931912
FBXW2,1.22555735276051,0.1060451360513597
FBXW2,1.4437480520492356,0.0576651009619927
FBXW2,1.060401047160833,0.0105221566539031
FBXW2,1.234166327571104,-0.0489394059585048
FBXW2,1.1160742424705643,0.1107493506851251
FBXW2,0.9589270685644704,0.1026602874778274
FBXW2,1.0153280964805822,0.0325901697873569
FBXW2,1.3581247463859392,-0.1790502688485291
FBXW2,0.7357905232062246,-0.0926725775710772
FBXW2,0.9697898100623804,0.1001960724862705
FBXW2,0.7033482035248089,0.0137518498509756
FBXW2,0.778136953722532,0.7108443380032923
FBXW2,0.967889328654744,0.0453731756577064
FBXW2,1.021104132370364,-0.0796033166569515
FBXW2,1.0115159015624728,-0.1798481854195865
FBXW2,0.7592363652015724,0.0878333522122155
FBXW2,0.9221945213467332,-0.2390351181648005
FBXW2,0.7658825110655875,0.0380551295972181
FBXW2,1.070666375652412,-0.0549629899782082
FBXW2,0.9427322582922606,0.1574950087532302
FBXW2,1.2300099618515612,0.0511346024509094
FBXW2,1.0472856536835715,-0.0448113788803824
FBXW2,0.7341923564606739,-0.3218941224332219
FBXW2,1.1622665748600176,-0.0694624609686517
FBXW2,0.8337981059230657,0.1174454965042952
FBXW2,1.0350970211729893,0.2304608785633173
FBXW2,1.039036258636565,-0.0003370509269487
FBXW2,1.018166144633516,0.1774923365564955
FBXW2,0.9372540112042028,0.1779634188550239
FBXW2,1.276885356192769,-0.112508396809259
FBXW2,1.1708668312588035,-0.1215008081300135
FBXW2,1.0114324706053652,0.0432009892929357
FBXW2,0.862123227116519,0.1018155989682563
FBXW2,1.1498183818164882,-0.0997454790718583
FBXW2,0.8611873303048373,-0.0099276156767652
FBXW2,0.938152914820892,-0.1640883290164271
FBXW2,0.742589077329324,0.1272700910880934
FBXW2,1.2995606811593508,0.1978238531237764
FBXW2,0.5994041593237329,-0.0290350155757875
FBXW2,1.3108512647583124,0.0318078241352811
FBXW2,1.5846200920734352,-0.0489260246131289
FBXW2,1.1008096330079318,0.2067654999647539
FBXW2,1.2490653851028486,-0.0325243363748402
FBXW2,0.6746555418465081,0.1050552998849201
FBXW2,0.751651071392881,0.1695979793084066
FBXW2,1.0038975176213494,-0.1066587474974058
FBXW2,0.813105241610534,0.2464678839088316
FBXW2,0.8785437275172445,0.1482097202563946
FBXW2,1.1458419008927818,0.1416267505376601
FBXW2,1.3343485996790645,0.1675348963683865
FBXW2,1.1153225529098485,0.0337855639414568
FBXW2,0.9974607654655488,0.1628316875346846
FBXW2,1.400768940399179,-0.0656237897304444
FBXW2,1.1215065140042089,0.2754426113404131
FBXW2,1.1565446786355913,0.0486757217591012
FBXW2,1.381882547781811,0.0138849014872167
FBXW2,0.984593417787368,0.1385324632234338
FBXW2,1.0213299377024796,-0.1447433284399665
FBXW2,1.0116834853687056,-0.0075240257599684
FBXW2,0.8660600706089392,0.0557641551343107
FBXW2,1.0028709701024452,-0.0868898726142145
FBXW2,0.6210765491134269,0.1210410487915254
FBXW2,1.1474282952629205,0.0017962359783873
FBXW2,1.0310354945848537,0.1352539821797343
FBXW2,0.9905131270016994,-0.0130126797360539
FBXW2,1.4528069405500352,0.1514043989149248
FBXW2,1.0539453053194765,0.125988098611151
FBXW2,0.9854420912480952,-0.1562494504328956
FBXW2,1.4353355034207902,-0.0824900242169442
FBXW2,0.9600856362558036,0.0888484676894177
FBXW2,0.991254901704734,0.0517737223013074
FBXW2,0.9219171430950416,-0.1794143672833111
FBXW2,0.8511722371174932,-0.0317556444615262
FBXW2,1.7574589599687276,-0.0949259061547011
FBXW2,1.497368178210113,0.0689238369446795
FBXW2,0.7066853957926361,-0.0260490255911906
FBXW2,0.8871383397091672,0.0605596877604217
FBXW2,0.8861673019796347,0.1118923491301518
STK11,1.0805254103748232,-0.2172291896826202
STK11,0.7076525053219879,-0.7680826194572725
STK11,0.996302673473427,-0.2032706619163875
STK11,0.7476686776062771,-0.0013905817205204
STK11,0.715901496211767,0.1169320387970697
STK11,1.5601059404854216,-0.1264363966186094
STK11,1.185744354866162,0.3366204352512474
STK11,0.7558589788395673,-0.6938234790600379
STK11,1.001796863625842,-0.0804039614682513
STK11,1.0158412757731217,-0.0526895786109907
STK11,1.08011954859503,-0.1720247347269835
STK11,1.0903406954578043,-0.2205378326560293
STK11,0.6680134241649521,0.4562027273387483
STK11,1.0067343183800186,0.0177161718479124
STK11,0.1059541054961098,0.3965529098363482
STK11,1.1383869274255245,0.0867851025385468
STK11,1.0350633004169223,-0.7933917866694902
STK11,0.7570067135553082,-0.5028424430885469
STK11,1.048437600786959,-0.3265819432940371
STK11,0.5181845836165456,-0.0169253210723244
STK11,1.042241784422603,-0.8007329985521254
STK11,0.6987159601672726,-0.5431047184626552
STK11,1.0736129658868965,0.3812672596728844
STK11,0.4998984642489526,0.0513735189895056
STK11,1.0225546858269805,-0.546156310960415
STK11,1.028137343853638,-0.3373527138031086
STK11,0.915830171710682,-0.6394281476466267
STK11,0.8932215726760594,-0.8245803132099503
STK11,0.8717657144726848,-0.7792313882552451
STK11,1.000085953944218,-0.2883107679946134
STK11,1.3692482153608274,0.1446861323246719
STK11,1.1187928973383685,0.2510317551239381
STK11,0.6767617800339096,0.2969647368117263
STK11,0.9545012552438616,-0.1911638358983532
STK11,1.1412240060886454,1.216618536231621
STK11,0.937610089753672,0.359347296227026
STK11,0.8083225496633082,-0.0392676711824398
STK11,1.0128945595006622,0.0238408767566629
STK11,0.9285548254146502,0.1253044611882107
STK11,0.7610726071106265,-0.1443109131917969
STK11,0.7910358583906024,0.0814438103746882
STK11,0.8673853610441242,-0.1323841397302199
STK11,1.037614107604678,-0.2009514161937619
STK11,0.9708921835215066,-0.2271314963425841
STK11,1.0988519325761472,-0.0123642872195165
STK11,0.7120823505301372,0.1419495227427383
STK11,1.3846870952449033,-1.0993409754841326
STK11,0.5660439581038541,-0.8980391634126703
STK11,0.878138253683363,-0.4467066424481517
STK11,0.4123976451941544,-1.0360445987317133
STK11,0.7314494149168983,-0.6128720160539292
STK11,1.1924882079056094,-0.0118245025779703
STK11,0.7732801045242635,-0.253874971551482
STK11,0.6792200727082642,-1.0688223177859262
STK11,0.7449771082219058,0.223744574742855
STK11,0.7049026821644709,-0.7769474393370037
STK11,0.9640327075977388,-0.0604967018772813
STK11,0.9642719588072688,-0.4632022727077539
STK11,0.7922924722324328,0.0028102769498207
STK11,0.9711923750663872,-0.3944096340241336
STK11,1.2426499916530855,-0.4478657021667185
STK11,0.7214953491175286,-0.0181149687125402
STK11,0.9193422825981588,-0.085184732259894
STK11,0.8640004686222456,-0.1248631435021145
STK11,0.9975140036942926,0.0347924787874382
STK11,0.8987650941796139,0.0786425463943237
STK11,1.007937371974679,-0.3157327965599633
STK11,1.024973776862767,-0.4037503132561721
STK11,1.1487118907662277,-0.1802826772676484
STK11,0.6659838048930886,-0.0534269049689888
STK11,0.963098325754044,-0.3182997029002439
STK11,0.8909824994933496,0.5357871171322377
STK11,0.881569367762071,0.2138473866591865
STK11,1.0346616057066658,-0.0058145937920312
STK11,1.245665748842713,-0.2181023373057691
STK11,0.630617451345037,-0.1503187788078497
STK11,0.7426503319550749,0.1374532456407971
STK11,0.7067451584322187,-0.0556650706525429
STK11,1.0446994844049908,-0.5480757508508958
STK11,0.8826454849135199,-0.2551495898002882
STK11,0.7743619664077998,0.1263512088001659
STK11,1.0024609230145587,-1.0609286618887832
STK11,0.9891265376690128,-0.681942612788087
STK11,0.7396194144474391,-0.1098696271762955
STK11,0.9677377194443504,-0.2766683078996096
STK11,0.5556392478659682,-0.1747797942909193
STK11,1.143516355108611,-0.4164462144088148
STK11,0.8451996060843985,-0.4838214737207016
STK11,0.5316744339888367,0.086625375142892
STK11,1.0067357140110946,0.1978146566357058
STK11,0.5329721303162611,-0.1082863875795154
STK11,1.0600519729812865,-0.2831323482562042
STK11,0.997278947226726,-0.403357450718797
STK11,0.6007817942430246,0.4564153822916812
STK11,0.0055413184732226,0.4416744182272584
STK11,1.0240158173900735,0.1241951663899073
STK11,0.645483892558153,-0.2319383689545799
STK11,0.9782194125231898,-0.1179968166795032
STK11,0.8250451631099277,-0.2712237365452859
STK11,0.8350502957515383,-0.8389531278838087
STK11,1.161111887158944,-0.4251135024991752
STK11,0.9781238121410438,0.1669674871073101
STK11,1.0175466943107625,-0.559107752019666
STK11,0.8402578378272523,-0.0703755274431662
STK11,0.9953722004840988,-0.0261591961932084
STK11,0.932107334813678,-0.4738202749902499
STK11,0.7637826217565916,0.0196716945273388
STK11,1.0127499403142002,-0.8879719395773842
STK11,0.585403793597776,-0.6566278035102135
STK11,1.0014983192703633,-0.2835019253539735
STK11,0.5345004249273128,-0.0850904900122136
STK11,1.1318289936510273,-0.412859474181571
STK11,0.918449943388106,-0.1256144799007101
STK11,0.9584193893190052,-0.7389430510435491
STK11,0.9501169427703196,-0.0609924753340401
STK11,0.5498126478512966,-0.2453045555177438
STK11,0.9143376927361306,0.0095860075945931
STK11,0.9988091895747232,-0.0803881532598744
STK11,0.8482191736787107,0.5388293601404972
STK11,0.6956998911056291,0.0881164475802466
STK11,1.0362628559439873,-0.1755244388892545
STK11,0.7890852076229626,-0.0568066001132926
STK11,0.2364125198344625,0.1442708440052696
STK11,0.7263672188543671,-0.1206064925832493
STK11,0.7233074918751832,-0.1984402508951682
STK11,0.7625130849703866,-0.3174980658575793
STK11,0.881909792402127,0.3021082524502477
STK11,0.6964409791783552,0.1624112099722253
STK11,1.014917176920359,-0.1713803933582322
STK11,0.9982582534450278,-0.342716533804884
STK11,1.001299107779585,-0.3829998268655508
STK11,0.9356436023158748,-0.2016252284845119
STK11,1.0003778365756693,-0.2720939541622617
STK11,0.8622481300248946,0.1409993109160385
STK11,0.8154260772896335,-0.168769273120119
STK11,0.964503246847722,-0.3608676277367576
STK11,1.485287280054873,-0.5421504294429832
STK11,1.422260764270762,-0.0201192201777485
STK11,0.9650649862396468,-0.0061675316628168
STK11,1.1007577486603453,-0.4853925701958525
STK11,0.9447273957390284,-0.2960304763941526
STK11,0.8453384634001206,-0.3086286510138868
STK11,1.0144797023316328,-0.9629262676841028
STK11,1.0113245113464449,-0.1869103859225837
STK11,0.9656571727408436,-0.2822165651326929
STK11,1.013726169348992,0.0706617127088459
STK11,0.7087815719630389,-0.730243885714098
STK11,1.3757992745223455,0.2302752357362549
STK11,0.9548956561777976,0.27501741770646
STK11,1.3461330396855566,-0.2964139903100624
STK11,0.8793247613430202,0.0614033317705386
STK11,0.6984675517671063,0.1958501281811663
STK11,0.9386212318661684,-0.4532525477404803
STK11,0.7389967885530033,-0.2200935252369563
STK11,0.8405823097093943,-1.1968329256568098
STK11,1.0361809749539297,-0.3668244112870387
STK11,1.0317032025276998,-0.1673473527117489
STK11,0.9865243282771006,-0.9691142737515264
STK11,0.8200660400584538,-0.3388847686877191
STK11,1.086765746920353,-1.052544256006616
STK11,0.9243037875486916,-1.0574320217417128
STK11,1.016586515912683,-0.5103077652831802
STK11,0.7629370869152442,-0.097181051831424
STK11,1.1170858006634004,-0.5844340664810583
STK11,0.6982937668380048,-0.0648656909106333
STK11,1.0045330285836511,-0.089052239290505
STK11,1.0247201748483812,-0.1541233005948172
STK11,1.1084502346935527,-0.6978039143156718
STK11,0.8986654234680713,-0.0530087552363643
STK11,0.8360209496364237,0.1007047937643213
STK11,0.927089804232673,-0.6813447660706529
STK11,1.012817333093916,0.2158550470270527
STK11,0.0302803145027342,0.2614066721838781
STK11,0.6001404178951122,0.0787969886794387
STK11,1.3515763392895883,-0.9030504310989308
STK11,0.66334210151942,-0.1965407209405211
STK11,1.184356164948359,0.0823089268692862
STK11,0.9780729646805376,-0.1009185600602005
STK11,0.6059354426850689,-0.3925162810282506
STK11,1.014451575371741,0.1546936554184309
STK11,0.9022467834673948,-0.4743522187326102
STK11,1.0018524165798035,-0.4953445090671366
STK11,0.608241011293519,-0.0093846482356831
STK11,0.973682285569876,-0.2980929151126609
STK11,0.6760266378277312,-0.3265786029209837
STK11,1.0354952961685295,-0.7332190494370301
STK11,0.8924003595749257,0.4195113429480767
STK11,1.4390173634412506,0.3131062488519847
STK11,1.6646974512807904,-0.5455039760220082
STK11,1.2492316271055035,0.3857759115429506
STK11,0.5970873876813317,0.0371856553944179
STK11,0.8860567448906513,-0.4591071674708027
STK11,0.8426661043066399,-0.1524260585517219
STK11,0.9540679991485944,-0.515669909575871
STK11,0.5373906032926613,-0.4594657442420622
STK11,1.0508108485386645,-0.2227788144486727
STK11,1.0789275566661205,-1.1044988324111915
STK11,1.0084698830907126,-0.1765786674164357
STK11,0.9677061930783124,-0.6368020639183226
STK11,1.0206102245960345,0.0530545990959283
STK11,0.6858281374473013,-0.0548878627302328
STK11,1.1529012928046654,0.0492558263659058
STK11,0.6979821272900054,-0.3246454662801352
STK11,0.8331325792549669,-0.4214125662116732
STK11,0.9983745061158004,0.225409585922069
STK11,0.9279422963819278,-0.0352763449418793
STK11,1.0107708755223674,0.1800843914067802
STK11,1.0498738587513694,0.3470379462589205
STK11,1.1007264666325214,0.067647558110443
STK11,0.8106314198260995,-0.2546832631013149
STK11,1.1019967735794125,-0.304725459830848
STK11,1.421272314362029,0.1147455447607111
STK11,0.6132243967614216,-0.2156879945100936
STK11,1.0440371150648728,-0.0881624334226826
STK11,1.002974550891833,0.3740506227419012
STK11,0.6110953997965095,-0.1167172399317779
STK11,0.9348708634302698,-1.5543771954004255
STK11,0.6083919630158939,-0.1956309876914497
STK11,0.0138104773836831,0.538355008639726
STK11,0.8079091639702665,-0.3069698028092201
STK11,1.0246725870660949,-0.4523113413896639
STK11,1.0383220607938894,1.3773386060676387
STK11,0.9110739092778553,-0.0301704328700693
STK11,1.10568466823142,-0.2493487489234213
STK11,0.5007259049530023,-0.5240724509740751
STK11,1.0094300917203185,-0.2150961974277427
STK11,0.8817789853406732,0.0280604708045312
STK11,0.9502111230736724,-0.4031881666899971
STK11,1.0025825296583202,-0.2940247570421888
STK11,0.7679232322877909,-0.1882766620317691
STK11,0.7567888803659092,-1.0295092082854478
STK11,1.0354070166024754,0.2170001517038806
STK11,0.7087619206375358,0.0129277185614861
STK11,1.0953098130557173,0.2483244933713034
STK11,1.404326115344776,-0.5839593510247152
STK11,1.0531157394184,-0.1977784538454123
STK11,1.1091388624738114,0.1793820564769653
STK11,0.6608116378303648,-0.3770907666611406
STK11,1.4329825088447925,-0.5046208740802876
STK11,0.9230060439832108,-0.4925495852730756
STK11,1.0624102714999195,-0.1600656610005487
STK11,0.9137611433481688,0.6468619358915757
STK11,0.7947279560806342,0.093637731435305
STK11,1.055861788954764,-0.1699611286041734
STK11,0.8004260356456853,0.0186866201878403
STK11,1.5734801732845447,-0.1365243030647261
STK11,0.8195796113272835,0.3850295878857901
STK11,1.015270388832385,-0.2793987615780564
STK11,0.933200509432743,-0.7588484006051592
STK11,0.9993174830478766,0.1271278308037843
STK11,0.8988535611950339,0.3170457505492756
STK11,0.8871727757540823,0.1811648611070042
STK11,0.8293845053354673,-0.3172995302324352
STK11,0.6659159495050204,0.2131029489276569
STK11,1.1241807374297696,0.1921174436692439
STK11,0.6033964024356063,-0.5090046046811165
STK11,0.8274172842309739,-0.6630077853491169
STK11,0.840073230224352,-0.3453583868530381
STK11,1.043689810580327,-0.2325195990134508
STK11,1.0597625123266263,0.1906231670497917
STK11,1.1089566726742526,0.0196575962139831
STK11,0.8970292911031518,-0.3128114349775037
STK11,1.0386481406190928,-0.4674194752242824
STK11,0.931958746516898,-0.1777821726040453
STK11,1.178113062485328,0.3670833821807106
STK11,0.6909350479070093,0.1634768042243614
STK11,0.963414137606577,0.0814651275652356
STK11,5.993450252360078e-08,0.3138203185164831
STK11,0.6972166850323831,0.1883889785059916
STK11,0.5113393650036042,-0.1016493662068435
STK11,1.165979157641646,0.2935568310789805
STK11,0.9990639964838915,-0.7368118299756685
STK11,0.7286510599247202,0.3679012595948962
STK11,1.0203676038854788,-0.2151164601346177
STK11,0.6429177112046481,-0.5405654703427659
STK11,0.7560638599161568,-0.1802392783810748
STK11,1.0562036264576424,-0.047364482695131
STK11,0.7431735183966934,-0.2143258088906725
STK11,0.9650322091246352,-0.4712021532258391
STK11,1.0333736485272011,0.1497261565042305
STK11,0.8262349539777253,-0.548354203963159
STK11,0.854368285676245,-0.6904626849693742
STK11,1.1478912745945458,-0.1989829079096392
STK11,1.131533266715286,-0.3055320134006763
STK11,0.8186881962564709,-0.1325462578534333
STK11,0.5628061505232523,-0.2987733243499987
STK11,0.9911690197327993,0.0318118305265872
STK11,0.7354927369839579,0.5622650484977854
STK11,0.6586810728038032,0.2522795637842241
STK11,0.9986921940476442,-0.9612723584703218
STK11,0.824295200593002,0.1575320620569791
STK11,1.3929447154635957,-0.711807117956686
STK11,0.9844828641539602,-0.137233630116085
STK11,1.4828616483666832,-0.4244833762755581
STK11,0.726467921712356,-0.5160763802031914
STK11,1.001728815455262,0.246684347312319
STK11,0.9668721237813191,0.1400173526953348
STK11,0.7522614157053633,0.3320410595006119
STK11,0.5476810999305838,0.0294995021773605
STK11,0.6954106178116676,0.1089779654967045
