,SequencingID,ModelID,ModelConditionID,IsDefaultEntryForModel,IsDefaultEntryForMC,MSIScore,LoHFraction,WGD,CIN,Ploidy,Aneuploidy
0,CDS-00Nrci,ACH-000839,MC-000839-krru,Yes,Yes,3.68,0.107442983578596,1.0,0.502634318247591,3.15829106158172,20.0
1,CDS-051xn7,ACH-000041,MC-000041-uPBf,Yes,Yes,2.21,0.130088744871113,1.0,0.523865467657356,3.23608901214141,19.0
2,CDS-099jzP,ACH-002046,MC-002046-oaX8,Yes,Yes,2.87,0.222341737599453,1.0,0.679771894583716,3.32671456873659,30.0
3,CDS-0A4mDu,ACH-002048,MC-002048-52d6,Yes,Yes,2.48,,,,,
4,CDS-0Eax8o,ACH-000042,MC-000042-eOnX,Yes,Yes,2.07,,,,,
5,CDS-0Fwtih,ACH-002433,MC-002433-iccX,No,No,2.39,0.424911003269535,1.0,0.665781043598669,2.90303287000438,22.0
6,CDS-0GB1gy,ACH-001669,MC-001669-PygV,Yes,Yes,66.49,0.0616815500528704,0.0,0.215905514507665,2.14794446417602,6.0
7,CDS-0PlxsQ,ACH-001300,MC-001300-8ioY,Yes,Yes,1.66,0.017485330570052,0.0,0.224172774117812,2.20607247427065,9.0
8,CDS-0RmKXB,ACH-001574,MC-001574-0hwo,Yes,Yes,2.66,0.0151265946796863,0.0,0.190192211514025,2.15854290039404,6.0
9,CDS-0V2XTR,ACH-000332,MC-000332-21ni,Yes,Yes,2.96,0.250913618145005,1.0,0.722421513093282,3.6032803094274,31.0
10,CDS-0Z9yIY,ACH-000832,MC-000832-CjpT,Yes,Yes,1.28,,,,,
11,CDS-0b4jFH,ACH-001147,MC-001147-WkLI,Yes,Yes,4.76,0.209899584571484,0.0,0.352976423929394,2.14551722782478,7.0
12,CDS-0bV15m,ACH-002074,MC-002074-ehWg,Yes,Yes,2.19,0.438501956793133,1.0,0.569840073880441,2.62598133770953,27.0
13,CDS-0e3PRe,ACH-001111,MC-001111-jbYD,Yes,Yes,2.39,0.0344723957661105,1.0,0.467391023694339,3.62921239223873,28.0
14,CDS-0ewUnk,ACH-001057,MC-001057-AskH,Yes,Yes,2.49,0.0737484269152537,0.0,0.215783016038533,2.08879456905962,6.0
15,CDS-0fxylD,ACH-001691,MC-001691-0y4G,Yes,Yes,2.66,,,,,
16,CDS-0mhWCL,ACH-000281,MC-000281-dV9B,Yes,Yes,3.09,0.211529663481071,1.0,0.633385424148328,3.46527167416162,23.0
17,CDS-0q5dcO,ACH-002922,MC-002922-66Xg,Yes,Yes,2.0,0.196946151212414,1.0,0.524800517850251,3.89855430795317,15.0
18,CDS-0rmD1k,ACH-000699,MC-000699-iHwM,Yes,Yes,2.68,,,,,
19,CDS-0sdrSB,ACH-000943,MC-000943-VfLa,Yes,Yes,90.46,0.0100110765574463,1.0,0.179433387629839,4.50499849667952,36.0
20,CDS-0yFGAM,ACH-002471,MC-002471-uRkn,Yes,Yes,2.23,,,,,
21,CDS-17DYXO,ACH-002490,MC-002490-4KoT,Yes,Yes,2.62,0.464890455613473,1.0,0.698414166399167,2.57106257711586,26.0
22,CDS-17moNf,ACH-000005,MC-000005-Aycs,Yes,Yes,0.87,0.339925462995404,1.0,0.48491703423138,2.82663314964444,20.0
23,CDS-1G47Qx,ACH-002789,MC-002789-mav3,Yes,Yes,2.47,0.0101985461344498,1.0,0.465130074960759,3.67094962638942,19.0
24,CDS-1GlvFn,ACH-001684,MC-001684-y8aL,Yes,Yes,2.21,0.0104021816241977,0.0,0.0713914912304369,2.05304628841582,2.0
25,CDS-1Itb18,ACH-003101,MC-003101-6WpP,Yes,Yes,2.15,0.0216371971647654,0.0,0.0617477138695421,2.313866915953,1.0
26,CDS-1LuQ9S,ACH-000833,MC-000833-KaSb,Yes,Yes,2.08,0.0769625824029473,1.0,0.550358258969594,3.61520907455303,29.0
27,CDS-1PU0Lo,ACH-002675,MC-002675-q6w0,Yes,Yes,2.33,0.0347067611848414,0.0,0.456529980388166,2.70269104038885,18.0
28,CDS-1RwlQp,ACH-000811,MC-000811-kbFV,Yes,Yes,24.59,,,,,
29,CDS-1UJEpC,ACH-000473,MC-000473-MpEw,Yes,Yes,1.21,,,,,
30,CDS-1YwLXW,ACH-000035,MC-000035-aT3G,Yes,Yes,0.7,0.629599226985043,1.0,0.516663963695035,2.19511315282739,9.0
31,CDS-1Zvqir,ACH-001949,MC-001949-eXWn,Yes,Yes,2.31,,,,,
32,CDS-1jy326,ACH-001509,MC-001509-3x7y,Yes,Yes,1.78,0.0475369939683234,1.0,0.52892192000977,3.71701228944231,28.0
33,CDS-1msa9a,ACH-002800,MC-002800-SZpV,Yes,Yes,2.38,0.324558554086243,1.0,0.711777850552209,3.90089822792482,24.0
34,CDS-1pLoxn,ACH-000001,MC-000001-ztiA,Yes,Yes,1.67,0.173789349894003,1.0,0.649593858251448,3.80648817322323,23.0
35,CDS-1tmwd7,ACH-000967,MC-000967-ncE2,Yes,Yes,90.86,,,,,
36,CDS-1ylR0Q,ACH-003064,MC-003064-tV5G,Yes,Yes,1.38,1.09308714489574e-06,0.0,1.09370713300338e-06,2.00017490864541,0.0
37,CDS-26WgZA,ACH-000494,MC-000494-s2Mp,Yes,Yes,1.76,0.0138187802392662,0.0,0.0149281694631304,1.99700882522009,0.0
38,CDS-26ox1m,ACH-000324,MC-000324-UzZP,Yes,Yes,2.83,,,,,
39,CDS-2AAbG2,ACH-000784,MC-000784-8ktU,Yes,Yes,2.07,0.511337178974751,1.0,0.681036609460937,2.97286368105331,20.0
40,CDS-2DkVpG,ACH-000250,MC-000250-3qw8,Yes,Yes,2.95,0.268534659769485,1.0,0.618428085102485,3.25052134037945,26.0
41,CDS-2I6NbU,ACH-001696,MC-001696-AgNq,Yes,Yes,2.55,0.233716197468687,1.0,0.669698902803956,3.10240175918314,24.0
42,CDS-2IEUk7,ACH-003283,MC-003283-tgtg,Yes,Yes,1.85,0.000896358049832767,0.0,0.000896372773258433,1.99914594951048,0.0
43,CDS-2ImP2e,ACH-000780,MC-000780-3uGU,Yes,Yes,0.65,,,,,
44,CDS-2M3DCp,ACH-000493,MC-000493-GcWi,Yes,Yes,1.64,0.175172178229395,1.0,0.819957685568947,4.45366813618149,23.0
45,CDS-2MP2sK,ACH-000822,MC-000822-5No9,Yes,Yes,1.66,,,,,
46,CDS-2NyBks,ACH-000735,MC-000735-pw8K,Yes,Yes,2.08,0.242463466942001,0.0,0.399640126696893,2.17943486578167,10.0
47,CDS-2R59ED,ACH-002035,MC-002035-O8Pm,Yes,Yes,2.38,0.352123238250431,1.0,0.690101292839052,2.67840330838277,25.0
48,CDS-2USslP,ACH-000028,MC-000028-upIc,Yes,Yes,2.29,,,,,
49,CDS-2Ww8hQ,ACH-000361,MC-000361-QZ7V,Yes,Yes,0.87,0.25204949316948,1.0,0.749941700599502,4.61908824727153,25.0
50,CDS-2YtzZh,ACH-001398,MC-001398-XBHi,Yes,Yes,2.65,0.319049159894401,1.0,0.484828962549768,3.03395633328881,13.0
51,CDS-2fOoV8,ACH-000535,MC-000535-t4WG,Yes,Yes,2.17,0.302329582305479,1.0,0.757832212776524,3.99761446899011,34.0
52,CDS-2lH5fJ,ACH-000117,MC-000117-Onfr,Yes,Yes,2.17,0.280133473677046,1.0,0.614002473060986,3.51446755689069,31.0
53,CDS-2lvHL9,ACH-000378,MC-000378-GwDw,Yes,Yes,1.99,0.323887473479145,1.0,0.741937347275692,3.43764761958485,18.0
54,CDS-2q4B3f,ACH-001814,MC-001814-L7qi,Yes,Yes,2.49,0.262480062512918,1.0,0.635681544199994,3.43260433731478,20.0
55,CDS-2qfMjx,ACH-000616,MC-000616-6kI7,Yes,Yes,0.72,,,,,
56,CDS-2rrAkt,ACH-000525,MC-000525-BRBs,Yes,Yes,0.8,0.474598175976167,0.0,0.598909746053575,1.90307065915482,14.0
57,CDS-2s2SzB,ACH-000950,MC-000950-Pk7o,Yes,Yes,88.59,,,,,
58,CDS-2spHhc,ACH-000682,MC-000682-aHK7,Yes,Yes,2.26,0.259611344676743,1.0,0.692422434320755,3.91066451235178,24.0
59,CDS-2uvoSr,ACH-001393,MC-001393-GjYg,Yes,Yes,2.89,,,,,
60,CDS-2vfyOU,ACH-000233,MC-000233-Fszn,Yes,Yes,1.73,0.0174250355118321,1.0,0.362605902570714,3.41738516381196,15.0
61,CDS-2wilEK,ACH-000653,MC-000653-aEuc,Yes,Yes,2.33,0.288970989685044,1.0,0.633802919605561,2.99435457462895,22.0
62,CDS-32fwy5,ACH-000913,MC-000913-p0yT,Yes,Yes,0.62,,,,,
63,CDS-33VJNz,ACH-002689,MC-002689-00Y3,Yes,Yes,1.44,0.465483934619242,1.0,0.695818739129901,2.72972266932448,30.0
64,CDS-3AMKPR,ACH-000510,MC-000510-vWgo,Yes,Yes,1.09,0.421248516785279,1.0,0.769020754322578,3.35949366229628,22.0
65,CDS-3BKXXM,ACH-000483,MC-000483-toXy,Yes,Yes,2.2,0.196987499929048,1.0,0.530742153436723,3.38417690348608,19.0
66,CDS-3Cm1Jj,ACH-001210,MC-001210-DeSa,Yes,Yes,2.72,0.0242537357464543,0.0,0.126913324055698,2.18145714348737,2.0
67,CDS-3DB1g0,ACH-000479,MC-000479-6qKr,Yes,Yes,2.07,,,,,
68,CDS-3GXpnB,ACH-000438,MC-000438-97t0,Yes,Yes,2.86,,,,,
69,CDS-3PJHur,ACH-001430,MC-001430-Lr6c,Yes,Yes,2.0,0.175281723556808,0.0,0.502733830803149,2.37806305386851,14.0
70,CDS-3gbjKz,ACH-000093,MC-000093-IB96,No,No,1.94,,,,,
71,CDS-3t64n0,ACH-000869,MC-000869-u5uo,Yes,Yes,2.42,0.348271838953203,1.0,0.715871703163449,4.39862267667668,36.0
72,CDS-3uTvmK,ACH-000486,MC-000486-zsD2,Yes,Yes,2.15,0.0603225592175003,1.0,0.392658479084384,3.45785688048332,14.0
73,CDS-3v5nda,ACH-000856,MC-000856-lEgX,Yes,Yes,53.99,,,,,
74,CDS-43H35O,ACH-000344,MC-000344-SRpi,Yes,Yes,3.03,0.573549230303436,1.0,0.4906439961454,2.95979656968492,32.0
75,CDS-43YfWP,ACH-001677,MC-001677-OSee,Yes,Yes,2.14,0.231356042182366,0.0,0.307903231223378,2.13135607205761,5.0
76,CDS-48CMyB,ACH-000054,MC-000054-JG3n,Yes,Yes,2.07,0.00177104767016567,0.0,0.0538216344905667,2.04758822960288,1.0
77,CDS-4AwOzY,ACH-001307,MC-001307-ZUMW,Yes,Yes,2.37,0.287302278546677,1.0,0.680331808846134,4.43590437506177,25.0
78,CDS-4Cpekc,ACH-000955,MC-000955-q7cl,Yes,Yes,88.91,,,,,
79,CDS-4HRt8q,ACH-000981,MC-000981-VgEW,Yes,Yes,56.48,,,,,
80,CDS-4ONXNE,ACH-000669,MC-000669-MVxi,Yes,Yes,1.09,0.347980716675193,1.0,0.747270384688124,3.10357351095679,21.0
81,CDS-4SEjDV,ACH-000537,MC-000537-uVHC,Yes,Yes,2.41,0.324545536191814,1.0,0.540840153218821,2.36291830398538,15.0
82,CDS-4dDCeG,ACH-000232,MC-000232-q940,Yes,Yes,1.53,0.262951028983455,1.0,0.608446944115124,2.9060601556767,17.0
83,CDS-4kWant,ACH-002531,MC-002531-OoyZ,Yes,Yes,2.56,,,,,
84,CDS-4lgpXF,ACH-001492,MC-001492-4vwy,Yes,Yes,2.14,0.0192383071452373,0.0,0.108936692027689,2.09811504940349,6.0
85,CDS-4r801f,ACH-000817,MC-000817-xdTH,Yes,Yes,2.9,0.385032070863905,1.0,0.69268689133826,2.98653211513889,26.0
86,CDS-51LzzR,ACH-002669,MC-002669-Ivra,Yes,Yes,2.24,,,,,
87,CDS-52aoJ0,ACH-000693,MC-000693-vUEr,Yes,Yes,1.92,0.481143409088302,1.0,0.707470748354898,2.84521289245839,25.0
88,CDS-53lmHz,ACH-001547,MC-001547-7JIQ,Yes,Yes,1.86,0.110165024202462,1.0,0.143602051444925,4.0774367042515,3.0
89,CDS-559hUY,ACH-002801,MC-002801-Dhlv,Yes,Yes,2.11,,,,,
90,CDS-5BCppI,ACH-000420,MC-000420-FBvj,Yes,Yes,1.4,0.233458259625705,0.0,0.633665808292152,2.51067663905147,29.0
91,CDS-5DPR3V,ACH-000814,MC-000814-sJb7,Yes,Yes,2.03,0.116918452015685,1.0,0.334140888932616,4.21068456523286,12.0
92,CDS-5JYhqZ,ACH-000280,MC-000280-pNNC,Yes,Yes,2.76,0.28591907296643,1.0,0.581240465465164,3.19984291336786,21.0
93,CDS-5KPLaO,ACH-000403,MC-000403-3khV,Yes,Yes,1.17,0.27875309484318,1.0,0.656434449088003,3.07665630846565,23.0
94,CDS-5Kb44c,ACH-002785,MC-002785-qo9e,Yes,Yes,3.36,0.424140435273012,1.0,0.730603826984102,3.04517364267148,26.0
95,CDS-5NAFSx,ACH-000376,MC-000376-mBf3,Yes,Yes,1.06,0.156780672710525,1.0,0.376426991814151,3.30857456878699,14.0
96,CDS-5NPFNF,ACH-002002,MC-002002-GZA1,Yes,Yes,2.49,0.332093500341439,1.0,0.549177775808889,2.77938134895794,14.0
97,CDS-5P6nT1,ACH-001428,MC-001428-h8A5,Yes,Yes,2.21,0.685352736287413,1.0,0.332822594506152,2.56520346050773,34.0
98,CDS-5VcBUG,ACH-000061,MC-000061-Jp3F,Yes,Yes,2.27,0.105114568104579,0.0,0.248935562865297,2.3276312964609,5.0
99,CDS-5WodNR,ACH-000907,MC-000907-PqcI,Yes,Yes,54.66,0.0335563361504774,1.0,0.440603063355999,3.31352295015531,15.0
100,CDS-5YhUsk,ACH-001683,MC-001683-bWTi,Yes,Yes,2.2,,,,,
101,CDS-5aIbmX,ACH-001278,MC-001278-XOlL,Yes,Yes,1.73,0.0219614907010549,0.0,0.0299446279547726,2.11013093130411,0.0
102,CDS-5eMbJ7,ACH-000694,MC-000694-gObM,Yes,Yes,2.58,0.393368538353704,1.0,0.652599740831924,3.60518950755911,27.0
103,CDS-5pxach,ACH-002687,MC-002687-ZGER,Yes,Yes,2.09,0.15159072390408,1.0,0.475204071118305,3.20392918055425,16.0
104,CDS-5r1fua,ACH-000703,MC-000703-mnrW,Yes,Yes,1.27,0.323446621121308,1.0,0.524705462033544,3.57832470532585,19.0
105,CDS-5vtea4,ACH-001560,MC-001560-l8bg,Yes,Yes,1.84,0.235218392465601,1.0,0.763700376574185,4.90358964226854,33.0
106,CDS-5xnEtM,ACH-003191,MC-003191-gctw,Yes,Yes,2.2,,,,,
107,CDS-5zJjfk,ACH-000654,MC-000654-PqYC,Yes,Yes,4.77,0.0770035154342484,0.0,0.120103664755938,2.03015916580774,4.0
108,CDS-694ipX,ACH-002847,MC-002847-b2Oj,Yes,Yes,1.93,0.112676160488773,1.0,0.585692754345638,4.03008714357572,30.0
109,CDS-6Ck9Ea,ACH-000249,MC-000249-ZFHF,Yes,Yes,2.66,0.21560501621961,0.0,0.290440636379685,2.01858921802418,8.0
110,CDS-6FlATO,ACH-001993,MC-001993-EcIk,Yes,Yes,2.71,0.714156289369698,1.0,0.0820695876555873,3.37075499713725,4.0
111,CDS-6IjBkB,ACH-001205,MC-001205-p2QQ,Yes,Yes,2.92,0.011449635778805,0.0,0.109429225366567,2.54941108060025,39.0
112,CDS-6JCzH1,ACH-000076,MC-000076-het0,Yes,Yes,3.45,0.757794877433139,1.0,0.280899120503041,2.39995123569698,9.0
113,CDS-6JPZnX,ACH-001096,MC-001096-5RIV,Yes,Yes,2.25,0.0359552318244544,0.0,0.138735202593006,2.28460949593156,4.0
114,CDS-6OY7oH,ACH-003183,MC-003183-dkwm,Yes,Yes,2.27,,,,,
115,CDS-6Rxrv4,ACH-002925,MC-002925-yAya,Yes,Yes,2.3,0.0574206506839114,1.0,0.636606580030076,3.772738676395,24.0
116,CDS-6TdVoM,ACH-000827,MC-000827-fiMz,Yes,Yes,2.25,0.114799515603351,1.0,0.309155430627734,4.73883310370438,39.0
117,CDS-6VInYi,ACH-002038,MC-002038-lXCp,Yes,Yes,3.94,0.366741958825718,1.0,0.840944729083091,4.469202862625,27.0
118,CDS-6gQTeC,ACH-002716,MC-002716-JXsE,Yes,Yes,3.15,0.0641474683424678,0.0,0.166507520167223,2.34962365493548,4.0
119,CDS-6jkA15,ACH-000086,MC-000086-pkVs,Yes,Yes,2.25,0.603468386703046,1.0,0.575136505558627,4.02285596825737,22.0
120,CDS-6lnbjM,ACH-000871,MC-000871-aeyP,Yes,Yes,0.92,0.194700496309982,1.0,0.687543127359462,4.4640847526213,32.0
121,CDS-6nSZ7J,ACH-000681,MC-000681-VvEX,Yes,Yes,0.42,0.25808754354338,1.0,0.497971275746134,2.90674308060044,15.0
122,CDS-6qJv6O,ACH-002946,MC-002946-4pvi,Yes,Yes,2.36,0.0887815542756917,0.0,0.152728044343144,2.28270273372808,5.0
123,CDS-6qT304,ACH-000704,MC-000704-KA9i,Yes,Yes,1.67,0.0871601337338562,1.0,0.688950156347315,4.02267144744237,25.0
124,CDS-6suEtf,ACH-002005,MC-002005-AENg,Yes,Yes,2.38,0.393073208351456,1.0,0.7765876955001,4.69936747555049,29.0
125,CDS-753lzg,ACH-000195,MC-000195-S7vt,Yes,Yes,2.78,,,,,
126,CDS-7Eha3A,ACH-000530,MC-000530-vUsT,Yes,Yes,1.46,0.302224414720914,1.0,0.609100174764176,3.05577809564965,21.0
127,CDS-7I7ZXK,ACH-001031,MC-001031-oRDI,Yes,Yes,2.67,0.0240093571803782,0.0,0.0286216094770067,2.07735122802783,1.0
128,CDS-7PUZ5y,ACH-000450,MC-000450-v6IX,Yes,Yes,3.1,,,,,
129,CDS-7UJrWv,ACH-000145,MC-000145-3ydU,No,No,0.83,,,,,
130,CDS-7aebuK,ACH-000985,MC-000985-wCMb,Yes,Yes,88.71,0.0383322711830373,1.0,0.529147383980772,3.92293150173236,24.0
131,CDS-7bBNww,ACH-000627,MC-000627-qj3B,Yes,Yes,2.46,0.314437651047337,1.0,0.58205474451528,3.25562268603608,15.0
132,CDS-7f9j2g,ACH-001106,MC-001106-BKoT,Yes,Yes,3.2,0.0147636158250605,0.0,0.0188783901625431,2.10483492083166,0.0
133,CDS-7gCVrn,ACH-002928,MC-002928-wtOE,Yes,Yes,1.12,,,,,
134,CDS-7idugy,ACH-000090,MC-000090-ycrc,Yes,Yes,0.95,0.374461154800242,1.0,0.696231609060608,3.50597883781517,29.0
135,CDS-7jtoiQ,ACH-000317,MC-000317-zFR4,Yes,Yes,2.99,,,,,
136,CDS-7kzRjg,ACH-000200,MC-000200-pE94,Yes,Yes,2.38,0.454004092644042,1.0,0.585178357120955,2.26642478430054,8.0
137,CDS-7lbdDE,ACH-000356,MC-000356-xmV6,Yes,Yes,2.26,,,,,
138,CDS-7nLbDx,ACH-000017,MC-000017-MjyQ,Yes,Yes,1.63,,,,,
139,CDS-7nWxFe,ACH-001283,MC-001283-7e8M,Yes,Yes,2.45,0.0874194933927142,0.0,0.282670470687846,2.16959826817903,10.0
140,CDS-7pGxkI,ACH-000302,MC-000302-TT0u,Yes,Yes,2.57,0.355549634966498,1.0,0.782231138763074,3.97210179352784,30.0
141,CDS-7rMl4W,ACH-000101,MC-000101-0kr1,Yes,Yes,1.47,0.0823902535861586,0.0,0.126737771783096,2.04941079313101,2.0
142,CDS-7rbqOu,ACH-000547,MC-000547-djnC,Yes,Yes,2.27,0.104535314292026,1.0,0.591539405024724,3.3936030521038,21.0
143,CDS-7vtMOA,ACH-002033,MC-002033-OLRc,Yes,Yes,2.66,0.293003396333374,0.0,0.417865197275658,1.9499166787914,10.0
144,CDS-7wtGGb,ACH-001519,MC-001519-bkMC,Yes,Yes,2.06,0.0221703108394715,0.0,0.026690450700207,2.09643861491348,0.0
145,CDS-7z20ke,ACH-000018,MC-000018-WB0V,Yes,Yes,0.69,0.233483166809459,1.0,0.655127174503411,3.75756554436214,26.0
146,CDS-82ZkGF,ACH-000601,MC-000601-0XfO,Yes,Yes,1.63,,,,,
147,CDS-85xT00,ACH-001953,MC-001953-TfUH,Yes,Yes,1.95,0.284000351665938,1.0,0.80569872739343,4.16205203712434,30.0
148,CDS-87tNCc,ACH-001974,MC-001974-tLY8,Yes,Yes,1.67,0.185149318051587,1.0,0.658467386771056,4.12763302104271,35.0
149,CDS-884F1d,ACH-000796,MC-000796-MvBN,Yes,Yes,2.32,0.0694513152256045,1.0,0.743286993369044,4.782316205654,31.0
150,CDS-88C6Qs,ACH-003308,MC-003308-8rr6,Yes,Yes,3.93,0.0232942510412111,1.0,0.214167995623991,4.19549618653524,10.0
151,CDS-88l3Yw,ACH-000203,MC-000203-Ylfj,Yes,Yes,2.45,0.0351241183884863,0.0,0.0824312243402793,2.33116662618421,2.0
152,CDS-899Iuu,ACH-000217,MC-000217-WAHm,Yes,Yes,1.71,0.277433168764038,1.0,0.596231574198219,3.43193291851279,18.0
153,CDS-8DJOd6,ACH-001508,MC-001508-tAH6,Yes,Yes,2.21,0.235245992008002,1.0,0.576697896784631,3.36671447606012,23.0
154,CDS-8EjSn1,ACH-000307,MC-000307-COGw,Yes,Yes,2.81,0.247362297218268,1.0,0.585653077038787,3.30976762148819,30.0
155,CDS-8Emdjt,ACH-000776,MC-000776-YERh,Yes,Yes,1.43,,,,,
156,CDS-8Is9nq,ACH-000662,MC-000662-xLOJ,Yes,Yes,2.18,0.399005798905235,1.0,0.633241565665585,3.48046585529523,13.0
157,CDS-8PcHcT,ACH-000075,MC-000075-5KSA,Yes,Yes,0.73,,,,,
158,CDS-8Q0sx2,ACH-000901,MC-000901-p7dg,Yes,Yes,4.0,,,,,
159,CDS-8SnzXI,ACH-002062,MC-002062-owy3,Yes,Yes,2.35,0.0438100502920015,1.0,0.544551567782403,3.68878116293286,23.0
160,CDS-8Ut3sT,ACH-000632,MC-000632-Khm1,Yes,Yes,1.14,0.397537905819279,1.0,0.525584599242462,2.7560730014913,17.0
161,CDS-8XUdse,ACH-000077,MC-000077-BZeg,Yes,Yes,2.36,0.00289003256050143,0.0,0.0309510232144463,2.02662085099226,1.0
162,CDS-8Xoju3,ACH-000709,MC-000709-QsXL,Yes,Yes,2.0,0.0909567741802513,0.0,0.49305777225199,2.6957748224918,22.0
163,CDS-8ZQQ9E,ACH-000552,MC-000552-bdsQ,Yes,Yes,1.3,0.0458478309784334,1.0,0.434574485494368,3.31412508314543,19.0
164,CDS-8aIKcV,ACH-002291,MC-002291-NqNs,Yes,Yes,2.36,0.348135196566199,1.0,0.619049753006731,2.72790889460746,23.0
165,CDS-8g0aUm,ACH-000678,MC-000678-5gY7,Yes,Yes,2.53,0.583988930750704,1.0,0.722934837503854,3.35378903467104,20.0
166,CDS-8lL09I,ACH-000362,MC-000362-z9Q8,Yes,Yes,3.06,0.00311218128119744,0.0,0.187370130533449,2.26349880015826,9.0
167,CDS-8mQP36,ACH-003189,MC-003189-aahm,Yes,Yes,1.85,0.221537595746567,0.0,0.359314795517303,1.96079148120813,12.0
168,CDS-8o5thq,ACH-000500,MC-000500-AuBV,Yes,Yes,2.24,,,,,
169,CDS-8t7gJf,ACH-000659,MC-000659-KBx4,Yes,Yes,1.29,,,,,
170,CDS-8uAIqh,ACH-003590,MC-003590-l2c4,Yes,Yes,2.78,0.0318860406786407,0.0,0.0940962895155971,2.06251821514895,3.0
171,CDS-8vppx0,ACH-000729,MC-000729-TQUb,Yes,Yes,2.75,,,,,
172,CDS-9131qh,ACH-002214,MC-002214-vqKT,No,No,2.29,,,,,
173,CDS-91KD5L,ACH-000039,MC-000039-iKfU,Yes,Yes,2.22,0.207749858413021,0.0,0.318093338727325,2.33810722821164,9.0
174,CDS-94qDmz,ACH-001054,MC-001054-Azxo,Yes,Yes,1.79,0.134666976725789,1.0,0.386195857633936,3.60845993102055,33.0
175,CDS-964VoM,ACH-000674,MC-000674-nmJ4,Yes,Yes,1.74,0.0788613312424775,1.0,0.460828990901016,4.02369155192918,38.0
176,CDS-97itUV,ACH-000399,MC-000399-D5lM,Yes,Yes,0.59,,,,,
177,CDS-9B4nuX,ACH-000244,MC-000244-nPup,Yes,Yes,2.0,0.112776763251901,0.0,0.20848528516281,2.01583320790759,8.0
178,CDS-9Eiozi,ACH-000207,MC-000207-S7uy,Yes,Yes,1.16,0.332374778794749,1.0,0.710577070622066,3.11582817948935,21.0
179,CDS-9M8lVq,ACH-000319,MC-000319-XYA6,Yes,Yes,2.23,0.388913357984032,1.0,0.677437097361816,2.41022750500601,14.0
180,CDS-9RwNtB,ACH-002654,MC-002654-HZBL,Yes,Yes,2.18,0.288503972396045,1.0,0.771764689496921,3.98781541930844,23.0
181,CDS-9YXw0w,ACH-001274,MC-001274-gpFs,Yes,Yes,1.42,,,,,
182,CDS-9YtCAI,ACH-000085,MC-000085-DjQm,Yes,Yes,2.86,0.433911672883455,1.0,0.715653048115695,2.87430888230676,25.0
183,CDS-9bsaeH,ACH-002036,MC-002036-zaQ6,Yes,Yes,2.75,0.331694712216626,1.0,0.666578447237592,3.31915623150296,25.0
184,CDS-9dGLw6,ACH-000514,MC-000514-fd1i,Yes,Yes,0.84,0.231855032648796,1.0,0.678522350462189,2.94981440244904,23.0
185,CDS-9fHqHj,ACH-000673,MC-000673-RSQe,Yes,Yes,2.58,0.29702144131115,1.0,0.768532136403799,4.08449089960892,26.0
186,CDS-9fpfeU,ACH-001099,MC-001099-jclT,Yes,Yes,2.29,0.0223639652248165,0.0,0.0279740219543262,2.1064819243758,0.0
187,CDS-9gkQ2v,ACH-000127,MC-000127-8tHu,Yes,Yes,1.95,0.393247254999809,1.0,0.668651398142552,4.17234132479023,16.0
188,CDS-9iOPXS,ACH-002458,MC-002458-LNX9,Yes,Yes,2.17,,,,,
189,CDS-9sFKTe,ACH-000958,MC-000958-a8u0,Yes,Yes,84.58,,,,,
190,CDS-9tn3ts,ACH-000713,MC-000713-Mfxo,Yes,Yes,1.5,,,,,
191,CDS-9xMKD2,ACH-000799,MC-000799-Fdo9,Yes,Yes,2.31,0.450737866564165,1.0,0.636970647509241,2.62848358135867,25.0
192,CDS-A2DYy4,ACH-001164,MC-001164-hJ78,Yes,Yes,1.88,0.00566716250331161,0.0,0.0118031536733753,2.04751770586786,0.0
193,CDS-A5Gt5a,ACH-002040,MC-002040-Vllp,Yes,Yes,3.36,0.404324032518246,1.0,0.689745995720645,2.99825088106672,22.0
194,CDS-A5hBXl,ACH-000331,MC-000331-G7HH,Yes,Yes,1.87,0.247792897531058,1.0,0.401984674878142,3.88835002058773,8.0
195,CDS-A8megR,ACH-000435,MC-000435-eQbb,Yes,Yes,3.01,0.254750628922946,1.0,0.696130968139573,3.68901389848149,28.0
196,CDS-ADN4WV,ACH-001075,MC-001075-R1R4,Yes,Yes,4.02,0.0733774295806316,0.0,0.21159633775923,2.16571745583424,8.0
197,CDS-AEa8F3,ACH-000142,MC-000142-E7OD,Yes,Yes,2.19,0.156391694653891,1.0,0.57553033337191,3.01742734847423,21.0
198,CDS-AHsEp4,ACH-000843,MC-000843-58wh,Yes,Yes,1.98,0.349049561192266,1.0,0.666139788235504,2.96023900914156,21.0
199,CDS-AItAZD,ACH-001196,MC-001196-NGMx,Yes,Yes,1.99,0.266608807666088,1.0,0.700741437507681,3.09475865050085,26.0
200,CDS-ALPE34,ACH-000551,MC-000551-DKoh,Yes,Yes,2.53,,,,,
201,CDS-AM22Bz,ACH-000975,MC-000975-PUD5,Yes,Yes,1.98,0.182084154436088,1.0,0.757130783952005,3.90257485735857,26.0
202,CDS-AQpAIt,ACH-001533,MC-001533-SowA,Yes,Yes,1.69,,,,,
203,CDS-ASprHn,ACH-000971,MC-000971-cQQl,Yes,Yes,89.11,,,,,
204,CDS-AXLl8B,ACH-002004,MC-002004-Cnnn,Yes,Yes,2.24,0.254833254916439,1.0,0.552685545484826,3.42975916073842,19.0
205,CDS-AYZUnE,ACH-000257,MC-000257-OIjN,Yes,Yes,0.47,0.289956714734852,1.0,0.590375662577653,3.35913098426024,31.0
206,CDS-AaOEz1,ACH-000595,MC-000595-Gzg4,Yes,Yes,2.22,0.244682439878342,1.0,0.706537492845492,3.83760063325414,25.0
207,CDS-AcMreK,ACH-000820,MC-000820-TEES,Yes,Yes,1.86,0.192722439316595,1.0,0.429945877742474,3.10033332648295,17.0
208,CDS-AeyYn4,ACH-002500,MC-002500-qPav,Yes,Yes,1.96,,,,,
209,CDS-AkSDGx,ACH-000191,MC-000191-En6E,Yes,Yes,2.39,,,,,
210,CDS-Akl3B7,ACH-000581,MC-000581-XiH0,Yes,Yes,1.56,,,,,
211,CDS-AotFDg,ACH-000097,MC-000097-qJSn,Yes,Yes,2.06,0.256788099185837,1.0,0.533684040401164,3.5474996539093,34.0
212,CDS-Apkcpk,ACH-000982,MC-000982-lmOa,Yes,Yes,90.28,,,,,
213,CDS-AqZLna,ACH-002512,MC-002512-OR6R,Yes,Yes,1.82,0.239841546762717,1.0,0.638553830114699,3.5355708481848,27.0
214,CDS-Ar7sHe,ACH-003305,MC-003305-2345,Yes,Yes,1.84,0.0101840782552116,0.0,0.0799093095641887,2.18203230566061,3.0
215,CDS-AtSwiZ,ACH-000068,MC-000068-QFYk,Yes,Yes,1.54,,,,,
216,CDS-AtxiIO,ACH-000196,MC-000196-sKap,Yes,Yes,1.6,0.295719676824158,1.0,0.82489701679871,4.45642764306765,25.0
217,CDS-AvNilB,ACH-000475,MC-000475-MOdu,Yes,Yes,3.09,0.21277373212055,1.0,0.544011921596836,3.00980977595373,19.0
218,CDS-AyVVfE,ACH-000582,MC-000582-oMcf,Yes,Yes,1.97,0.209159855072735,1.0,0.665063508381762,4.06108668935887,21.0
219,CDS-B3C7Uq,ACH-001765,MC-001765-czdh,Yes,Yes,2.24,0.173428560675568,1.0,0.803518561897455,4.6583764610888,29.0
220,CDS-B5dJWJ,ACH-001622,MC-001622-QSPg,Yes,Yes,2.41,0.228625947069413,1.0,0.479531540916908,2.85155852431243,19.0
221,CDS-B8UOTE,ACH-000712,MC-000712-GZtg,Yes,Yes,2.15,0.347906854041961,1.0,0.704778467627264,3.26552507454197,26.0
222,CDS-BBq9JO,ACH-000912,MC-000912-cLYP,Yes,Yes,1.04,0.365949324454781,0.0,0.4263996599322,1.98975657677419,9.0
223,CDS-BBx2O1,ACH-000251,MC-000251-RKNi,Yes,Yes,2.57,0.319661604328138,1.0,0.813075717963316,4.54619848254068,33.0
224,CDS-BEbnKg,ACH-002886,MC-002886-IBtz,Yes,Yes,82.96,,,,,
225,CDS-BLsNdt,ACH-002020,MC-002020-ZmHZ,No,No,2.93,0.178936189416294,1.0,0.592943943068165,2.92278076460902,19.0
226,CDS-BPDzhe,ACH-000316,MC-000316-sylV,Yes,Yes,2.05,0.0874343745485852,0.0,0.131417909148872,1.94784668173965,7.0
227,CDS-BXIBwR,ACH-002703,MC-002703-bKS3,Yes,Yes,2.7,,,,,
228,CDS-BXiC1W,ACH-000345,MC-000345-oSi2,Yes,Yes,2.12,0.0454343693351891,0.0,0.0830444018404657,2.17578072158214,3.0
229,CDS-Bfa0NJ,ACH-000634,MC-000634-KPL2,Yes,Yes,1.6,0.143151952563863,1.0,0.53136183901116,3.53773706131287,30.0
230,CDS-BgP7kt,ACH-000655,MC-000655-bdkQ,Yes,Yes,2.2,0.365246965787181,1.0,0.57430336876905,2.6472921363913,23.0
231,CDS-Bh1bER,ACH-000783,MC-000783-QiYu,Yes,Yes,1.41,0.180619117006439,1.0,0.519011239681794,3.93780195014801,17.0
232,CDS-BhWUs8,ACH-000152,MC-000152-1q87,Yes,Yes,2.04,0.219778302862911,1.0,0.79647881236846,4.02142190425893,25.0
233,CDS-Bm9D8M,ACH-000888,MC-000888-pj2R,Yes,Yes,1.64,0.121345263691564,1.0,0.61589644394754,3.47184766390608,22.0
234,CDS-BnfCrR,ACH-000769,MC-000769-HyNe,Yes,Yes,2.02,0.648428802785499,1.0,0.553587491316802,3.01830721871871,22.0
235,CDS-Br33bg,ACH-003186,MC-003186-77yh,Yes,Yes,2.14,,,,,
236,CDS-BtUuqV,ACH-002042,MC-002042-doLH,Yes,Yes,2.45,0.148739319258047,1.0,0.649015180834616,3.56659246277185,26.0
237,CDS-BtoWui,ACH-001132,MC-001132-Zu52,Yes,Yes,2.78,0.0229415454655866,1.0,0.24144111917591,4.26881120001289,10.0
238,CDS-BwSmbX,ACH-000012,MC-000012-7IbT,Yes,Yes,1.67,0.573863892047947,1.0,0.642095099045523,2.97585577798584,20.0
239,CDS-BxzVrh,ACH-002178,MC-002178-lzvo,Yes,Yes,2.98,,,,,
240,CDS-ByYgOk,ACH-001591,MC-001591-ivoz,Yes,Yes,2.47,0.204005365124053,1.0,0.636806727769434,3.44289327716722,27.0
241,CDS-C0BJ75,ACH-000325,MC-000325-SArX,Yes,Yes,3.5,0.0402840164638805,1.0,0.334927562101695,4.60632913304408,36.0
242,CDS-C3mD20,ACH-000746,MC-000746-HhfN,Yes,Yes,2.86,,,,,
243,CDS-C4sue5,ACH-001130,MC-001130-CgUH,Yes,Yes,3.07,0.117813092492862,0.0,0.156822134851494,2.2650779555862,5.0
244,CDS-C51but,ACH-000291,MC-000291-rMHv,Yes,Yes,1.9,,,,,
245,CDS-C60z63,ACH-002695,MC-002695-XVna,Yes,Yes,2.4,0.33780470650968,1.0,0.659637998183934,3.48381094869775,16.0
246,CDS-CDUMsE,ACH-000770,MC-000770-fBLS,Yes,Yes,40.89,0.0621005732836071,0.0,0.152164866906412,2.10869557541688,5.0
247,CDS-CHzxFb,ACH-000836,MC-000836-gosu,Yes,Yes,2.9,0.244556376490588,1.0,0.513250060328485,3.04852857619611,17.0
248,CDS-CR3bao,ACH-000959,MC-000959-FEPL,Yes,Yes,90.42,0.0386112158601431,0.0,0.0392161257600034,1.99174433442119,0.0
249,CDS-CU46c9,ACH-002025,MC-002025-AwXC,Yes,Yes,2.55,,,,,
250,CDS-CaBCeE,ACH-001318,MC-001318-etC9,Yes,Yes,3.5,0.322773141556739,1.0,0.500608789946611,2.74390360815942,19.0
251,CDS-CabnMH,ACH-002027,MC-002027-w4Gn,Yes,Yes,59.91,0.0589784617679525,0.0,0.0995235602979148,2.11291927523018,1.0
252,CDS-Cg5KGM,ACH-002927,MC-002927-K9as,Yes,Yes,2.22,0.0873402270711628,1.0,0.512140306816946,4.24749865438085,14.0
253,CDS-CgDZWp,ACH-000363,MC-000363-oOHD,Yes,Yes,2.39,0.157635322527253,0.0,0.241969838329709,2.11399081120769,9.0
254,CDS-CglBDh,ACH-000541,MC-000541-nrlm,Yes,Yes,2.45,0.211508192969814,1.0,0.70658033354207,4.89705591920457,24.0
255,CDS-Cj2ObY,ACH-001715,MC-001715-Jkow,Yes,Yes,3.47,0.472207883543376,1.0,0.593389688003268,3.81149234287648,30.0
256,CDS-CjUT0j,ACH-001656,MC-001656-cu8h,Yes,Yes,2.58,0.193296461764214,0.0,0.246191351409769,2.10088425933292,4.0
257,CDS-Cp4UnN,ACH-000915,MC-000915-mAea,Yes,Yes,1.87,0.150500964934979,1.0,0.629394642551863,3.69141813095315,22.0
258,CDS-CuOgxG,ACH-000270,MC-000270-7BX7,Yes,Yes,0.81,0.258983736893654,1.0,0.391872781808844,2.98648708484121,16.0
259,CDS-CxT7BB,ACH-003227,MC-003227-an45,Yes,Yes,1.99,0.325494161702407,1.0,0.563022449842025,4.96774419617933,32.0
260,CDS-CyZGey,ACH-000521,MC-000521-EQHC,Yes,Yes,1.3,0.434034020606731,1.0,0.821020984508191,3.93250400484167,25.0
261,CDS-CzV0Bn,ACH-000760,MC-000760-gvbr,Yes,Yes,2.23,,,,,
262,CDS-D4t0yb,ACH-000939,MC-000939-pxY0,Yes,Yes,74.85,,,,,
263,CDS-D9H2it,ACH-000834,MC-000834-rUcv,Yes,Yes,3.94,0.11804164938886,1.0,0.467295465013188,2.99096978272832,18.0
264,CDS-DBfO9x,ACH-002690,MC-002690-2vlv,Yes,Yes,2.23,0.422490992866309,1.0,0.622996383139343,2.88672344102662,27.0
265,CDS-DFiltE,ACH-003106,MC-003106-p5ta,Yes,Yes,3.06,0.0875410880773226,0.0,0.510941490223289,2.52422936571437,24.0
266,CDS-DGaQSQ,ACH-000365,MC-000365-TMgT,Yes,Yes,2.22,0.0636688461045357,0.0,0.266242570317815,2.18972516640639,10.0
267,CDS-DNoH0g,ACH-000030,MC-000030-gWWM,Yes,Yes,2.05,0.3613624713103,1.0,0.717464527293718,3.44942408389127,18.0
268,CDS-DPUlLt,ACH-001322,MC-001322-MG03,Yes,Yes,2.59,0.0959357158946376,0.0,0.151940546386504,2.24607216316297,4.0
269,CDS-DTi6bQ,ACH-001059,MC-001059-r5m0,Yes,Yes,2.11,0.00292652438733853,0.0,0.0300173299845324,2.0227511928191,1.0
270,CDS-DVESNF,ACH-000227,MC-000227-M3Oi,Yes,Yes,1.76,0.0513343147619715,0.0,0.0819608033088102,2.0236348445459,3.0
271,CDS-DdYPGM,ACH-001736,MC-001736-pJnl,Yes,Yes,1.79,0.0620847135191337,0.0,0.107766600220155,2.13976576264111,3.0
272,CDS-Dh3X0A,ACH-002538,MC-002538-BzRj,Yes,Yes,3.13,0.401225103943322,1.0,0.656958440842798,2.92055839252591,24.0
273,CDS-DjwMhs,ACH-000725,MC-000725-fXxs,Yes,Yes,1.08,0.391077672840939,1.0,0.815340537727255,3.52826049688377,35.0
274,CDS-Dnb162,ACH-002401,MC-002401-V4Ih,Yes,Yes,1.97,0.255173055582956,1.0,0.619135419395052,2.99451982669895,22.0
275,CDS-DqWCq7,ACH-002024,MC-002024-AOt6,Yes,Yes,3.13,0.582816780594467,1.0,0.592448117169075,2.92889383151646,26.0
276,CDS-DxmF0T,ACH-000572,MC-000572-ugKw,Yes,Yes,1.08,0.288254107076427,1.0,0.683954235445734,3.53641944430967,27.0
277,CDS-DyMBvv,ACH-003410,MC-003410-erdf,Yes,Yes,2.0,0.00984468264368526,1.0,0.299590225543003,3.02010004150735,13.0
278,CDS-Dzf5bu,ACH-000484,MC-000484-3iBo,Yes,Yes,2.31,0.128348246325043,0.0,0.403695719812176,2.18832474277944,14.0
279,CDS-E09FtD,ACH-002044,MC-002044-OqIP,Yes,Yes,2.74,0.370623667651932,1.0,0.565024244893935,2.81559956551202,22.0
280,CDS-E8RV6z,ACH-003296,MC-003296-uhyt,Yes,Yes,2.6,,,,,
281,CDS-EBstpj,ACH-000661,MC-000661-bVjm,Yes,Yes,2.22,0.410583461618809,1.0,0.624835907909538,2.61256493545536,28.0
282,CDS-EExQ6n,ACH-000048,MC-000048-ByXu,Yes,Yes,1.94,0.524499176852434,1.0,0.551159334679052,4.14648933908151,30.0
283,CDS-EHvGog,ACH-000188,MC-000188-qvBM,Yes,Yes,0.98,0.302196389272512,1.0,0.566032690729866,3.9882264492482,18.0
284,CDS-EQFitY,ACH-000929,MC-000929-dOQ9,Yes,Yes,3.61,0.294543262871988,1.0,0.717579491786181,3.37025188222912,22.0
285,CDS-EYFsSj,ACH-000128,MC-000128-Wk2O,Yes,Yes,2.15,0.123443776426177,1.0,0.713856255128808,4.34301883775382,19.0
286,CDS-Efktce,ACH-000406,MC-000406-va7T,Yes,Yes,2.25,0.256285130144164,1.0,0.667887222550873,2.76459129729619,20.0
287,CDS-EgHm0W,ACH-001675,MC-001675-IXck,Yes,Yes,1.83,,,,,
288,CDS-EjK5UL,ACH-002790,MC-002790-DW9J,Yes,Yes,2.75,0.00843123716608113,0.0,0.0129294136916681,2.11218423180187,0.0
289,CDS-Ek10C8,ACH-001295,MC-001295-8ebG,Yes,Yes,1.91,0.0942938397266632,0.0,0.218490904908601,2.2516939995515,6.0
290,CDS-ElXz8q,ACH-002710,MC-002710-s7hG,Yes,Yes,2.22,0.171626780337529,1.0,0.497323954266456,3.17345691880431,19.0
291,CDS-EnKWpV,ACH-000621,MC-000621-jers,Yes,Yes,3.66,,,,,
292,CDS-EpJ8sU,ACH-000961,MC-000961-IqS8,Yes,Yes,87.3,,,,,
293,CDS-EtXsqC,ACH-000588,MC-000588-mIbO,Yes,Yes,2.88,0.223775611374857,1.0,0.66940261635889,3.58294485385701,24.0
294,CDS-F6LKlj,ACH-001817,MC-001817-TstU,Yes,Yes,2.23,0.0,0.0,0.000368474820552765,2.00114495628781,0.0
295,CDS-FHkJAp,ACH-001986,MC-001986-OUuR,Yes,Yes,1.74,0.0823608285787586,1.0,0.474790412285073,3.36935794158602,18.0
296,CDS-FOA059,ACH-002529,MC-002529-DNem,Yes,Yes,2.77,,,,,
297,CDS-FRVLOG,ACH-000680,MC-000680-f7dS,Yes,Yes,2.06,0.229445996131881,1.0,0.71621326933835,3.09800508071057,22.0
298,CDS-FZGNCP,ACH-000286,MC-000286-7xxs,Yes,Yes,2.42,0.414810757192312,1.0,0.577819836418691,2.96673946680448,21.0
299,CDS-FbQkW1,ACH-001662,MC-001662-jY7P,Yes,Yes,3.63,0.586990509206962,1.0,0.67753037399723,3.06586857261469,24.0
300,CDS-FfS0KQ,ACH-002780,MC-002780-ddZi,Yes,Yes,2.78,0.153070869198109,0.0,0.522117105957436,2.54895772814296,27.0
301,CDS-FgMzFI,ACH-000736,MC-000736-P80P,Yes,Yes,3.15,0.223585308546303,0.0,0.371729083398269,2.1613447971033,10.0
302,CDS-FjUD03,ACH-000108,MC-000108-dHhM,Yes,Yes,2.83,,,,,
303,CDS-Fp6TBG,ACH-002539,MC-002539-pFSt,Yes,Yes,2.91,0.128742751849847,1.0,0.458800508360745,3.50235612076837,28.0
304,CDS-FqgxoW,ACH-000805,MC-000805-uUAU,Yes,Yes,2.07,0.0563416986926407,1.0,0.393293136238369,4.38353835503079,13.0
305,CDS-Fue955,ACH-002463,MC-002463-lGXh,Yes,Yes,2.02,0.00946003041908022,0.0,0.0514899488794708,2.14610124513113,1.0
306,CDS-FvjEbU,ACH-000838,MC-000838-Zbla,Yes,Yes,3.48,,,,,
307,CDS-Fwi5xP,ACH-000166,MC-000166-YiKe,Yes,Yes,2.55,0.0382234476432423,0.0,0.226645072680991,2.18608557091475,11.0
308,CDS-FwnyU0,ACH-000589,MC-000589-DVAf,Yes,Yes,1.2,,,,,
309,CDS-FylkjA,ACH-001197,MC-001197-u3xl,Yes,Yes,2.45,0.0874746516157299,0.0,0.144275780386188,2.07482081954456,6.0
310,CDS-Fz6Xii,ACH-000273,MC-000273-nfhd,Yes,Yes,2.31,0.306547233814437,1.0,0.689766970413041,2.79691465032688,28.0
311,CDS-G0Lkdv,ACH-000865,MC-000865-Y9CO,Yes,Yes,1.51,0.372856058521221,1.0,0.648164718540721,2.58202584064542,25.0
312,CDS-G2BeKE,ACH-001433,MC-001433-0iYo,Yes,Yes,2.67,0.124275217084664,1.0,0.430283339843646,3.94593915340478,14.0
313,CDS-GHfbco,ACH-001711,MC-001711-Z0Qp,Yes,Yes,2.73,0.055518715952224,1.0,0.436267334268343,3.66478963258364,15.0
314,CDS-GIGm8J,ACH-002066,MC-002066-nmqF,Yes,Yes,2.76,,,,,
315,CDS-GL5YYy,ACH-000298,MC-000298-MmVL,Yes,Yes,1.03,0.252513875517411,1.0,0.686037636044031,4.51175439680163,23.0
316,CDS-GNlu1p,ACH-000421,MC-000421-WmSt,Yes,Yes,2.22,0.270290129780818,0.0,0.342442202118128,1.95868974271795,12.0
317,CDS-GRed6n,ACH-000046,MC-000046-M8UB,Yes,Yes,1.13,0.704867111046535,1.0,0.350522520531553,2.60998491850459,33.0
318,CDS-GXeyUw,ACH-000883,MC-000883-Soug,Yes,Yes,1.65,0.142216444793033,1.0,0.650077848414466,3.65897825877174,19.0
319,CDS-GdevCw,ACH-002290,MC-002290-GiKX,Yes,Yes,2.57,0.0937467895101428,0.0,0.172357719280457,2.16179552989392,2.0
320,CDS-GkjYKW,ACH-000397,MC-000397-V3gM,Yes,Yes,2.56,,,,,
321,CDS-GrDdnW,ACH-000155,MC-000155-zv6Z,Yes,Yes,1.67,0.236420394576461,1.0,0.617407634888876,2.81364937085616,20.0
322,CDS-GuTftx,ACH-000835,MC-000835-jJ80,Yes,Yes,1.98,0.175077042434005,1.0,0.47645831727187,2.98355543325566,17.0
323,CDS-GvmhZQ,ACH-000329,MC-000329-gbtH,Yes,Yes,1.87,0.021483711399922,0.0,0.125826667863572,2.18935799448756,4.0
324,CDS-GyUbrj,ACH-001643,MC-001643-d26Y,Yes,Yes,2.66,,,,,
325,CDS-H06sEb,ACH-000940,MC-000940-41v2,Yes,Yes,84.89,,,,,
326,CDS-H2V8tq,ACH-000011,MC-000011-bxAg,Yes,Yes,2.21,0.271544428724678,1.0,0.652346921253422,2.76155660273048,18.0
327,CDS-H4XyQ1,ACH-002706,MC-002706-cF0q,Yes,Yes,2.76,,,,,
328,CDS-HCeVg9,ACH-002798,MC-002798-3htH,Yes,Yes,2.56,0.00968195562387373,0.0,0.0161459889834439,2.12154379043397,0.0
329,CDS-HHvGKE,ACH-000204,MC-000204-0Tyh,Yes,Yes,1.96,0.18550805214943,1.0,0.634844487332845,3.82442127688704,22.0
330,CDS-HKLya3,ACH-000732,MC-000732-pa69,Yes,Yes,2.28,0.132396133163975,0.0,0.277410109682943,2.06329343239231,9.0
331,CDS-HMO5wH,ACH-002794,MC-002794-62RZ,Yes,Yes,1.89,0.301753547450645,1.0,0.558088834951083,2.83176663736892,21.0
332,CDS-HTfTqy,ACH-000941,MC-000941-TQc0,Yes,Yes,53.07,0.103602512981125,1.0,0.475885524786207,3.83589283783557,17.0
333,CDS-HVcwAF,ACH-003119,MC-003119-0IBQ,Yes,Yes,2.32,0.247566591666879,1.0,0.705649671253173,3.21444856292455,26.0
334,CDS-HYp2BU,ACH-000481,MC-000481-45N2,Yes,Yes,1.21,,,,,
335,CDS-Hemdvc,ACH-000976,MC-000976-uaCl,Yes,Yes,2.81,0.214921093588035,1.0,0.601101223104736,3.24034805978592,20.0
336,CDS-HfMk7t,ACH-001303,MC-001303-7eBW,Yes,Yes,2.18,0.0229683266403135,0.0,0.20608763194412,2.25002607224826,6.0
337,CDS-HmSYmc,ACH-000488,MC-000488-sREU,Yes,Yes,1.26,0.416496456718515,1.0,0.714989225358233,2.89863452536941,22.0
338,CDS-HnT5CE,ACH-000724,MC-000724-d2il,Yes,Yes,1.53,0.222676515523662,1.0,0.820760992530955,4.60143408764546,34.0
339,CDS-Hna4Ku,ACH-001306,MC-001306-fIUy,Yes,Yes,2.1,0.0789491258924427,1.0,0.701779842205298,4.33817394612557,22.0
340,CDS-HoA5rp,ACH-001227,MC-001227-0xJu,Yes,Yes,2.22,0.233556274730672,1.0,0.688049548888672,3.45428225243432,24.0
341,CDS-I3Tkbo,ACH-002662,MC-002662-0u5H,Yes,Yes,2.52,0.237352594807632,1.0,0.573394165742294,3.67215578865608,25.0
342,CDS-I3V61m,ACH-000635,MC-000635-yEVa,Yes,Yes,2.2,0.493798045822501,1.0,0.684883491003987,3.59650252174603,29.0
343,CDS-I5voud,ACH-002465,MC-002465-1j4t,Yes,Yes,2.03,,,,,
344,CDS-I74p82,ACH-000272,MC-000272-qQOa,Yes,Yes,1.71,0.13006631657521,1.0,0.31722198844782,3.80456967389063,9.0
345,CDS-IFlU2c,ACH-000360,MC-000360-cPex,Yes,Yes,1.72,0.117063680229747,1.0,0.742750017129432,4.74844163263464,31.0
346,CDS-IGmcAG,ACH-000391,MC-000391-CEkf,Yes,Yes,1.9,,,,,
347,CDS-IKEsMQ,ACH-001571,MC-001571-zLd4,Yes,Yes,2.58,,,,,
348,CDS-IKutdC,ACH-000201,MC-000201-rUIL,Yes,Yes,1.6,,,,,
349,CDS-Iago9A,ACH-000968,MC-000968-vZgr,Yes,Yes,2.0,0.151529142530366,1.0,0.535725286438869,3.75327704308101,20.0
350,CDS-IbdVNK,ACH-000374,MC-000374-mhth,Yes,Yes,2.78,0.518920527616468,1.0,0.803918686356341,3.96420199693856,29.0
351,CDS-Ibpoxh,ACH-000914,MC-000914-GsyT,Yes,Yes,54.51,0.0736592868224331,0.0,0.105701678944294,1.96811426948103,2.0
352,CDS-IrTwrq,ACH-000889,MC-000889-DCaw,Yes,Yes,3.33,,,,,
353,CDS-IxmQ7c,ACH-000104,MC-000104-UvFa,Yes,Yes,2.13,0.0532517776635668,0.0,0.0586229537808187,2.06667600348288,1.0
354,CDS-J5T3hy,ACH-001848,MC-001848-gqGK,Yes,Yes,2.19,0.373657775568661,1.0,0.649088340424594,3.32180114288112,19.0
355,CDS-J8gzTG,ACH-000080,MC-000080-flxZ,Yes,Yes,2.13,8.82249158094935e-05,0.0,0.00103066550755286,2.00102274029733,0.0
356,CDS-JA23Jh,ACH-001618,MC-001618-oYEK,Yes,Yes,2.05,0.075735661422011,0.0,0.297226477878282,2.35714439019927,12.0
357,CDS-JKjBa9,ACH-000322,MC-000322-Mao8,Yes,Yes,1.48,,,,,
358,CDS-JO3DcF,ACH-001699,MC-001699-TiNC,Yes,Yes,2.3,0.241459159790784,1.0,0.610708187709516,3.59996414738959,26.0
359,CDS-JR5C6W,ACH-000874,MC-000874-efl6,Yes,Yes,24.26,0.0395293281996886,0.0,0.140089173494797,2.17487521112355,4.0
360,CDS-JV8da4,ACH-001334,MC-001334-Wwjp,Yes,Yes,2.01,0.196116429501846,0.0,0.270163207628219,2.05941816552366,8.0
361,CDS-JXPlqt,ACH-000187,MC-000187-uKDb,Yes,Yes,0.68,0.290710122174142,1.0,0.70144763467681,3.77932722953691,27.0
362,CDS-Ja6ZtT,ACH-000336,MC-000336-S5ga,Yes,Yes,2.82,0.074946135524701,0.0,0.21821297872321,2.31455025880452,5.0
363,CDS-Jix4jB,ACH-002711,MC-002711-FIAF,Yes,Yes,1.97,,,,,
364,CDS-JjYzID,ACH-001209,MC-001209-FezB,Yes,Yes,2.75,0.0454866939479962,0.0,0.102316931673058,2.12526459294349,4.0
365,CDS-JsZ9Nh,ACH-002524,MC-002524-ZbQT,Yes,Yes,2.49,0.394874764399814,1.0,0.713260623391758,3.47571419904486,28.0
366,CDS-JtBT1l,ACH-000599,MC-000599-SvzV,Yes,Yes,3.27,0.408522555939676,1.0,0.85349936309242,4.2981185197003,26.0
367,CDS-JuHcLI,ACH-000663,MC-000663-zOPU,Yes,Yes,2.43,0.120194367367798,1.0,0.688257758931734,4.60202908850226,24.0
368,CDS-JvvASP,ACH-000261,MC-000261-Fkq1,Yes,Yes,2.45,0.535133996943112,1.0,0.639585326746392,3.65323945868958,28.0
369,CDS-K5pHS4,ACH-000351,MC-000351-Rppu,Yes,Yes,2.0,0.232192153317523,1.0,0.460653736414477,3.38768687376087,20.0
370,CDS-K8IMoB,ACH-002067,MC-002067-S9Nv,Yes,Yes,2.83,0.210254743711839,1.0,0.696145550866066,3.02697550815499,23.0
371,CDS-K9VWSo,ACH-000697,MC-000697-tGVo,Yes,Yes,6.57,0.182990774204078,0.0,0.296554437581981,2.24926672717938,3.0
372,CDS-KA0Ncu,ACH-001642,MC-001642-TZNY,Yes,Yes,3.04,0.13982119148467,0.0,0.265755712641435,2.17641227397993,7.0
373,CDS-KADcAo,ACH-000426,MC-000426-vT1j,Yes,Yes,2.47,0.182137880767687,1.0,0.302760801053863,4.02377881117373,8.0
374,CDS-KCB1BR,ACH-000947,MC-000947-2Nyc,Yes,Yes,81.33,,,,,
375,CDS-KCBycC,ACH-000973,MC-000973-F02J,Yes,Yes,36.22,0.230052195331282,0.0,0.551242855289964,2.51410745544699,26.0
376,CDS-KGCcq9,ACH-000092,MC-000092-ewoj,Yes,Yes,1.82,0.299091288951906,1.0,0.529197444037377,3.51267126379856,18.0
377,CDS-KMi4yT,ACH-000368,MC-000368-5EYR,Yes,Yes,2.76,0.0803591662307252,1.0,0.438727462695994,3.82362639628378,14.0
378,CDS-KMk88F,ACH-000499,MC-000499-2qqa,Yes,Yes,2.24,0.167283886050165,1.0,0.420547155644156,3.07619402729012,17.0
379,CDS-KNakJx,ACH-000881,MC-000881-H36w,Yes,Yes,1.46,0.206431906468429,0.0,0.422004465713123,2.29052190408628,10.0
380,CDS-KOUOYx,ACH-002665,MC-002665-HJdz,Yes,Yes,3.13,0.482038691329024,1.0,0.678890089791766,4.57301237120969,31.0
381,CDS-KPxtB8,ACH-000160,MC-000160-11p8,Yes,Yes,1.88,0.0403077891816924,0.0,0.0888465638298098,2.13120600386515,2.0
382,CDS-KVf102,ACH-000318,MC-000318-Ha9q,Yes,Yes,2.41,0.420029883039087,1.0,0.721196293709354,4.33379538010792,35.0
383,CDS-KWhXWT,ACH-001528,MC-001528-qmGv,Yes,Yes,3.61,0.0625585827210812,0.0,0.116893945543372,2.0553950822305,1.0
384,CDS-KbjuqQ,ACH-003307,MC-003307-uijh,Yes,Yes,2.35,0.127217626698449,0.0,0.29342991733908,1.92335429094632,13.0
385,CDS-KdqdfH,ACH-000938,MC-000938-Syvo,Yes,Yes,62.99,0.0178921737259745,0.0,0.0183338124621044,1.99516070881451,0.0
386,CDS-Kjzzg3,ACH-000700,MC-000700-mndS,Yes,Yes,2.25,0.58050953796885,1.0,0.796398376849863,4.50363523955561,29.0
387,CDS-KlS9Xu,ACH-000523,MC-000523-eCl1,Yes,Yes,0.63,0.307747533129635,1.0,0.654942635898067,2.62109268456863,23.0
388,CDS-KnVwJE,ACH-001183,MC-001183-ZbQP,Yes,Yes,2.39,0.129334206380234,0.0,0.330119577801104,2.20343893240027,11.0
389,CDS-KoNTMz,ACH-000120,MC-000120-SeIV,Yes,Yes,0.96,,,,,
390,CDS-Kr3gYh,ACH-000574,MC-000574-NENH,Yes,Yes,4.95,0.324193898763247,1.0,0.647895368902338,3.18830167983878,22.0
391,CDS-L2WS8G,ACH-000906,MC-000906-1Vg7,Yes,Yes,1.4,,,,,
392,CDS-L2iGoU,ACH-000671,MC-000671-Nxcr,Yes,Yes,3.15,0.0557587317369645,1.0,0.778067010914632,4.41229147516169,27.0
393,CDS-L7IrrK,ACH-000431,MC-000431-ATIc,Yes,Yes,1.3,,,,,
394,CDS-L9L84s,ACH-003184,MC-003184-xxvb,Yes,Yes,2.1,0.212789945355287,1.0,0.737314849787397,3.89798356740941,24.0
395,CDS-L9RvOb,ACH-001461,MC-001461-ucEw,Yes,Yes,2.65,0.124830989686876,0.0,0.570185343928554,2.55724680557433,26.0
396,CDS-LCS9Wk,ACH-000978,MC-000978-Wsx1,Yes,Yes,70.08,0.0305370776997357,1.0,0.230615608646659,4.05333827518796,7.0
397,CDS-LD0TO1,ACH-000622,MC-000622-BOnI,Yes,Yes,2.23,0.201818079698516,1.0,0.803352345857236,3.95200176962563,23.0
398,CDS-LDM41S,ACH-002659,MC-002659-6thC,Yes,Yes,2.39,0.395289195884449,1.0,0.700767145275651,2.9039158705797,22.0
399,CDS-LJGHlm,ACH-000752,MC-000752-RdcJ,Yes,Yes,1.01,0.30578142965609,1.0,0.723075612924539,4.82894334105708,36.0
400,CDS-LNhxWD,ACH-000785,MC-000785-IXI3,Yes,Yes,2.46,,,,,
401,CDS-LPdFGE,ACH-000903,MC-000903-EHaY,Yes,Yes,10.48,0.541746350069047,1.0,0.518944323924517,4.28803833485319,17.0
402,CDS-LSMoRA,ACH-002846,MC-002846-5XhT,Yes,Yes,2.37,,,,,
403,CDS-LYjeNY,ACH-001992,MC-001992-G2Zg,Yes,Yes,2.24,0.40116286704826,1.0,0.709993942506636,2.88403372559938,26.0
404,CDS-LdQ0bu,ACH-000777,MC-000777-ezmQ,Yes,Yes,1.49,0.5189468836792,1.0,0.733042001476629,3.45905241917837,18.0
405,CDS-LhtqUP,ACH-001128,MC-001128-V4hU,Yes,Yes,1.66,0.0259319241079364,0.0,0.0315659707263022,2.117887821408,0.0
406,CDS-Lkk6Xx,ACH-002433,MC-002433-iccX,Yes,Yes,2.12,0.388358960640682,1.0,0.684918847306143,2.89296000172594,24.0
407,CDS-LmXLXl,ACH-002664,MC-002664-cIbD,Yes,Yes,2.49,0.222918797657677,1.0,0.800528476669267,4.37057301032722,33.0
408,CDS-LmzpAA,ACH-000466,MC-000466-hcLR,Yes,Yes,3.53,0.524576409550995,1.0,0.768417362764629,4.24563223111772,27.0
409,CDS-LtVzqD,ACH-000304,MC-000304-yRLH,Yes,Yes,2.24,0.181544413276791,0.0,0.276740324377258,2.16715269689019,6.0
410,CDS-LvlS3j,ACH-001670,MC-001670-lwac,Yes,Yes,2.7,0.461862765908889,1.0,0.573834912470049,4.50879314148943,31.0
411,CDS-Lw91ng,ACH-000093,MC-000093-IB96,Yes,Yes,2.01,,,,,
412,CDS-LxdwHI,ACH-000424,MC-000424-VRxU,Yes,Yes,1.6,0.0706111855477245,1.0,0.568944206262353,3.61511939869811,23.0
413,CDS-Lzqd01,ACH-000405,MC-000405-OrjD,Yes,Yes,2.26,0.099529562154549,0.0,0.165372853769726,2.0033208486346,5.0
414,CDS-M1FWuz,ACH-001641,MC-001641-0Q0R,Yes,Yes,2.37,0.269218100650532,1.0,0.724674729977853,3.55529135624039,28.0
415,CDS-M6NrJz,ACH-001996,MC-001996-wWA6,Yes,Yes,2.12,0.261554086987926,1.0,0.733167245795876,4.18261594650404,27.0
416,CDS-M9N8wj,ACH-002075,MC-002075-FnYc,Yes,Yes,2.39,0.0727978920016479,1.0,0.564514586102378,3.89574314627206,27.0
417,CDS-M9kJ4N,ACH-001001,MC-001001-SLVN,Yes,Yes,2.58,0.350081162226239,1.0,0.76506036266688,3.93516937025619,26.0
418,CDS-MA6vzk,ACH-000628,MC-000628-etnt,Yes,Yes,1.24,0.28688157642176,1.0,0.697111861491052,3.57871228211566,29.0
419,CDS-MBymr2,ACH-000237,MC-000237-Fv8V,Yes,Yes,2.34,,,,,
420,CDS-MERepm,ACH-001200,MC-001200-sM9G,Yes,Yes,2.81,0.00913273488152081,1.0,0.503765359380924,4.07117794495344,17.0
421,CDS-MEiTNu,ACH-000527,MC-000527-f2HC,Yes,Yes,2.42,0.123962630325874,1.0,0.674705151415101,4.02771197507301,24.0
422,CDS-MF5F4F,ACH-000853,MC-000853-HHcY,Yes,Yes,0.8,0.343995013012498,1.0,0.79010812184536,4.41323673856209,27.0
423,CDS-MJ7jbg,ACH-000206,MC-000206-Jmpg,Yes,Yes,2.04,0.00258562125502728,0.0,0.124187484333629,2.12297484904552,4.0
424,CDS-MJUJwz,ACH-000437,MC-000437-PETQ,Yes,Yes,2.11,0.144189983653972,1.0,0.651910776504008,3.68518377625126,29.0
425,CDS-MLZTqC,ACH-001421,MC-001421-pJpX,Yes,Yes,1.85,0.0936323040293804,0.0,0.305381133679798,2.3418770979789,9.0
426,CDS-MPpzJE,ACH-001608,MC-001608-UOYC,Yes,Yes,2.94,0.433635067764742,1.0,0.776498448847404,2.75481625857412,24.0
427,CDS-MTYEh3,ACH-000847,MC-000847-1a8G,Yes,Yes,3.94,,,,,
428,CDS-MWRJi1,ACH-000401,MC-000401-PCm2,Yes,Yes,3.15,0.45637568031547,1.0,0.63531234279591,2.92255013902124,23.0
429,CDS-MX2Nub,ACH-001623,MC-001623-0Tfd,Yes,Yes,2.07,,,,,
430,CDS-MX9nKb,ACH-000172,MC-000172-XmiC,Yes,Yes,2.19,0.00135413540787852,0.0,0.0740185890155309,2.07720552194465,2.0
431,CDS-MYylLQ,ACH-003120,MC-003120-A7bm,Yes,Yes,2.0,0.52762085645099,1.0,0.643164986983659,3.95641409583465,37.0
432,CDS-MaAEaa,ACH-000524,MC-000524-7y8Z,Yes,Yes,2.39,0.214298109895611,1.0,0.746035618803448,4.18321669481808,29.0
433,CDS-May1nq,ACH-001301,MC-001301-S2FT,Yes,Yes,1.8,0.0277074928176218,0.0,0.0887791088353599,2.22533800175425,2.0
434,CDS-McRQmM,ACH-000706,MC-000706-d8dm,Yes,Yes,2.4,0.248747279350177,1.0,0.583360782791291,2.8919672927982,19.0
435,CDS-Mcdv5p,ACH-000144,MC-000144-wKtf,Yes,Yes,1.45,0.359453602877125,1.0,0.635179963720267,2.88886965113914,22.0
436,CDS-Mi9yAY,ACH-001053,MC-001053-r8ll,Yes,Yes,2.33,0.0835830769579113,1.0,0.59164012138478,3.76978087464172,19.0
437,CDS-Mrz5Sj,ACH-000385,MC-000385-ReBQ,Yes,Yes,1.97,0.31702518865335,1.0,0.638300333350653,3.67286199102168,25.0
438,CDS-Mw0MtS,ACH-002020,MC-002020-ZmHZ,Yes,Yes,2.69,0.179004919968263,0.0,0.272129654327155,2.09078242470777,7.0
439,CDS-Mxb6kx,ACH-000927,MC-000927-wG2c,Yes,Yes,1.78,0.194529646688603,1.0,0.768644828517897,4.46226403486185,28.0
440,CDS-N3t2JB,ACH-000283,MC-000283-v96S,Yes,Yes,2.56,,,,,
441,CDS-N7cVn2,ACH-001190,MC-001190-C7Mc,Yes,Yes,26.58,,,,,
442,CDS-NCGpgY,ACH-000956,MC-000956-WA5g,Yes,Yes,83.39,,,,,
443,CDS-NDaM5V,ACH-000790,MC-000790-zhzx,Yes,Yes,0.94,,,,,
444,CDS-NHi4WM,ACH-003103,MC-003103-SdQ4,Yes,Yes,2.36,0.0617762107930783,0.0,0.112481604793776,2.05460071204095,2.0
445,CDS-NJgBZQ,ACH-000183,MC-000183-k64I,Yes,Yes,2.26,0.146706666328338,1.0,0.621558085395497,4.12841685887285,21.0
446,CDS-NLKrJU,ACH-000290,MC-000290-aDAR,Yes,Yes,1.25,0.162864098330994,1.0,0.416517592038785,4.15808987762242,11.0
447,CDS-NMp6b2,ACH-000025,MC-000025-jryP,Yes,Yes,2.59,,,,,
448,CDS-NMp9OW,ACH-002508,MC-002508-1EaB,Yes,Yes,2.1,0.312634466174716,1.0,0.762846934114616,4.51687559431021,34.0
449,CDS-NVoehY,ACH-000766,MC-000766-RtCU,Yes,Yes,3.56,0.378159482647637,1.0,0.685072766055328,2.4563214383084,16.0
450,CDS-NbGq6q,ACH-000643,MC-000643-Lgxt,Yes,Yes,2.11,0.560725715260647,1.0,0.599554788234247,2.75479578782082,24.0
451,CDS-NcytGl,ACH-002061,MC-002061-Ox3b,Yes,Yes,2.71,,,,,
452,CDS-NjbOrP,ACH-000898,MC-000898-mg3e,Yes,Yes,2.99,0.133516395478256,0.0,0.372342494264311,2.30273791270726,11.0
453,CDS-NlPXnG,ACH-001143,MC-001143-FiMN,Yes,Yes,2.6,,,,,
454,CDS-NpZGr6,ACH-000801,MC-000801-OlRe,Yes,Yes,2.33,0.0293454300960689,1.0,0.482837924776886,3.13935530037851,19.0
455,CDS-NpbLU7,ACH-000855,MC-000855-emdy,Yes,Yes,2.19,0.0681160904116,1.0,0.447009305764325,3.58717686188799,33.0
456,CDS-NtTy7F,ACH-000819,MC-000819-hAT2,Yes,Yes,2.18,0.441767759368671,1.0,0.739296243210054,2.62912176892289,22.0
457,CDS-Nthxd0,ACH-002795,MC-002795-z3lI,Yes,Yes,2.23,0.0220628044114377,0.0,0.0294735701104378,2.2400170841631,0.0
458,CDS-NyspCT,ACH-000238,MC-000238-YgfN,Yes,Yes,0.8,0.25783317306348,1.0,0.624185921419461,4.35193562495092,19.0
459,CDS-O5MoVK,ACH-002653,MC-002653-s1pp,Yes,Yes,2.12,,,,,
460,CDS-O6LCm5,ACH-000508,MC-000508-Bwd0,Yes,Yes,1.26,0.230228028388998,1.0,0.654296818996722,3.67212870044745,25.0
461,CDS-OAVcm2,ACH-001745,MC-001745-QZV4,Yes,Yes,2.23,0.00348134651171343,1.0,0.57453534766774,3.70787747918605,21.0
462,CDS-ODzhDx,ACH-000243,MC-000243-pHKG,Yes,Yes,1.98,,,,,
463,CDS-OKXyV1,ACH-000416,MC-000416-AVQ6,Yes,Yes,0.83,0.64559369635295,1.0,0.484595898299784,2.56305112093607,30.0
464,CDS-OKytFI,ACH-000382,MC-000382-13CK,Yes,Yes,1.05,,,,,
465,CDS-OM26MY,ACH-001671,MC-001671-8E16,Yes,Yes,1.82,0.173553116958529,1.0,0.624095754683531,2.90430717708595,21.0
466,CDS-OQITe6,ACH-001046,MC-001046-dQN0,Yes,Yes,1.98,0.00769328289704369,1.0,0.0977981716067404,4.11988036949617,2.0
467,CDS-ORlnNS,ACH-002926,MC-002926-BDYS,Yes,Yes,2.16,0.160648416676509,1.0,0.458058013688234,3.25942607325801,17.0
468,CDS-ObU6vJ,ACH-000377,MC-000377-7WCX,Yes,Yes,2.28,0.234643850066555,1.0,0.514571837836292,3.07693933459869,22.0
469,CDS-OczPoA,ACH-001029,MC-001029-lvBN,Yes,Yes,2.01,0.683826793358155,1.0,0.317996048113419,2.41118431568535,11.0
470,CDS-OwaaRe,ACH-001019,MC-001019-R1ev,Yes,Yes,1.98,,,,,
471,CDS-Ozbqsy,ACH-000921,MC-000921-P628,Yes,Yes,3.65,0.366593838669259,1.0,0.631105693607023,3.58875552840293,34.0
472,CDS-P44nQ6,ACH-000395,MC-000395-b1SS,Yes,Yes,1.88,0.441232814578081,1.0,0.659515032172509,2.9780896748818,25.0
473,CDS-P5aPeh,ACH-002792,MC-002792-NdWX,Yes,Yes,2.31,,,,,
474,CDS-P86h2j,ACH-001695,MC-001695-fBP2,Yes,Yes,2.11,0.275847838862167,1.0,0.741925909481503,3.75165238456973,26.0
475,CDS-PJVmmZ,ACH-001985,MC-001985-mJzv,Yes,Yes,2.37,0.09173433933885,1.0,0.623398149135452,3.85139718424784,23.0
476,CDS-PNruD6,ACH-001668,MC-001668-M8yU,Yes,Yes,2.27,0.210743738778158,0.0,0.465311447837075,2.31531407351201,9.0
477,CDS-PQ5SCv,ACH-001362,MC-001362-jf56,Yes,Yes,2.12,0.271924403456647,1.0,0.696162898213538,3.00885552987594,22.0
478,CDS-PRm29O,ACH-001436,MC-001436-7CDG,No,No,2.11,0.438239011887149,1.0,0.696592888366912,2.62551353378756,28.0
479,CDS-PXfMAV,ACH-001685,MC-001685-vgiS,Yes,Yes,2.52,0.240466113242168,0.0,0.41287851969012,2.15997252828612,9.0
480,CDS-PYIRy9,ACH-003100,MC-003100-8gmH,Yes,Yes,2.74,0.191883553988306,0.0,0.351171742490757,2.24557839351507,9.0
481,CDS-PcSk1k,ACH-001975,MC-001975-qLcp,Yes,Yes,2.13,0.290355087195395,0.0,0.414966736287186,1.92409233939501,10.0
482,CDS-PfQJHU,ACH-000347,MC-000347-EPBq,Yes,Yes,2.11,0.286304705208632,1.0,0.788218499319647,4.28231252824323,26.0
483,CDS-PfyA4W,ACH-000738,MC-000738-dE9F,Yes,Yes,2.44,0.288514876260272,1.0,0.809238518609681,4.37243213661937,24.0
484,CDS-PmPgU5,ACH-000696,MC-000696-I5h5,Yes,Yes,1.86,0.525485388810902,1.0,0.699655361513224,2.78675404205179,25.0
485,CDS-PouJvc,ACH-000773,MC-000773-FFsq,Yes,Yes,3.35,0.0754005040226055,1.0,0.648849643800166,3.7873919443369,21.0
486,CDS-PxBI5X,ACH-000496,MC-000496-10Gs,Yes,Yes,1.79,,,,,
487,CDS-Q35ZbB,ACH-000007,MC-000007-SSIv,Yes,Yes,3.36,,,,,
488,CDS-Q3UV0B,ACH-002648,MC-002648-PEzm,Yes,Yes,2.04,0.302156601644902,1.0,0.771413447244225,4.33783782606806,25.0
489,CDS-Q5afV3,ACH-000965,MC-000965-naxM,Yes,Yes,79.5,,,,,
490,CDS-Q8aHBq,ACH-000639,MC-000639-ITlY,Yes,Yes,1.13,0.458449799555437,0.0,0.603999244133089,2.01162107453952,13.0
491,CDS-QCLQ33,ACH-002994,MC-002994-0uzF,Yes,Yes,2.83,0.0200016588496805,0.0,0.0348613792914577,2.09818947289987,0.0
492,CDS-QDUzjw,ACH-001700,MC-001700-JTY9,Yes,Yes,2.38,0.309710300447364,1.0,0.549766733315023,3.5014622658242,35.0
493,CDS-QGQBle,ACH-001669,MC-001669-PygV,No,No,66.32,0.06129060013965,0.0,0.215483100303338,2.1452305577733,6.0
494,CDS-QM6I45,ACH-002017,MC-002017-jRLK,Yes,Yes,1.95,0.312979595561333,1.0,0.756527469572155,4.42150486958409,27.0
495,CDS-QOWBne,ACH-003121,MC-003121-PYY1,Yes,Yes,2.3,0.329358699479955,1.0,0.680276999212174,3.1379233668001,21.0
496,CDS-QYj8zG,ACH-000894,MC-000894-7WG1,Yes,Yes,1.98,0.295130536389421,1.0,0.766575602165175,4.18434419107451,29.0
497,CDS-QYvpfr,ACH-001489,MC-001489-vvbB,Yes,Yes,1.68,0.276740668296774,1.0,0.51389312940577,2.89691167104827,14.0
498,CDS-Qa1N4n,ACH-000803,MC-000803-P28d,Yes,Yes,0.66,0.268591023849542,1.0,0.601207775359444,3.35450031688539,21.0
499,CDS-QbXHBS,ACH-000701,MC-000701-0nb0,Yes,Yes,2.66,,,,,
500,CDS-Qc16hn,ACH-000277,MC-000277-Alx7,Yes,Yes,3.14,,,,,
501,CDS-QeieSj,ACH-001987,MC-001987-7Bdp,Yes,Yes,2.03,0.0946751693285426,0.0,0.263140708957039,2.1621445768863,8.0
502,CDS-QmEC23,ACH-000532,MC-000532-NN9r,Yes,Yes,2.58,0.243265668780575,1.0,0.640283234733494,2.95274439969056,24.0
503,CDS-Qqy4Sv,ACH-002526,MC-002526-gP5V,Yes,Yes,3.11,0.416984947898393,1.0,0.65130176765488,3.11706701667064,17.0
504,CDS-QuXcwn,ACH-002435,MC-002435-5hT4,Yes,Yes,2.22,,,,,
505,CDS-QurJUx,ACH-000846,MC-000846-2o0D,Yes,Yes,2.05,,,,,
506,CDS-R0w62a,ACH-000198,MC-000198-gRtm,Yes,Yes,1.69,,,,,
507,CDS-R2bFoC,ACH-000557,MC-000557-cEXn,Yes,Yes,3.33,0.0189474706229947,1.0,0.277229882676805,4.66908234931746,38.0
508,CDS-R2wJiU,ACH-001134,MC-001134-RK32,Yes,Yes,1.64,0.111522453082467,0.0,0.145848045464133,1.97714092158974,3.0
509,CDS-R99tiF,ACH-000009,MC-000009-l0XO,Yes,Yes,1.0,0.29194829187517,1.0,0.795145261704268,4.22696833913727,21.0
510,CDS-RDBHMv,ACH-002800,MC-002800-SZpV,No,No,2.7,0.363531216115135,1.0,0.704514911293942,3.78349032679187,25.0
511,CDS-RKfIfw,ACH-000168,MC-000168-L3Ll,Yes,Yes,1.92,,,,,
512,CDS-ROnrpg,ACH-000410,MC-000410-oWwG,Yes,Yes,1.79,,,,,
513,CDS-RUHFJP,ACH-000036,MC-000036-086s,Yes,Yes,2.08,0.259046187776716,1.0,0.455135451147208,2.95360595286797,14.0
514,CDS-RYSu7j,ACH-000123,MC-000123-f35B,Yes,Yes,2.32,0.0168026311704312,0.0,0.0247415059923816,2.28339304049803,0.0
515,CDS-RbFerQ,ACH-001737,MC-001737-6D5K,Yes,Yes,30.53,0.0145724329374411,0.0,0.0454673610158911,2.02629253761071,1.0
516,CDS-RbNuA7,ACH-002475,MC-002475-EBcN,Yes,Yes,2.76,0.827004583073026,1.0,0.063772225572696,3.45703982322567,0.0
517,CDS-Rd4nMx,ACH-000454,MC-000454-fbF7,Yes,Yes,1.24,0.425918629684374,1.0,0.782068154951062,4.08892878588884,31.0
518,CDS-RofmSF,ACH-000253,MC-000253-eQci,Yes,Yes,1.77,0.182055824934143,1.0,0.368770832403012,3.11533379429204,15.0
519,CDS-Rv7COB,ACH-000559,MC-000559-OXfk,Yes,Yes,0.81,0.187585931380907,1.0,0.526238919026357,3.27851362750506,20.0
520,CDS-Rv7VNJ,ACH-000576,MC-000576-XM9D,Yes,Yes,2.45,0.0654660361987391,0.0,0.174171867162398,2.07575495294193,6.0
521,CDS-S3ub8o,ACH-000800,MC-000800-vISL,Yes,Yes,0.97,0.270136480195544,1.0,0.660931570852334,3.35120883780738,21.0
522,CDS-S50eQm,ACH-000716,MC-000716-J43k,Yes,Yes,2.19,0.0696399133221726,1.0,0.470548655720741,3.30076279281485,20.0
523,CDS-S5f7ub,ACH-003284,MC-003284-1234,Yes,Yes,1.63,0.0097433228767408,0.0,0.013646035220767,2.11303629182381,0.0
524,CDS-S616AE,ACH-001021,MC-001021-DZ9T,Yes,Yes,2.09,0.113139265470534,0.0,0.357173457756699,2.29135121921027,11.0
525,CDS-S9mJyV,ACH-000393,MC-000393-lUgn,Yes,Yes,2.12,0.390413084847721,1.0,0.749007465373761,4.22529742915792,24.0
526,CDS-SBXAi1,ACH-001211,MC-001211-d2zD,Yes,Yes,2.28,0.0107700996249382,0.0,0.155641091520249,2.59980774616687,37.0
527,CDS-SFXiDc,ACH-001201,MC-001201-sBT2,Yes,Yes,2.49,0.00907454440829479,0.0,0.0669271914313988,2.11473069515491,4.0
528,CDS-SKfr5k,ACH-000641,MC-000641-2Ca9,Yes,Yes,2.67,0.0834042726310375,0.0,0.184606325726562,2.05721726734524,6.0
529,CDS-SLaJQG,ACH-001354,MC-001354-TZLe,Yes,Yes,1.92,,,,,
530,CDS-SPHuIC,ACH-000505,MC-000505-3edj,Yes,Yes,1.36,0.24685736312998,1.0,0.756388868129848,4.82431910426822,31.0
531,CDS-SPWRjx,ACH-000515,MC-000515-ooNl,Yes,Yes,0.95,0.317483383270112,1.0,0.572481864176622,2.79644037970819,21.0
532,CDS-STNxr3,ACH-001578,MC-001578-6Nny,Yes,Yes,2.75,0.319808956521254,1.0,0.70004554024417,2.69397107880864,25.0
533,CDS-STaOEU,ACH-001344,MC-001344-BEpV,Yes,Yes,2.18,,,,,
534,CDS-Sa0u0h,ACH-000782,MC-000782-Doeq,Yes,Yes,32.13,0.0401189740561987,0.0,0.0668944440628238,2.02388145884494,2.0
535,CDS-SboeUb,ACH-000021,MC-000021-UvGW,Yes,Yes,1.54,0.415289334501075,1.0,0.651155189687847,3.07133913225223,24.0
536,CDS-Sbqz0h,ACH-002215,MC-002215-dhwE,Yes,Yes,2.01,0.0842750226515509,0.0,0.235836306825851,2.34423882586817,7.0
537,CDS-SfQfi0,ACH-000649,MC-000649-Hb96,Yes,Yes,1.25,0.190043898285662,1.0,0.632470269685154,3.70766104515364,23.0
538,CDS-SjRCX1,ACH-001791,MC-001791-uBwq,Yes,Yes,2.06,0.0239144503688352,1.0,0.409214633534997,4.14326557795407,26.0
539,CDS-SkVndm,ACH-000734,MC-000734-gBsJ,Yes,Yes,2.29,0.170918998275285,1.0,0.723574592770275,4.64305220633502,27.0
540,CDS-SlKeIk,ACH-002478,MC-002478-H0Y9,Yes,Yes,2.24,0.0506658951529214,0.0,0.192445111936345,2.12425175462301,6.0
541,CDS-SsHR37,ACH-000148,MC-000148-Vaxi,Yes,Yes,1.7,0.291282727186959,1.0,0.738232736208912,4.22321259620723,29.0
542,CDS-Sx8ovm,ACH-002170,MC-002170-S8bp,Yes,Yes,2.4,0.476854450040763,1.0,0.711581644302086,4.33106496859385,24.0
543,CDS-T1IsxS,ACH-000389,MC-000389-NbLV,Yes,Yes,1.04,0.159508419539409,1.0,0.491383435527776,3.16230020691399,15.0
544,CDS-T1s2fl,ACH-000858,MC-000858-toxv,Yes,Yes,2.04,0.476523515831581,1.0,0.687392816987636,2.95652024760368,23.0
545,CDS-T6ovqD,ACH-000511,MC-000511-GHgo,Yes,Yes,0.83,0.235404626506354,1.0,0.435121787592602,2.98193164157726,20.0
546,CDS-TAcPE8,ACH-002936,MC-002936-EOFj,Yes,Yes,2.55,0.0543920561743564,1.0,0.261417090507471,3.94018001824647,7.0
547,CDS-TBwgbQ,ACH-000896,MC-000896-XqkQ,Yes,Yes,2.76,0.367017644796784,1.0,0.691681214448018,2.62706290376092,25.0
548,CDS-TFatel,ACH-001431,MC-001431-mm7s,Yes,Yes,1.92,0.0960048140581248,0.0,0.20672413761429,2.15429714105803,7.0
549,CDS-TGTiB8,ACH-000739,MC-000739-yQWD,Yes,Yes,1.14,,,,,
550,CDS-TH9aCF,ACH-000490,MC-000490-7cuv,Yes,Yes,2.44,0.427294770133471,1.0,0.694762077708249,2.54246663906966,26.0
551,CDS-TJsBgG,ACH-000666,MC-000666-6AtF,Yes,Yes,1.29,0.267724215352887,1.0,0.643682769495791,2.65851790314399,24.0
552,CDS-TNhkS1,ACH-000727,MC-000727-j7m4,Yes,Yes,0.73,0.513479542174144,1.0,0.632088767676889,4.6527801786701,37.0
553,CDS-TT1w0O,ACH-002499,MC-002499-dWxK,Yes,Yes,2.41,0.657152282538068,0.0,0.491600206864466,1.67283594295168,21.0
554,CDS-TTM9h0,ACH-000169,MC-000169-0day,Yes,Yes,2.32,0.338587798024677,1.0,0.603118716660019,2.36181400528101,11.0
555,CDS-TZXU4N,ACH-000994,MC-000994-NzaG,Yes,Yes,92.12,0.0477105593663021,1.0,0.431620289737701,4.38360083725452,12.0
556,CDS-TgpQ6A,ACH-000150,MC-000150-x7RT,Yes,Yes,2.04,0.366424303253117,1.0,0.777980926067958,4.50126388689631,33.0
557,CDS-ThWCuw,ACH-000320,MC-000320-j6jJ,Yes,Yes,2.84,0.373187432883148,1.0,0.618418559013056,2.96750464019004,20.0
558,CDS-Tkw72t,ACH-003125,MC-003125-sYQF,Yes,Yes,2.72,0.0572124170951782,0.0,0.0864493046820445,2.07598203420721,3.0
559,CDS-TqQ8QN,ACH-000652,MC-000652-huQ6,Yes,Yes,2.17,0.214746857230366,1.0,0.519583723447858,3.98357158873551,18.0
560,CDS-Tvxmrq,ACH-001279,MC-001279-kkMm,Yes,Yes,2.09,0.00979587505036303,0.0,0.0140650489918936,2.2829892342256,0.0
561,CDS-Tw82Cg,ACH-000330,MC-000330-Kt52,Yes,Yes,1.25,0.368523528677059,1.0,0.719849134448679,3.2264059066424,24.0
562,CDS-TzGJI4,ACH-000262,MC-000262-Ldf3,Yes,Yes,2.35,0.342318552634281,1.0,0.726576624631152,4.70817244668459,23.0
563,CDS-TzzXbi,ACH-002660,MC-002660-GpFz,Yes,Yes,2.76,0.148211416207803,1.0,0.736165520470026,3.97086383171932,25.0
564,CDS-U9IuQM,ACH-000087,MC-000087-VZnM,Yes,Yes,1.95,0.250528089303061,0.0,0.417246076304598,2.25681347599945,8.0
565,CDS-UKdlAK,ACH-001606,MC-001606-pW33,Yes,Yes,2.93,0.440338486306337,1.0,0.644099791085318,4.60641488688503,34.0
566,CDS-UOQxUS,ACH-000841,MC-000841-a8tt,Yes,Yes,2.82,0.384399376771268,1.0,0.753230225703773,3.16880905033581,26.0
567,CDS-UPvkML,ACH-000995,MC-000995-sJXn,Yes,Yes,80.95,0.0206480974833947,0.0,0.0246222677252543,1.99235383145625,0.0
568,CDS-UTp8wZ,ACH-000355,MC-000355-5WXb,Yes,Yes,1.02,0.366374418384411,1.0,0.686268538088803,2.93450252898922,19.0
569,CDS-UV5sWN,ACH-002023,MC-002023-a5ob,Yes,Yes,2.75,0.291906566634136,1.0,0.513904287845717,3.03490709662903,20.0
570,CDS-UZCKmL,ACH-000624,MC-000624-eeVv,Yes,Yes,4.45,0.601719919580079,1.0,0.60586339356947,2.48914631804015,14.0
571,CDS-Uk1KDP,ACH-002043,MC-002043-M15K,Yes,Yes,2.96,0.420796633743888,1.0,0.678849333344389,2.68033647913516,23.0
572,CDS-Uncl2e,ACH-000763,MC-000763-Lfpn,Yes,Yes,3.26,0.0936088618926251,0.0,0.214436360045111,2.05362891735566,4.0
573,CDS-Uvx1TL,ACH-000705,MC-000705-R5uy,Yes,Yes,1.8,,,,,
574,CDS-UycD6z,ACH-001422,MC-001422-2WUe,Yes,Yes,2.07,0.360851052405081,0.0,0.479558710226796,2.21341270390225,8.0
575,CDS-V2KlEn,ACH-000297,MC-000297-kYTw,Yes,Yes,1.19,0.285899536758726,1.0,0.646357603694899,3.2952282410185,22.0
576,CDS-VH59KV,ACH-000411,MC-000411-stVE,Yes,Yes,1.47,,,,,
577,CDS-VKO4ek,ACH-002010,MC-002010-5Gjh,Yes,Yes,47.7,0.147126334687474,1.0,0.646751541706046,3.99711260730873,26.0
578,CDS-VNhjtW,ACH-000015,MC-000015-qgxP,Yes,Yes,2.37,0.32645850100718,1.0,0.52429967473682,3.33897112831595,33.0
579,CDS-VVWDLi,ACH-001338,MC-001338-wh8o,Yes,Yes,1.75,,,,,
580,CDS-VWGxaG,ACH-002543,MC-002543-1Me7,Yes,Yes,2.36,0.0700782922307091,1.0,0.536993922853909,3.79635172554776,28.0
581,CDS-VXZrWq,ACH-000714,MC-000714-6Q0c,Yes,Yes,1.66,0.172990511459159,1.0,0.678328372853813,3.46990120624821,24.0
582,CDS-VYgHxl,ACH-000366,MC-000366-wgzn,Yes,Yes,2.24,,,,,
583,CDS-VcipvX,ACH-001980,MC-001980-s7Og,Yes,Yes,1.99,0.100214703139849,0.0,0.381756946034264,2.32516949646236,14.0
584,CDS-VjuI29,ACH-001435,MC-001435-1YlD,Yes,Yes,2.82,0.493833735470689,1.0,0.736142949062055,2.7328423371126,24.0
585,CDS-VmR4Rb,ACH-000917,MC-000917-xI63,Yes,Yes,3.44,0.403942741790919,1.0,0.727494335304793,2.8051758598876,30.0
586,CDS-VnMBYD,ACH-000164,MC-000164-DAfq,Yes,Yes,1.26,0.373202130669916,1.0,0.603195115434888,3.03222918847237,23.0
587,CDS-VomzuC,ACH-001302,MC-001302-Hq6B,Yes,Yes,1.51,0.0578192502981198,0.0,0.112171536219035,2.2596477397118,5.0
588,CDS-VqTgEG,ACH-000469,MC-000469-mQzu,Yes,Yes,2.21,0.11804573074435,1.0,0.632267820720465,4.88258365302498,24.0
589,CDS-W8Qvx2,ACH-000948,MC-000948-TWxM,Yes,Yes,91.58,,,,,
590,CDS-WJ9dLK,ACH-000114,MC-000114-XdzL,Yes,Yes,2.38,0.178879291438463,1.0,0.521772074010415,3.29325319134043,22.0
591,CDS-WJRyGb,ACH-001395,MC-001395-yQwP,Yes,Yes,2.31,,,,,
592,CDS-WNCUQA,ACH-000602,MC-000602-uVHZ,Yes,Yes,2.1,0.00666842829065916,0.0,0.0245178309879284,2.28346581785673,0.0
593,CDS-WO3Ncl,ACH-001735,MC-001735-LzxR,Yes,Yes,44.77,0.0422018491824485,0.0,0.103845561255571,2.02842282965846,3.0
594,CDS-WO7UMn,ACH-000440,MC-000440-o2P6,Yes,Yes,3.57,0.0515588192025769,0.0,0.165784079963647,2.43729757690679,5.0
595,CDS-WOzzTa,ACH-000587,MC-000587-Rius,Yes,Yes,2.19,0.176999635272882,1.0,0.794970773806508,4.32968337004622,26.0
596,CDS-WSPj2D,ACH-000407,MC-000407-MQcN,Yes,Yes,2.79,0.334429077816181,1.0,0.788257862741676,4.65011273784433,28.0
597,CDS-WWoQCT,ACH-003012,MC-003012-BOcy,Yes,Yes,1.87,0.265484152350779,1.0,0.548646072914489,2.81010984928107,18.0
598,CDS-WX7UKC,ACH-000222,MC-000222-kjMt,Yes,Yes,2.61,,,,,
599,CDS-WXSgfq,ACH-001989,MC-001989-udpF,Yes,Yes,1.73,0.16507160812903,1.0,0.732472116798671,4.15123915893131,22.0
600,CDS-WYT6fu,ACH-001151,MC-001151-dENl,Yes,Yes,2.11,0.339993519188715,1.0,0.716544282783898,2.74121517735411,27.0
601,CDS-WfgYVE,ACH-000528,MC-000528-BMri,Yes,Yes,1.84,,,,,
602,CDS-WgAbdT,ACH-001703,MC-001703-jAiM,Yes,Yes,2.74,,,,,
603,CDS-WhBUpf,ACH-001038,MC-001038-0vXG,Yes,Yes,1.98,0.712408943630667,1.0,0.303570881054553,2.61170519649834,39.0
604,CDS-Wi1ngb,ACH-003105,MC-003105-cFPR,Yes,Yes,1.89,0.114345691678569,1.0,0.646240872974455,3.5278713775254,18.0
605,CDS-WiJdsP,ACH-000932,MC-000932-i4UI,Yes,Yes,85.85,,,,,
606,CDS-Wmj8K7,ACH-001598,MC-001598-Ow7z,Yes,Yes,3.02,0.580548535323622,1.0,0.535948455655173,2.4506369824867,9.0
607,CDS-Wmm2y2,ACH-000607,MC-000607-tkjL,Yes,Yes,2.86,,,,,
608,CDS-WpPjMk,ACH-000141,MC-000141-aXn7,Yes,Yes,2.75,,,,,
609,CDS-Ws0R8F,ACH-000542,MC-000542-5nl4,Yes,Yes,2.47,0.105353784797255,1.0,0.603646277499938,4.95254218530497,23.0
610,CDS-Wtp1pp,ACH-000256,MC-000256-WG8w,Yes,Yes,2.11,0.174301465114296,1.0,0.735498384336862,3.94960813763096,29.0
611,CDS-WuXLPM,ACH-000740,MC-000740-PW6X,Yes,Yes,2.42,0.372332192069157,1.0,0.788447288796917,4.05787570312038,29.0
612,CDS-WzvQEZ,ACH-002077,MC-002077-P1VK,Yes,Yes,2.25,0.181853409078515,0.0,0.278250054031714,1.8993370507886,12.0
613,CDS-X5odVg,ACH-000487,MC-000487-b0zV,Yes,Yes,2.74,0.222431493265197,0.0,0.333286248696315,1.89617165920016,6.0
614,CDS-X7YJtK,ACH-001562,MC-001562-lvLb,Yes,Yes,1.85,0.138465840683823,0.0,0.346979901748053,2.22607283955206,10.0
615,CDS-XBgVc6,ACH-000045,MC-000045-lM0u,Yes,Yes,1.91,,,,,
616,CDS-XFY2zj,ACH-000312,MC-000312-oMfE,Yes,Yes,2.04,0.0601732013226666,1.0,0.338142056000654,4.16576009681605,14.0
617,CDS-XG7My9,ACH-002045,MC-002045-TfMB,Yes,Yes,3.26,0.356552515616087,1.0,0.660983609230351,2.81721019569833,24.0
618,CDS-XLdK0S,ACH-000260,MC-000260-8I0U,Yes,Yes,1.73,,,,,
619,CDS-XMJrqK,ACH-000350,MC-000350-K6lI,Yes,Yes,2.49,0.4458225632077,1.0,0.706625482501588,3.40132660196282,18.0
620,CDS-XVt7q2,ACH-000004,MC-000004-pA3k,Yes,Yes,1.86,0.349628573280408,1.0,0.484524849583663,2.88174638768316,20.0
621,CDS-XZvd3X,ACH-002050,MC-002050-POku,Yes,Yes,2.48,0.0105865861612946,0.0,0.0145570852431801,2.08208761019191,0.0
622,CDS-Xjlblh,ACH-002532,MC-002532-oQQy,Yes,Yes,2.78,,,,,
623,CDS-XmQA0x,ACH-000343,MC-000343-0SE9,Yes,Yes,1.04,,,,,
624,CDS-XmSYOM,ACH-002528,MC-002528-m6by,Yes,Yes,2.16,0.0905978028096389,0.0,0.201708091620238,2.01372775809518,6.0
625,CDS-XqfpkT,ACH-000272,MC-000272-qQOa,No,No,1.78,,,,,
626,CDS-XzrxVt,ACH-000657,MC-000657-vN70,Yes,Yes,17.36,,,,,
627,CDS-Y3pUfg,ACH-001674,MC-001674-vHBi,Yes,Yes,2.45,,,,,
628,CDS-Y60ys2,ACH-001649,MC-001649-aJin,Yes,Yes,2.35,,,,,
629,CDS-Y7zTUr,ACH-000648,MC-000648-3pbU,Yes,Yes,4.14,0.185639543154742,1.0,0.55506344718801,3.99232469114509,20.0
630,CDS-YBo5V2,ACH-000879,MC-000879-ZJNE,Yes,Yes,71.23,,,,,
631,CDS-YCKlHJ,ACH-000078,MC-000078-SV5j,Yes,Yes,2.11,0.0287521387337558,0.0,0.416159267700012,2.52233928294427,30.0
632,CDS-YCehGZ,ACH-001097,MC-001097-kxuV,Yes,Yes,2.98,0.204482455146286,0.0,0.359120808113819,2.21019991784129,7.0
633,CDS-YEfSvW,ACH-001060,MC-001060-vvTr,Yes,Yes,3.08,0.0648329837457692,1.0,0.536522188141193,4.06359422463176,20.0
634,CDS-YGYl2A,ACH-000645,MC-000645-YBVU,Yes,Yes,1.93,0.210462138891062,0.0,0.386427111575671,2.04602207174713,7.0
635,CDS-YLQJ19,ACH-002511,MC-002511-mxVh,Yes,Yes,2.19,0.0928742333727737,1.0,0.622306814178644,3.7304094007187,24.0
636,CDS-YOHMJr,ACH-001526,MC-001526-UhGC,Yes,Yes,3.22,,,,,
637,CDS-YPwSvi,ACH-000617,MC-000617-B40F,Yes,Yes,1.64,,,,,
638,CDS-YSRYLi,ACH-000928,MC-000928-voLu,Yes,Yes,74.82,,,,,
639,CDS-YWAhf6,ACH-002681,MC-002681-4WzP,Yes,Yes,1.71,0.165402689055575,1.0,0.525879361517919,2.85054789790822,19.0
640,CDS-YXaY73,ACH-002214,MC-002214-vqKT,Yes,Yes,2.38,,,,,
641,CDS-YYAuBX,ACH-000580,MC-000580-ymtS,Yes,Yes,2.27,0.092605418384294,0.0,0.21291181835464,2.1422335194223,6.0
642,CDS-Ye7lwJ,ACH-000548,MC-000548-fylx,Yes,Yes,3.02,0.259436297363733,1.0,0.718393035029376,2.98356729171054,25.0
643,CDS-Ygbl6F,ACH-002142,MC-002142-p0cj,Yes,Yes,2.55,0.185581800676357,1.0,0.505912472101704,3.77232283267188,19.0
644,CDS-Yh3V8J,ACH-002530,MC-002530-gsr7,Yes,Yes,2.74,0.258023715657645,1.0,0.77876902881213,4.28587687383503,33.0
645,CDS-Ylhqer,ACH-002055,MC-002055-I1ST,Yes,Yes,2.34,0.0401616605630612,0.0,0.136747156923726,2.07915414327414,4.0
646,CDS-YrdjNe,ACH-002806,MC-002806-K1rH,Yes,Yes,1.9,0.10346452095919,1.0,0.423900812175636,3.13944382903232,15.0
647,CDS-Ys3CaT,ACH-000573,MC-000573-NdVR,Yes,Yes,2.46,,,,,
648,CDS-YyKcn0,ACH-000311,MC-000311-Rm4m,Yes,Yes,0.9,0.155548072588971,1.0,0.580492000816675,4.24340537633327,35.0
649,CDS-Z2h33x,ACH-000554,MC-000554-KCT9,Yes,Yes,1.93,0.259866276916524,1.0,0.753319471840608,3.51110199095614,29.0
650,CDS-Z2jMPA,ACH-000461,MC-000461-uDY4,Yes,Yes,2.44,0.310534774372689,1.0,0.740409741968143,4.14018985103324,29.0
651,CDS-Z5r6HS,ACH-000211,MC-000211-d793,Yes,Yes,1.2,0.265370980876317,1.0,0.818112904290438,4.30703967006504,23.0
652,CDS-Z8FGbY,ACH-000476,MC-000476-aM0Z,Yes,Yes,2.36,0.181379381925393,1.0,0.724088823630827,4.95661365073911,30.0
653,CDS-ZEQ9PP,ACH-000409,MC-000409-b43b,Yes,Yes,1.7,0.504911331319757,1.0,0.577675592677935,2.9741342510638,31.0
654,CDS-ZI3aHK,ACH-000504,MC-000504-2V8V,Yes,Yes,2.17,0.141533510200592,1.0,0.655966350572304,4.0992065889297,15.0
655,CDS-ZJh6UN,ACH-001239,MC-001239-Fbs2,Yes,Yes,1.63,0.146267677237981,1.0,0.571778170112847,3.75656202104994,20.0
656,CDS-ZMSfcz,ACH-002688,MC-002688-E5lo,Yes,Yes,2.51,,,,,
657,CDS-ZNqlMv,ACH-003176,MC-003176-yz9x,Yes,Yes,1.82,0.00242219078778532,0.0,0.00828070477781991,2.01156548924824,1.0
658,CDS-ZQ0Jgj,ACH-000417,MC-000417-ma4b,Yes,Yes,2.45,0.436152179087436,1.0,0.711494956580443,4.09497138465131,37.0
659,CDS-ZRSoyP,ACH-000047,MC-000047-fRLW,Yes,Yes,1.61,0.348770719375799,1.0,0.670873016256006,4.56008567912742,22.0
660,CDS-ZSEH6Y,ACH-001148,MC-001148-pMM7,Yes,Yes,2.59,0.138347493970276,1.0,0.311100538065139,3.77301875388416,9.0
661,CDS-Zb2pkH,ACH-000937,MC-000937-QPMF,Yes,Yes,4.93,,,,,
662,CDS-ZqL6Q5,ACH-003111,MC-003111-6XMJ,Yes,Yes,3.67,0.00786126084948888,0.0,0.0125795640543139,2.11813244718701,0.0
663,CDS-a4H1lz,ACH-002921,MC-002921-KMac,Yes,Yes,2.07,0.134004440188467,0.0,0.190331655251278,2.27834393164539,8.0
664,CDS-a54k7V,ACH-002796,MC-002796-wn6o,Yes,Yes,2.42,0.0225564330455245,0.0,0.0292307155725092,2.23150387521503,0.0
665,CDS-aDbc1Y,ACH-001184,MC-001184-12NX,Yes,Yes,2.57,,,,,
666,CDS-aGz6Aw,ACH-000644,MC-000644-wPiH,Yes,Yes,1.34,0.273828756279078,1.0,0.706456345472902,3.73945243358199,26.0
667,CDS-aHx2GL,ACH-001972,MC-001972-Ric2,Yes,Yes,2.54,0.150732856816205,1.0,0.574894432268344,2.70566831023539,24.0
668,CDS-aIxGGt,ACH-000610,MC-000610-Mmk4,Yes,Yes,1.07,0.486233088940501,1.0,0.588642017361395,2.58903513465621,22.0
669,CDS-aJ1uWV,ACH-001333,MC-001333-aE8O,Yes,Yes,81.36,0.115510593853833,0.0,0.169051801893405,2.10484296086338,3.0
670,CDS-aN8PNg,ACH-000062,MC-000062-eiDD,Yes,Yes,1.24,0.304236990095518,1.0,0.652588463325558,4.40471366243676,11.0
671,CDS-aN9o7X,ACH-002041,MC-002041-CAG2,Yes,Yes,2.8,0.34834720489022,1.0,0.712179527637079,3.85389829304965,31.0
672,CDS-aORhK7,ACH-000390,MC-000390-N1a0,Yes,Yes,1.8,0.364960951037988,1.0,0.768708503541237,4.79922113253055,32.0
673,CDS-aP25HV,ACH-000840,MC-000840-s0Cx,Yes,Yes,2.81,0.274758043459307,1.0,0.670105368195931,3.85648189102924,27.0
674,CDS-aQoXT6,ACH-000052,MC-000052-uUW6,Yes,Yes,2.17,0.183955312974933,0.0,0.239013998066087,2.22811645475736,2.0
675,CDS-aV1Owy,ACH-003295,MC-003295-qwer,Yes,Yes,2.29,0.0563405939494236,1.0,0.40652744514248,3.61896467008788,13.0
676,CDS-aX7CFO,ACH-003226,MC-003226-7h3w,Yes,Yes,1.28,0.187699964776472,0.0,0.34332623691106,2.11442975656134,12.0
677,CDS-adGAq3,ACH-000464,MC-000464-IvZC,Yes,Yes,1.65,0.07275058935904,1.0,0.557741403050799,3.70677476690401,22.0
678,CDS-al7ftX,ACH-001983,MC-001983-CIyk,Yes,Yes,2.33,0.451123235105838,1.0,0.602144929127873,2.9493740018907,26.0
679,CDS-allTcx,ACH-001400,MC-001400-xyWT,Yes,Yes,2.01,,,,,
680,CDS-at5gh5,ACH-000082,MC-000082-zify,Yes,Yes,2.99,0.636536029347855,1.0,0.516217437876093,2.67821328433903,29.0
681,CDS-b0aiv6,ACH-000750,MC-000750-bafP,Yes,Yes,1.2,0.125725765068003,1.0,0.487490552832391,3.40868231165617,18.0
682,CDS-b2K3wy,ACH-001676,MC-001676-Iulf,Yes,Yes,2.07,0.0374452352357124,0.0,0.042909444417111,2.08661501783121,2.0
683,CDS-bFlhGE,ACH-000759,MC-000759-L1aL,Yes,Yes,4.58,0.128351830053035,1.0,0.616499420823829,4.29799143177126,23.0
684,CDS-bGIFiY,ACH-000247,MC-000247-tciC,Yes,Yes,1.91,0.165512599901911,0.0,0.408069014255883,2.48908235442171,11.0
685,CDS-bGOzNq,ACH-000116,MC-000116-Wp16,Yes,Yes,2.02,0.373871015949692,1.0,0.785221994529817,3.35156159108952,19.0
686,CDS-bL21N6,ACH-001697,MC-001697-lfJ9,Yes,Yes,2.4,0.263221514177179,1.0,0.783902364232241,4.19580109750566,30.0
687,CDS-bMP40s,ACH-001530,MC-001530-i3NR,Yes,Yes,3.53,0.17268236614756,1.0,0.414728327577594,3.27083439111741,15.0
688,CDS-bNHw6E,ACH-000748,MC-000748-vxNq,Yes,Yes,4.72,,,,,
689,CDS-bNKg2D,ACH-000630,MC-000630-nlYv,Yes,Yes,1.78,0.157439690754767,1.0,0.780858249949529,4.42684206547747,27.0
690,CDS-bOBkBi,ACH-000402,MC-000402-iC8K,Yes,Yes,2.16,0.0278217755182252,0.0,0.0995714685694647,2.06403750808202,2.0
691,CDS-bQWu4R,ACH-002030,MC-002030-mJL7,Yes,Yes,2.85,0.26323938491172,1.0,0.584679545674975,3.10671784364398,20.0
692,CDS-bT1SFq,ACH-000922,MC-000922-l1Wf,Yes,Yes,12.14,0.00850552528979053,0.0,0.120352583999843,2.18141437681764,4.0
693,CDS-bTfRlF,ACH-001707,MC-001707-F2CK,Yes,Yes,1.64,2.30263998879051e-05,1.0,0.193067327040987,3.95807119179546,8.0
694,CDS-bbzoqx,ACH-002034,MC-002034-oyVP,Yes,Yes,2.61,0.0156656923639218,0.0,0.0161451334878784,2.00210079699906,0.0
695,CDS-bt8lFf,ACH-000728,MC-000728-MrCh,Yes,Yes,14.21,0.0520889503867132,0.0,0.123215559024785,2.02145141834958,3.0
696,CDS-bw6agH,ACH-000966,MC-000966-POkc,Yes,Yes,88.34,,,,,
697,CDS-bx1Adl,ACH-000579,MC-000579-xadI,Yes,Yes,0.3,,,,,
698,CDS-c3rU8u,ACH-000502,MC-000502-yIwz,Yes,Yes,2.72,0.370470642805953,0.0,0.432063085663445,1.81616146241772,17.0
699,CDS-c8fAY5,ACH-002924,MC-002924-1x2y,Yes,Yes,1.71,0.0768129272434226,1.0,0.667431226199508,4.48004973893325,24.0
700,CDS-cAS8hS,ACH-000408,MC-000408-Ay9X,Yes,Yes,1.07,0.380386182192255,1.0,0.726882496236099,3.30591364114148,24.0
701,CDS-cAh3lU,ACH-003297,MC-003297-yuio,Yes,Yes,2.28,,,,,
702,CDS-cE74An,ACH-002843,MC-002843-fCrt,Yes,Yes,2.28,0.00468560082047853,0.0,0.00771298040410272,2.0878745206805,0.0
703,CDS-cLChkh,ACH-001702,MC-001702-d1DG,Yes,Yes,2.43,0.306224241429371,1.0,0.515190396604448,3.00545000375426,19.0
704,CDS-cMX91Z,ACH-000849,MC-000849-Wlea,Yes,Yes,4.42,0.556254900267016,1.0,0.612179877046691,3.28889742549832,29.0
705,CDS-cQAMTU,ACH-002399,MC-002399-dpf9,Yes,Yes,2.26,0.29466563964044,1.0,0.676926797904673,3.65126385905965,33.0
706,CDS-cWmDEa,ACH-001277,MC-001277-fbAy,Yes,Yes,2.84,0.160319541351616,1.0,0.483128369933104,2.69443085216257,28.0
707,CDS-cXQOkP,ACH-001543,MC-001543-oWoE,Yes,Yes,2.44,0.32752450908233,1.0,0.663780570557508,3.20167064598529,20.0
708,CDS-cZkOEu,ACH-003185,MC-003185-gh7b,Yes,Yes,1.9,0.314665172890142,0.0,0.458872324022504,1.78353559806666,19.0
709,CDS-cb6bto,ACH-001068,MC-001068-pORj,Yes,Yes,3.95,,,,,
710,CDS-cerzh5,ACH-000900,MC-000900-wejh,Yes,Yes,3.85,,,,,
711,CDS-cfU8Ab,ACH-000349,MC-000349-Wfja,Yes,Yes,4.2,0.476161212619982,1.0,0.608178142145025,2.07178809050338,17.0
712,CDS-ch2aVd,ACH-001445,MC-001445-i0gH,Yes,Yes,2.01,,,,,
713,CDS-cjMTSm,ACH-001828,MC-001828-se6f,Yes,Yes,1.84,0.0104676996957836,0.0,0.0918685773886056,2.36182801106822,3.0
714,CDS-clFwua,ACH-001624,MC-001624-OLI2,Yes,Yes,2.36,0.18437375697634,1.0,0.690694804991531,4.1686938703587,24.0
715,CDS-couXOl,ACH-000314,MC-000314-lK8m,Yes,Yes,2.15,0.350577987278863,1.0,0.751791773391899,3.17417701320047,22.0
716,CDS-cp4Ie9,ACH-000848,MC-000848-TnzG,Yes,Yes,1.65,0.392058044852595,1.0,0.630492656243179,3.18008604140995,17.0
717,CDS-cpTCIb,ACH-002667,MC-002667-Wmki,Yes,Yes,4.6,0.284749728603486,1.0,0.613991643075431,3.14149325169407,23.0
718,CDS-cq7uuR,ACH-002019,MC-002019-cQYB,Yes,Yes,2.35,0.122667379707846,0.0,0.284165920524879,2.16551301518878,9.0
719,CDS-cteUkO,ACH-001709,MC-001709-uqbT,Yes,Yes,46.02,,,,,
720,CDS-cvoUQO,ACH-001119,MC-001119-mWDg,Yes,Yes,2.23,0.0645030025846253,0.0,0.120910100324219,2.13556558307299,2.0
721,CDS-cxSrLr,ACH-000986,MC-000986-UTzf,Yes,Yes,2.85,,,,,
722,CDS-dKGppg,ACH-000427,MC-000427-fGvH,Yes,Yes,3.34,,,,,
723,CDS-dPiMs9,ACH-002644,MC-002644-a79D,Yes,Yes,1.98,0.112640716481983,0.0,0.221732539852464,2.04139265113968,10.0
724,CDS-dQZb9T,ACH-000387,MC-000387-9xMX,Yes,Yes,3.17,0.103534401683767,0.0,0.443064237819271,2.43441955473336,12.0
725,CDS-dWNxeq,ACH-001350,MC-001350-yZDB,Yes,Yes,2.28,0.102118934421738,1.0,0.664367389805915,3.72260895828223,28.0
726,CDS-daICJl,ACH-001802,MC-001802-IUUl,Yes,Yes,2.05,,,,,
727,CDS-deAUlH,ACH-002013,MC-002013-eJpb,Yes,Yes,2.22,0.110326906717955,1.0,0.698329941925809,3.93874410077212,24.0
728,CDS-dg5Xy6,ACH-001988,MC-001988-hShM,Yes,Yes,2.21,0.0755338124505942,0.0,0.16622587829631,2.03164072894057,7.0
729,CDS-dgxjAa,ACH-000550,MC-000550-SVpf,Yes,Yes,1.45,0.322830156355442,1.0,0.78369926918444,4.89605863482336,28.0
730,CDS-dlVsrH,ACH-000024,MC-000024-kxGf,Yes,Yes,2.09,0.119956649176431,1.0,0.571847365232975,3.74379083803093,22.0
731,CDS-dnDVbY,ACH-000942,MC-000942-b3sA,Yes,Yes,31.89,0.0636946482769718,0.0,0.0766960589347527,1.95302822311947,1.0
732,CDS-dsBUz0,ACH-002497,MC-002497-wBYX,Yes,Yes,2.27,,,,,
733,CDS-dtWsjz,ACH-000538,MC-000538-l7Lz,Yes,Yes,4.06,0.0101376267436929,0.0,0.0105832889779002,1.99657767175492,0.0
734,CDS-duLQsY,ACH-000370,MC-000370-WtKV,Yes,Yes,2.66,0.300577024702726,1.0,0.642447651279026,3.36670701215398,27.0
735,CDS-dwIIIk,ACH-000605,MC-000605-mA6N,Yes,Yes,3.59,0.442742347590536,1.0,0.717093599275473,4.22846017537617,28.0
736,CDS-e0vZsR,ACH-000945,MC-000945-JzaO,Yes,Yes,1.07,0.100767784481319,1.0,0.738423003357544,4.9861180705999,24.0
737,CDS-e3UxHf,ACH-002438,MC-002438-Fyw5,Yes,Yes,1.39,0.0253560969971178,0.0,0.078110574894364,2.04730990574955,2.0
738,CDS-eHqth0,ACH-000137,MC-000137-Zhqt,Yes,Yes,2.0,0.365112941968124,1.0,0.620341179612346,2.47435254945882,11.0
739,CDS-eIj3M5,ACH-000764,MC-000764-6dKs,Yes,Yes,2.12,,,,,
740,CDS-eKPJ34,ACH-002051,MC-002051-2Ddi,Yes,Yes,3.07,0.678243179719747,1.0,0.518442787265756,2.86471210529782,24.0
741,CDS-ePNtjh,ACH-000118,MC-000118-EfzL,Yes,Yes,2.63,0.309215720666673,0.0,0.346649982484862,1.9546902553098,12.0
742,CDS-ePqMAY,ACH-000802,MC-000802-q2Cm,Yes,Yes,3.11,0.441655339154764,1.0,0.588789193201751,2.96106414590405,17.0
743,CDS-ePrgME,ACH-000341,MC-000341-URnG,Yes,Yes,2.96,0.0789646487593614,0.0,0.238401776990292,2.14348593235729,6.0
744,CDS-eYaLZp,ACH-000113,MC-000113-1t5g,Yes,Yes,3.16,0.0681363122208623,0.0,0.203418868664807,2.14978769703587,5.0
745,CDS-eeR89p,ACH-000545,MC-000545-QqlV,Yes,Yes,1.23,0.421223339496693,1.0,0.707436125754584,3.95327946366986,27.0
746,CDS-exH6lR,ACH-000593,MC-000593-aYaS,Yes,Yes,2.24,0.0625189579976367,1.0,0.741104301648136,4.20666444374404,27.0
747,CDS-exVsHa,ACH-001636,MC-001636-mxpz,Yes,Yes,2.49,,,,,
748,CDS-eyRppK,ACH-002470,MC-002470-jLTx,Yes,Yes,2.48,0.34387978422803,1.0,0.814881727072225,4.71858184056347,26.0
749,CDS-f24VvH,ACH-000216,MC-000216-RgzG,Yes,Yes,2.79,0.366431865355662,1.0,0.718189669875576,3.49393481904832,24.0
750,CDS-f2OOp6,ACH-000809,MC-000809-gZQY,Yes,Yes,1.68,0.440040360586155,1.0,0.789705847513493,4.59948918345896,29.0
751,CDS-f5SAuI,ACH-001804,MC-001804-JH97,Yes,Yes,2.77,,,,,
752,CDS-f7K7WH,ACH-000223,MC-000223-9u5x,Yes,Yes,2.13,,,,,
753,CDS-fF8Nwd,ACH-002784,MC-002784-wakk,Yes,Yes,3.24,0.695306905371884,1.0,0.0977387375338162,4.52050177747462,38.0
754,CDS-fKNhsc,ACH-000953,MC-000953-FhWV,Yes,Yes,57.52,0.13365080505917,0.0,0.190066886230627,2.03492502162099,2.0
755,CDS-fM91O4,ACH-000394,MC-000394-x6is,Yes,Yes,0.83,0.303626239385605,1.0,0.768513375183286,4.95986865701321,26.0
756,CDS-fSBbM3,ACH-002535,MC-002535-QYxv,Yes,Yes,3.51,0.246489940185673,0.0,0.339804039786907,2.00037898607012,12.0
757,CDS-fXfiKy,ACH-000212,MC-000212-Rnzm,Yes,Yes,1.96,0.442165057623467,1.0,0.79479508182342,4.73558153935809,32.0
758,CDS-fZBn2c,ACH-000568,MC-000568-Ulyb,Yes,Yes,2.25,0.247775164612174,1.0,0.538444360847998,3.06737044488797,21.0
759,CDS-fae60F,ACH-000911,MC-000911-0g7y,Yes,Yes,59.36,0.549671006515992,1.0,0.460139067710081,3.74955576620906,32.0
760,CDS-fefQ9x,ACH-003107,MC-003107-ok6u,Yes,Yes,3.34,0.130522077454387,0.0,0.357662956081779,2.19352869324847,10.0
761,CDS-ffvY5U,ACH-001977,MC-001977-722i,Yes,Yes,2.28,0.323416556054443,1.0,0.541385394170459,2.87258666860873,22.0
762,CDS-fjLvx5,ACH-000310,MC-000310-adwH,Yes,Yes,2.08,0.0778477942870797,0.0,0.244604645613983,2.26277993017689,6.0
763,CDS-flEsqI,ACH-000457,MC-000457-BEt0,Yes,Yes,1.73,0.221802994750602,1.0,0.552095887497631,2.58553326231393,25.0
764,CDS-fmStAK,ACH-000126,MC-000126-1rwT,Yes,Yes,2.45,,,,,
765,CDS-ftPfe8,ACH-001976,MC-001976-B91S,Yes,Yes,2.43,0.131529278087954,1.0,0.659698675586336,3.89331239865487,21.0
766,CDS-fvlQM9,ACH-002787,MC-002787-1SfB,Yes,Yes,2.07,0.34797284085633,1.0,0.67080126351497,3.30470816080212,18.0
767,CDS-fzqrxa,ACH-000248,MC-000248-VRrA,Yes,Yes,1.48,0.191420568978241,1.0,0.704195478023136,4.48817571344845,32.0
768,CDS-g5sWma,ACH-000234,MC-000234-uzZ9,Yes,Yes,2.29,,,,,
769,CDS-g5uze0,ACH-003587,MC-003587-2bha,Yes,Yes,1.9,0.405111767919924,1.0,0.657998005792892,4.24226895146603,26.0
770,CDS-gDKwvW,ACH-001192,MC-001192-OhhV,Yes,Yes,2.06,0.244905853492145,1.0,0.571758343626802,2.82956203103252,17.0
771,CDS-gDaQFE,ACH-003065,MC-003065-ALeQ,Yes,Yes,1.83,0.0121719606454012,0.0,0.0121739275532853,1.99951847462121,0.0
772,CDS-gG7gPJ,ACH-002486,MC-002486-s7Hs,Yes,Yes,2.34,,,,,
773,CDS-gILaI6,ACH-000536,MC-000536-0pgd,Yes,Yes,1.54,0.54853280973358,1.0,0.683749477142856,2.8056572327197,23.0
774,CDS-gY0yCm,ACH-000651,MC-000651-qG5h,Yes,Yes,3.2,0.493974696653618,1.0,0.626832088198863,2.28941377332489,11.0
775,CDS-gcCExz,ACH-000753,MC-000753-DxZw,Yes,Yes,2.94,0.462226398519279,1.0,0.728347708007662,3.63416460078611,29.0
776,CDS-gifaLI,ACH-000960,MC-000960-RI7G,Yes,Yes,55.91,0.147635015188822,0.0,0.161811936653125,2.19746766612585,0.0
777,CDS-gk90zs,ACH-000455,MC-000455-QvVM,Yes,Yes,2.27,0.188113906256471,1.0,0.501345372416652,3.2232542948465,18.0
778,CDS-gpwX49,ACH-000279,MC-000279-u8uu,Yes,Yes,2.67,0.31292493606256,1.0,0.646663688707691,3.15188403207112,19.0
779,CDS-h463qJ,ACH-000445,MC-000445-pJlM,Yes,Yes,3.05,,,,,
780,CDS-h7rJXf,ACH-000231,MC-000231-tEoc,Yes,Yes,2.07,0.253488300635349,1.0,0.689214974592911,3.27662825732755,25.0
781,CDS-hF23f4,ACH-002533,MC-002533-pOlV,Yes,Yes,2.75,0.398336796170868,1.0,0.611270816532904,3.18231928624582,32.0
782,CDS-hG6zDR,ACH-000447,MC-000447-Xhod,Yes,Yes,2.11,0.119159641736944,1.0,0.695882598982346,4.09090144227447,23.0
783,CDS-hKsmPi,ACH-000842,MC-000842-yIGU,Yes,Yes,1.23,0.525104911887462,1.0,0.751771535266358,2.83434445533456,23.0
784,CDS-hPRaPF,ACH-001694,MC-001694-EG4Q,Yes,Yes,2.37,0.165433212017549,0.0,0.373891747228803,2.34698902266846,14.0
785,CDS-hRmID2,ACH-000292,MC-000292-Oy94,Yes,Yes,1.14,,,,,
786,CDS-hTcAd5,ACH-000983,MC-000983-OK27,Yes,Yes,62.82,0.0632104965005637,0.0,0.22790732356354,2.3560352839337,9.0
787,CDS-hbx0C6,ACH-002799,MC-002799-dBEe,Yes,Yes,3.69,,,,,
788,CDS-hc300s,ACH-003061,MC-003061-5LP5,Yes,Yes,1.9,0.310109334922115,1.0,0.553599394843749,2.57594252815219,34.0
789,CDS-hdCEqb,ACH-000594,MC-000594-xFjb,Yes,Yes,0.8,,,,,
790,CDS-hfjrHK,ACH-000099,MC-000099-FsxW,Yes,Yes,1.91,0.0210351676853283,0.0,0.0479016559897994,2.07782369759152,2.0
791,CDS-hgQ1Yv,ACH-001799,MC-001799-AkA5,Yes,Yes,2.09,,,,,
792,CDS-hjwZ0x,ACH-000335,MC-000335-5q7T,Yes,Yes,1.03,0.096753671430723,1.0,0.561004382386464,3.58076012021034,19.0
793,CDS-hkvi6Z,ACH-002782,MC-002782-g0cN,Yes,Yes,2.09,0.274630853044044,1.0,0.775767034597891,3.70334190632479,26.0
794,CDS-hmLp8f,ACH-000101,MC-000101-0kr1,No,No,1.71,0.0781725644610329,0.0,0.13022971489309,2.04967183074901,2.0
795,CDS-hn8W86,ACH-000337,MC-000337-VmHG,Yes,Yes,2.0,,,,,
796,CDS-htnX8f,ACH-002016,MC-002016-n9sK,Yes,Yes,1.67,0.0242040942554652,0.0,0.0304024300187153,2.25613928376954,0.0
797,CDS-huMS3i,ACH-002522,MC-002522-BP3K,Yes,Yes,2.7,0.113510402547754,0.0,0.201754147019134,2.06533192754466,6.0
798,CDS-i4mu90,ACH-000174,MC-000174-bUpy,Yes,Yes,1.48,0.510663026760542,1.0,0.697606895710014,3.05766953488717,20.0
799,CDS-i5zsM1,ACH-001981,MC-001981-7Odr,Yes,Yes,2.03,,,,,
800,CDS-i9zR6Z,ACH-002400,MC-002400-DlWj,Yes,Yes,2.0,0.198188471124744,1.0,0.61693024800211,3.10363873752232,16.0
801,CDS-iA8oQJ,ACH-000315,MC-000315-j80A,Yes,Yes,2.7,0.109193613505497,0.0,0.198594916388106,2.32518576859913,1.0
802,CDS-iDaiWQ,ACH-000153,MC-000153-IsfJ,Yes,Yes,0.95,,,,,
803,CDS-iEC5hW,ACH-000664,MC-000664-F5u7,Yes,Yes,2.62,0.0399344393694957,1.0,0.406409733117504,3.4792055435714,15.0
804,CDS-iVv7lK,ACH-000935,MC-000935-E55p,Yes,Yes,2.06,,,,,
805,CDS-iWjIF3,ACH-000924,MC-000924-TCUt,Yes,Yes,4.11,0.325359486730583,1.0,0.817359507381844,4.74342819422397,31.0
806,CDS-iaJvgN,ACH-000053,MC-000053-6XfB,Yes,Yes,1.89,,,,,
807,CDS-iiQNKm,ACH-000771,MC-000771-lGmR,Yes,Yes,2.15,0.101144303577312,0.0,0.301816142613047,2.19535685921807,11.0
808,CDS-inJcyJ,ACH-000665,MC-000665-FOD6,Yes,Yes,1.05,0.474070950961374,1.0,0.674266382861652,2.6878842321005,25.0
809,CDS-inPgfj,ACH-001712,MC-001712-DTo0,Yes,Yes,1.95,0.0,0.0,0.000561365906132681,2.00065026042864,0.0
810,CDS-itiKBL,ACH-000507,MC-000507-V957,Yes,Yes,1.74,0.271190473990809,1.0,0.634927313981131,3.44218850055964,19.0
811,CDS-izNnAT,ACH-000633,MC-000633-iIki,Yes,Yes,1.83,0.379439303464969,1.0,0.722039781093933,3.89094272427917,26.0
812,CDS-j6kc2h,ACH-002647,MC-002647-v8x6,Yes,Yes,1.77,0.175578431542507,1.0,0.592810567325086,3.72080948348559,22.0
813,CDS-j6s4KS,ACH-000905,MC-000905-htA7,Yes,Yes,1.85,0.133810110860759,1.0,0.485540343856981,3.11584913407196,19.0
814,CDS-jBuyoZ,ACH-000930,MC-000930-v0gO,Yes,Yes,69.08,0.221782540089879,1.0,0.581979235858888,3.64878901691038,35.0
815,CDS-jCk9p9,ACH-000691,MC-000691-5D91,Yes,Yes,3.86,0.384417559636389,1.0,0.732862579730414,2.91092140815928,29.0
816,CDS-jDOqSo,ACH-000818,MC-000818-TCKc,Yes,Yes,1.8,0.171085201109734,1.0,0.748212721608263,4.08652861232072,27.0
817,CDS-jFfACT,ACH-001440,MC-001440-u1kI,Yes,Yes,2.18,0.191042515584362,1.0,0.593615109487381,2.81484546702641,22.0
818,CDS-jNBOit,ACH-000767,MC-000767-kxY9,Yes,Yes,1.0,0.256022706083063,1.0,0.587643778013252,3.13495373911463,20.0
819,CDS-jP9Ha0,ACH-000139,MC-000139-Hnr6,Yes,Yes,1.34,0.239429331187431,1.0,0.634227806131814,3.46036652329369,24.0
820,CDS-jQXnqh,ACH-000756,MC-000756-tsfC,Yes,Yes,2.42,0.245761855618276,1.0,0.709546348372572,4.50664463019306,34.0
821,CDS-jRQbcm,ACH-000570,MC-000570-eOob,Yes,Yes,2.78,0.2805251489835,1.0,0.614448305518946,3.30424023745804,18.0
822,CDS-jSmQ37,ACH-000215,MC-000215-1uuU,Yes,Yes,2.37,0.136974605578916,1.0,0.542903100397673,3.68443312439406,28.0
823,CDS-jTNQe2,ACH-001693,MC-001693-1F9N,Yes,Yes,1.7,,,,,
824,CDS-jgcDAj,ACH-000936,MC-000936-ljVZ,Yes,Yes,71.39,,,,,
825,CDS-jjaUWl,ACH-000719,MC-000719-VWM6,Yes,Yes,1.88,,,,,
826,CDS-jknnae,ACH-002680,MC-002680-Kgog,Yes,Yes,2.18,0.168429076189095,1.0,0.478358368703051,3.31668173394603,18.0
827,CDS-jo6qZZ,ACH-000452,MC-000452-2Iuz,Yes,Yes,2.57,0.350205190234447,1.0,0.724542671133285,4.34408409662146,27.0
828,CDS-jtAZhg,ACH-001067,MC-001067-UmWZ,Yes,Yes,1.37,,,,,
829,CDS-jtfLag,ACH-000946,MC-000946-Imv7,Yes,Yes,80.32,0.0406859542006374,0.0,0.0478922551297939,2.10749508268858,0.0
830,CDS-jv51dN,ACH-002643,MC-002643-vAxl,Yes,Yes,2.95,0.0259393970738746,0.0,0.18196387556263,2.18372313429043,5.0
831,CDS-jwuQfl,ACH-000354,MC-000354-WVTo,Yes,Yes,2.3,0.376540804107442,1.0,0.714412888029794,2.97726851329318,22.0
832,CDS-jzZE8g,ACH-003108,MC-003108-UCmG,Yes,Yes,2.55,0.304385042522212,1.0,0.562767876476392,2.83967698308581,32.0
833,CDS-k0D4SV,ACH-001740,MC-001740-3u0E,Yes,Yes,2.65,0.0301061640134467,1.0,0.619390542833209,3.79157311575721,19.0
834,CDS-k27QXa,ACH-000111,MC-000111-S0c9,Yes,Yes,1.61,,,,,
835,CDS-kBE6pn,ACH-000503,MC-000503-KJA2,Yes,Yes,1.59,0.452804007583461,1.0,0.667088739798141,3.3345445810466,23.0
836,CDS-kCC91o,ACH-001503,MC-001503-pqaB,Yes,Yes,2.13,,,,,
837,CDS-kDVbN5,ACH-000964,MC-000964-tTts,Yes,Yes,39.55,0.0337495702813511,0.0,0.208958482316055,2.17021856733484,9.0
838,CDS-kEI6i5,ACH-000887,MC-000887-cOSG,Yes,Yes,3.62,0.408959677881936,1.0,0.822280594446861,4.91387964118556,30.0
839,CDS-kEmSUs,ACH-000826,MC-000826-IUyj,Yes,Yes,2.4,0.394064797707496,1.0,0.728577231138544,2.59934520112587,26.0
840,CDS-kHeU8F,ACH-000400,MC-000400-fOSQ,Yes,Yes,1.14,0.0841448702668114,1.0,0.536395123938969,3.74155193211261,30.0
841,CDS-kP6954,ACH-000091,MC-000091-ErqO,Yes,Yes,1.32,,,,,
842,CDS-kQrJXE,ACH-001441,MC-001441-SMif,Yes,Yes,1.91,0.0224432760396831,1.0,0.493178585165978,4.04862272761603,15.0
843,CDS-kRRujK,ACH-000293,MC-000293-5MrH,Yes,Yes,1.19,,,,,
844,CDS-kU1WWq,ACH-000667,MC-000667-NPwb,Yes,Yes,1.05,0.369178973413342,1.0,0.74227075942052,4.45066933875072,19.0
845,CDS-kaoPeL,ACH-000910,MC-000910-xyM4,Yes,Yes,1.55,,,,,
846,CDS-kd8VVQ,ACH-000866,MC-000866-dtB3,Yes,Yes,52.34,,,,,
847,CDS-khxfam,ACH-000278,MC-000278-uC8l,Yes,Yes,1.49,0.412103507273777,0.0,0.520909761379164,1.94023808083725,14.0
848,CDS-klijJ7,ACH-000029,MC-000029-BMZc,Yes,Yes,2.61,,,,,
849,CDS-kmVuGz,ACH-000829,MC-000829-Ajhg,Yes,Yes,2.45,0.0389063172795518,0.0,0.0468453044233836,1.98920554651712,1.0
850,CDS-kmfiCf,ACH-000957,MC-000957-Yckn,Yes,Yes,88.39,0.00869441187417968,0.0,0.0207278535036539,2.14843289998504,0.0
851,CDS-knM0TU,ACH-000668,MC-000668-rT7J,Yes,Yes,3.34,,,,,
852,CDS-krMVmo,ACH-000258,MC-000258-Sues,Yes,Yes,1.88,0.0769575586852909,1.0,0.262488797612461,4.37514666381747,8.0
853,CDS-lAxGw8,ACH-002501,MC-002501-bZEr,Yes,Yes,1.91,0.0142854701762002,1.0,0.237798769479311,4.10253508500638,11.0
854,CDS-lCDBlS,ACH-000997,MC-000997-5jTp,Yes,Yes,65.0,0.00123709940613603,0.0,0.00313465587405516,2.00078229816706,0.0
855,CDS-lDFfDi,ACH-000470,MC-000470-0cwL,Yes,Yes,1.72,0.138015868880267,1.0,0.487705733771933,3.38240616047489,18.0
856,CDS-lEoO4A,ACH-001701,MC-001701-aj6n,Yes,Yes,1.89,0.0880244214859725,1.0,0.708398971685834,3.80434045857237,23.0
857,CDS-lQokdY,ACH-000934,MC-000934-sl2O,Yes,Yes,1.32,,,,,
858,CDS-lZD981,ACH-002047,MC-002047-rAVB,Yes,Yes,2.35,0.0281967844509182,0.0,0.0756601864701223,2.15821820132179,2.0
859,CDS-le80I2,ACH-001193,MC-001193-ObM2,Yes,Yes,2.25,0.269042756503608,1.0,0.734400612089008,4.66785779379363,24.0
860,CDS-lelNE7,ACH-002676,MC-002676-snau,Yes,Yes,2.22,0.0217401319227045,0.0,0.0269044453234883,2.00821081152508,0.0
861,CDS-lirQKW,ACH-000433,MC-000433-fLcb,Yes,Yes,1.14,,,,,
862,CDS-lqprdg,ACH-001750,MC-001750-fAbS,Yes,Yes,2.62,0.125149023450609,1.0,0.463942555547175,3.25786621446184,19.0
863,CDS-ltSzfa,ACH-001619,MC-001619-IR6I,Yes,Yes,2.63,0.138058807523872,1.0,0.536396966052972,3.47962238639867,17.0
864,CDS-lvYCoO,ACH-003178,MC-003178-gyh4,Yes,Yes,1.89,0.26352586530128,1.0,0.798775326677255,3.69703172005362,28.0
865,CDS-lwsmSP,ACH-000014,MC-000014-aXo5,Yes,Yes,2.03,0.345983025521436,1.0,0.55884582788203,3.02135328325572,22.0
866,CDS-lxzoAp,ACH-000246,MC-000246-NnuW,Yes,Yes,1.51,0.0496291258980263,1.0,0.694770638170905,4.94360186009421,33.0
867,CDS-lyWKTY,ACH-000878,MC-000878-ZAqb,Yes,Yes,3.12,0.342430836482156,0.0,0.417845485243938,1.83190969492467,14.0
868,CDS-lyhnf2,ACH-002802,MC-002802-uneq,Yes,Yes,2.3,0.104412122586955,0.0,0.296571597002276,2.03125187050504,11.0
869,CDS-m4eGlw,ACH-000299,MC-000299-oIsc,Yes,Yes,3.1,0.0571288886598939,0.0,0.0949374752549445,2.10073877607998,2.0
870,CDS-m4w6SU,ACH-000480,MC-000480-TrEW,Yes,Yes,3.27,0.540756720699991,1.0,0.565643803779209,2.605884827324,26.0
871,CDS-mMTpJn,ACH-000963,MC-000963-1AeG,Yes,Yes,91.78,0.0304230267189367,1.0,0.378936282130343,3.9347503135391,15.0
872,CDS-mXBmw4,ACH-002029,MC-002029-jZk3,Yes,Yes,3.03,0.250616076232273,1.0,0.72631295140809,4.37880133546089,24.0
873,CDS-maYyfG,ACH-002722,MC-002722-zBed,Yes,Yes,1.92,0.00861825446188745,0.0,0.0123328792387765,2.09742446413949,0.0
874,CDS-meDmCo,ACH-000899,MC-000899-p6MP,Yes,Yes,2.84,0.276662135083462,0.0,0.533405983481672,2.37550170683612,17.0
875,CDS-mgN0yh,ACH-001610,MC-001610-dKv7,Yes,Yes,54.27,0.265932619403807,1.0,0.805226965041343,3.97080244480969,25.0
876,CDS-mjFlmH,ACH-001447,MC-001447-QqFV,Yes,Yes,4.34,0.14751588789345,0.0,0.228439601696419,2.18696548255432,1.0
877,CDS-mkFxfC,ACH-000778,MC-000778-yyI9,Yes,Yes,1.57,0.190249297082441,1.0,0.573403756792082,2.76462326555713,20.0
878,CDS-mlMpaM,ACH-001349,MC-001349-VGWT,Yes,Yes,1.97,0.052856668033731,0.0,0.114086513509722,2.10822253713397,4.0
879,CDS-mmm4JY,ACH-001336,MC-001336-Y0Qd,Yes,Yes,2.19,0.411871744083694,1.0,0.749841285610059,3.48993711525011,18.0
880,CDS-mnXp3k,ACH-000219,MC-000219-yd7j,Yes,Yes,1.35,0.272092604868967,1.0,0.518988513240465,2.85359620437621,16.0
881,CDS-moiFSn,ACH-000544,MC-000544-xZXk,Yes,Yes,2.13,0.373087984554965,1.0,0.705894376308791,4.55574072354369,33.0
882,CDS-mp0af0,ACH-002510,MC-002510-huzv,Yes,Yes,2.17,0.257555239326655,1.0,0.652001972099496,3.59813047665947,22.0
883,CDS-msExTj,ACH-001061,MC-001061-78yQ,Yes,Yes,62.53,,,,,
884,CDS-msL9Yd,ACH-000364,MC-000364-NOKW,Yes,Yes,0.8,0.198895977447764,1.0,0.548240604187535,3.29996225846754,12.0
885,CDS-mvCUaO,ACH-000670,MC-000670-fvgh,Yes,Yes,1.31,0.225795183405638,1.0,0.654633813733719,3.07877233569682,18.0
886,CDS-n9kjKX,ACH-003099,MC-003099-DM4v,Yes,Yes,2.25,0.106758275399488,1.0,0.601806361642408,3.82473164877469,22.0
887,CDS-nC6iXU,ACH-000358,MC-000358-a88i,Yes,Yes,1.04,,,,,
888,CDS-nGtgaI,ACH-002015,MC-002015-RTao,Yes,Yes,2.03,0.248275062810181,0.0,0.544092367997029,2.30193471968071,31.0
889,CDS-nI83XD,ACH-000596,MC-000596-ocip,Yes,Yes,2.31,,,,,
890,CDS-nKfczI,ACH-002014,MC-002014-DPeG,Yes,Yes,1.5,,,,,
891,CDS-nOerF2,ACH-002018,MC-002018-Bkao,Yes,Yes,1.86,0.354848139482487,1.0,0.751046984145914,3.40944590473834,28.0
892,CDS-nQapzN,ACH-000516,MC-000516-TvpK,Yes,Yes,2.35,0.354467986878037,1.0,0.827057225810189,3.94823053118569,22.0
893,CDS-nQwTbe,ACH-000762,MC-000762-wXHU,Yes,Yes,2.61,0.341176799591958,1.0,0.572238824356993,3.41322420610893,16.0
894,CDS-nSgiDC,ACH-001129,MC-001129-nxTf,Yes,Yes,1.83,,,,,
895,CDS-nVyIIW,ACH-002460,MC-002460-Rx9X,Yes,Yes,1.51,0.225609996155988,1.0,0.614567663182178,2.59046050048808,23.0
896,CDS-nZGCPF,ACH-000050,MC-000050-aBTf,Yes,Yes,2.12,,,,,
897,CDS-niXTK3,ACH-000592,MC-000592-RBCT,Yes,Yes,1.86,0.207926079431132,1.0,0.720386862519988,3.67850907041441,28.0
898,CDS-njO2PJ,ACH-000688,MC-000688-RWeh,Yes,Yes,1.35,,,,,
899,CDS-nm4UY4,ACH-000381,MC-000381-B0uW,Yes,Yes,2.27,0.365306784582056,1.0,0.628155071000396,2.98029200265082,19.0
900,CDS-nrsrS3,ACH-000637,MC-000637-aARQ,Yes,Yes,2.48,0.555093560082523,1.0,0.739478960135737,3.05148121782275,21.0
901,CDS-nru2hL,ACH-000509,MC-000509-QeYM,Yes,Yes,2.43,,,,,
902,CDS-nsBznO,ACH-002781,MC-002781-ot8s,Yes,Yes,2.72,0.778466188922325,1.0,0.419956361653577,2.55814892832944,30.0
903,CDS-nwTrJC,ACH-003177,MC-003177-oood,Yes,Yes,3.12,0.621434118365146,1.0,0.476068901122272,2.84926602957199,31.0
904,CDS-nx7Ew9,ACH-000870,MC-000870-oAzK,Yes,Yes,0.53,0.21135913304117,1.0,0.522458840080712,3.1514696509177,21.0
905,CDS-o0fKsX,ACH-000133,MC-000133-Kih3,Yes,Yes,1.97,0.231527412372445,1.0,0.804206456668812,4.15183341793052,29.0
906,CDS-o1zkEG,ACH-001401,MC-001401-l6Fd,Yes,Yes,2.36,0.351250756358142,1.0,0.659614885557316,3.33027006884121,19.0
907,CDS-o6r3vt,ACH-000749,MC-000749-3mRK,Yes,Yes,0.58,0.276856933544081,1.0,0.538705770791885,2.8741135027336,20.0
908,CDS-oHDMRa,ACH-000044,MC-000044-Ar1B,Yes,Yes,1.91,,,,,
909,CDS-oLw0UG,ACH-000831,MC-000831-Gg66,Yes,Yes,3.47,0.50503554456765,1.0,0.644043211321155,3.48610495195127,15.0
910,CDS-oRWJAC,ACH-000323,MC-000323-m8Qb,Yes,Yes,2.47,,,,,
911,CDS-oSONX0,ACH-002065,MC-002065-IPMz,Yes,Yes,2.62,0.0949444114454489,0.0,0.145524892776732,1.925698108831,5.0
912,CDS-oSiIBY,ACH-000022,MC-000022-fRaU,Yes,Yes,2.33,0.257379096495916,1.0,0.594875530816286,3.34723523558838,22.0
913,CDS-oUxqba,ACH-003171,MC-003171-Zuum,Yes,Yes,2.47,,,,,
914,CDS-oY6Tvj,ACH-000684,MC-000684-OsUg,Yes,Yes,2.98,0.183218058981793,1.0,0.75019182680802,4.64666617988063,27.0
915,CDS-oc72ul,ACH-002672,MC-002672-Fu2o,Yes,Yes,2.24,,,,,
916,CDS-oj3EVV,ACH-000522,MC-000522-7Rt7,Yes,Yes,3.04,0.372525392069885,1.0,0.785431990868863,3.60613156728619,25.0
917,CDS-oj4QCQ,ACH-000098,MC-000098-U59c,Yes,Yes,1.73,0.231707001790604,1.0,0.577598281024094,3.13346471741056,22.0
918,CDS-omE9px,ACH-000074,MC-000074-OKtM,Yes,Yes,3.09,0.549340495612232,1.0,0.47833971438596,2.59320528276141,28.0
919,CDS-oqGF9S,ACH-001647,MC-001647-cFRC,Yes,Yes,2.97,0.068305876518174,0.0,0.140657573939646,2.00404366306318,7.0
920,CDS-ovDo8V,ACH-000890,MC-000890-cbjX,Yes,Yes,1.32,0.437524274709173,1.0,0.684942328530878,2.9776840528728,21.0
921,CDS-p31XeD,ACH-002026,MC-002026-8SXM,Yes,Yes,82.27,0.0130992983645924,0.0,0.019721319086289,2.08840622631686,0.0
922,CDS-p4t0h5,ACH-003313,MC-003313-987y,Yes,Yes,2.14,0.0355216298871315,1.0,0.42903214401802,3.5084984712931,29.0
923,CDS-p69aRs,ACH-000005,MC-000005-Aycs,No,No,1.58,0.365060099475715,1.0,0.506771704972155,2.83432722458689,20.0
924,CDS-p8hyX4,ACH-000698,MC-000698-61V3,Yes,Yes,0.83,0.426060429726229,1.0,0.761917674276137,3.09728798693812,26.0
925,CDS-p9Aqyv,ACH-002834,MC-002834-mbYE,Yes,Yes,2.44,,,,,
926,CDS-p9GlC3,ACH-000988,MC-000988-YnfA,Yes,Yes,81.65,0.010586814588013,0.0,0.0157955610261442,2.11981205525297,0.0
927,CDS-pEmGRW,ACH-001502,MC-001502-YixM,Yes,Yes,1.85,0.378712572790838,1.0,0.720428679727658,2.67540879415052,19.0
928,CDS-pLQtQD,ACH-002039,MC-002039-BOZb,Yes,Yes,2.42,0.307452739823512,1.0,0.65212371473357,4.08446991620097,20.0
929,CDS-pN0k0B,ACH-001280,MC-001280-e88r,Yes,Yes,2.01,0.0381512283673488,1.0,0.425676076480182,3.73664784335845,32.0
930,CDS-pUce5S,ACH-002708,MC-002708-tPxj,Yes,Yes,2.13,0.197613156604551,1.0,0.441955445194969,3.73183039621796,15.0
931,CDS-pVpJ0V,ACH-000867,MC-000867-HGDX,Yes,Yes,1.23,0.497954631989559,1.0,0.717964923689289,2.27552829601925,15.0
932,CDS-pWZG4s,ACH-000145,MC-000145-3ydU,Yes,Yes,2.01,0.129340283461395,1.0,0.430795904769242,3.33728261577879,18.0
933,CDS-pbvUNa,ACH-000618,MC-000618-7qcd,Yes,Yes,3.25,,,,,
934,CDS-pjd4ez,ACH-002021,MC-002021-cfQQ,Yes,Yes,3.01,0.0639536843813679,1.0,0.510852005949824,3.78596047578659,26.0
935,CDS-pouIEM,ACH-000263,MC-000263-MxQI,Yes,Yes,2.97,0.0893608118283276,0.0,0.176013837127443,2.12015834343469,6.0
936,CDS-psEwXW,ACH-000721,MC-000721-QnhE,Yes,Yes,3.59,,,,,
937,CDS-pspNEA,ACH-002464,MC-002464-Ywbh,Yes,Yes,1.68,0.0100864319796433,0.0,0.0988730210374257,2.19581300224967,3.0
938,CDS-pszEOi,ACH-000810,MC-000810-vJi3,Yes,Yes,1.07,0.0943410772557258,1.0,0.633897668652471,3.74090601530416,24.0
939,CDS-puq7oN,ACH-000758,MC-000758-1YGh,Yes,Yes,1.65,0.414761985039333,1.0,0.680998172992205,4.90148439159041,37.0
940,CDS-puq9Jo,ACH-002693,MC-002693-Sw2e,Yes,Yes,2.18,,,,,
941,CDS-pxpnTM,ACH-002677,MC-002677-Kddq,Yes,Yes,2.51,0.0329920619539237,0.0,0.100237912291079,2.04364472839038,4.0
942,CDS-pykMyH,ACH-000129,MC-000129-5G4s,Yes,Yes,1.15,0.132904994872094,1.0,0.56773790802214,4.01105093756254,29.0
943,CDS-q3z7Os,ACH-000647,MC-000647-597q,Yes,Yes,1.51,0.284927824881362,1.0,0.718351695880356,2.88698432602105,24.0
944,CDS-q4czwx,ACH-000880,MC-000880-8KRb,Yes,Yes,1.87,0.129832069873412,0.0,0.262884072752915,2.18578350571514,6.0
945,CDS-q5PygD,ACH-000163,MC-000163-SnsT,Yes,Yes,0.9,0.160076586621383,1.0,0.582935558798247,3.72390537562504,19.0
946,CDS-qBz4o9,ACH-000463,MC-000463-0z7G,Yes,Yes,1.67,0.302445372757377,1.0,0.611982995232059,2.56528866421652,21.0
947,CDS-qDiGEI,ACH-002705,MC-002705-7Y2X,Yes,Yes,2.15,0.339270496369633,1.0,0.613778059643582,4.21050668829948,32.0
948,CDS-qFiTm3,ACH-000444,MC-000444-lwIE,Yes,Yes,2.11,0.270487207673478,1.0,0.573589861740767,2.86660902768339,22.0
949,CDS-qJ5FV2,ACH-000359,MC-000359-Xkje,Yes,Yes,2.55,0.226931491825378,1.0,0.591801511727955,3.41414808524005,23.0
950,CDS-qKHcCi,ACH-001978,MC-001978-f3Mf,Yes,Yes,1.96,,,,,
951,CDS-qQ3Csg,ACH-003071,MC-003071-5csX,Yes,Yes,4.74,0.452422787909422,1.0,0.704602271328308,3.00483852045438,23.0
952,CDS-qRMXpt,ACH-000807,MC-000807-JcJt,Yes,Yes,2.84,,,,,
953,CDS-qSQVSD,ACH-001624,MC-001624-OLI2,No,No,3.32,0.132693871234187,1.0,0.478555030294074,3.52964743778789,35.0
954,CDS-qbHB8J,ACH-002498,MC-002498-i0i3,Yes,Yes,4.08,0.254374002635729,0.0,0.537169975522291,2.46930422242161,10.0
955,CDS-qe1oKC,ACH-001436,MC-001436-7CDG,Yes,Yes,1.14,0.424323029770183,1.0,0.698782314659735,2.67671508080726,28.0
956,CDS-qeXugx,ACH-002678,MC-002678-XQSC,Yes,Yes,2.55,,,,,
957,CDS-qi9XJi,ACH-000781,MC-000781-G5rR,Yes,Yes,2.0,0.207211693013739,1.0,0.713268586124824,4.45134042414561,29.0
958,CDS-qj3U3e,ACH-001232,MC-001232-7teW,Yes,Yes,2.39,0.254695483923512,0.0,0.604519782002837,2.41234567147233,15.0
959,CDS-qjpRtt,ACH-002059,MC-002059-DNM1,Yes,Yes,64.18,0.0465711716563944,0.0,0.06113206723497,2.11797612171895,1.0
960,CDS-qlE5fU,ACH-002052,MC-002052-GfvX,Yes,Yes,3.19,0.307937888820695,1.0,0.559070511445849,3.04171972961383,17.0
961,CDS-qrbrpO,ACH-000468,MC-000468-c6hY,Yes,Yes,2.53,,,,,
962,CDS-qsDSyO,ACH-000608,MC-000608-tjzi,Yes,Yes,2.06,0.269725197641457,1.0,0.637355052490938,2.77191933177297,24.0
963,CDS-qtUoXo,ACH-001982,MC-001982-nWKb,Yes,Yes,2.21,0.251380272263816,1.0,0.676734410202754,3.53540580235613,26.0
964,CDS-qvuMu8,ACH-001366,MC-001366-orHv,Yes,Yes,3.97,0.0491614063460785,0.0,0.167041105492776,2.22051007369232,3.0
965,CDS-qxi9TK,ACH-000019,MC-000019-PiAK,Yes,Yes,2.09,0.179049173322296,1.0,0.746113404649275,4.27255827381397,20.0
966,CDS-qyMeyg,ACH-001385,MC-001385-Q4sY,Yes,Yes,1.43,0.000251092574314826,0.0,0.00111674243730567,2.00075972138123,0.0
967,CDS-qycAK1,ACH-000844,MC-000844-KhKo,Yes,Yes,1.01,0.204956389339652,1.0,0.738412190330595,3.27583039842726,27.0
968,CDS-qzOVCU,ACH-002651,MC-002651-HWTI,Yes,Yes,2.55,,,,,
969,CDS-r1ZmeP,ACH-000221,MC-000221-ha4a,Yes,Yes,2.2,0.414209065854247,1.0,0.613524918324818,2.76989034278172,24.0
970,CDS-r4athV,ACH-000837,MC-000837-xXNo,Yes,Yes,2.09,0.611766360367503,1.0,0.503213962825658,2.40139531958221,14.0
971,CDS-r8iT8H,ACH-000259,MC-000259-MmGM,Yes,Yes,1.8,0.25454139495797,0.0,0.422103747825952,2.32099038508597,8.0
972,CDS-rBd85E,ACH-000788,MC-000788-xvTl,Yes,Yes,1.84,,,,,
973,CDS-rFwDXh,ACH-002650,MC-002650-KUc6,Yes,Yes,3.39,0.224095025936993,1.0,0.765055850976418,3.58856709761468,26.0
974,CDS-rIh3Gy,ACH-001188,MC-001188-3VzX,Yes,Yes,1.88,,,,,
975,CDS-rVBQwm,ACH-000792,MC-000792-V2Ue,Yes,Yes,1.91,,,,,
976,CDS-rVINX8,ACH-000804,MC-000804-Hxgj,Yes,Yes,3.09,0.0993463961736943,1.0,0.729290187909938,4.23271671515982,23.0
977,CDS-rWdvad,ACH-001813,MC-001813-ZVQh,Yes,Yes,2.01,0.00884811656751477,0.0,0.0144511272906036,2.10344828316753,0.0
978,CDS-rcF8FQ,ACH-001577,MC-001577-0fJh,Yes,Yes,1.83,0.116022701017738,1.0,0.657283008586122,4.94560435511655,31.0
979,CDS-rdWFnf,ACH-000441,MC-000441-c3sp,Yes,Yes,2.22,0.228310354040235,1.0,0.564474368938461,4.01355980953328,38.0
980,CDS-reBZQ5,ACH-000159,MC-000159-MXbI,Yes,Yes,2.3,0.391216659742737,1.0,0.6435606068325,2.97387513937622,26.0
981,CDS-reZcoI,ACH-000506,MC-000506-Zcrt,Yes,Yes,0.73,0.324133229004299,1.0,0.598691643786455,3.36690471306935,21.0
982,CDS-rnwFza,ACH-000326,MC-000326-kma2,Yes,Yes,2.17,0.136231588777587,0.0,0.172694347270021,1.98544914157747,5.0
983,CDS-rpqo0J,ACH-000422,MC-000422-HNKU,Yes,Yes,1.1,0.274122591962512,1.0,0.519400673066858,3.06306703321101,18.0
984,CDS-ruFKWq,ACH-000348,MC-000348-IJyL,Yes,Yes,1.15,,,,,
985,CDS-rxbkc6,ACH-000471,MC-000471-iBae,Yes,Yes,2.7,,,,,
986,CDS-s09X3U,ACH-001994,MC-001994-T0b8,Yes,Yes,2.06,,,,,
987,CDS-s2B4AM,ACH-000235,MC-000235-3Jp1,Yes,Yes,2.52,0.28240570688696,1.0,0.448036363191695,2.83857383260874,20.0
988,CDS-s2ni0W,ACH-000477,MC-000477-pmML,Yes,Yes,1.89,0.154135979184851,1.0,0.710466452297271,3.99242437676638,26.0
989,CDS-s5nqbD,ACH-000383,MC-000383-RdTF,Yes,Yes,2.63,0.262474419617128,1.0,0.852411665550715,4.74532212587579,30.0
990,CDS-sEJE1d,ACH-002778,MC-002778-QeHD,Yes,Yes,2.6,0.424806498064544,1.0,0.767529499500362,4.00350358534344,30.0
991,CDS-sKf2sh,ACH-001481,MC-001481-8jhv,Yes,Yes,1.49,0.175060801752445,1.0,0.668202771208557,4.17886804683472,21.0
992,CDS-sQK6qD,ACH-000060,MC-000060-SiKf,Yes,Yes,1.73,,,,,
993,CDS-sSvacZ,ACH-002345,MC-002345-jr89,Yes,Yes,2.75,,,,,
994,CDS-sUvUbn,ACH-003181,MC-003181-pqth,Yes,Yes,2.02,0.101839545252551,0.0,0.168125019450351,1.97857185737744,6.0
995,CDS-sWdZfm,ACH-000974,MC-000974-UjmW,Yes,Yes,81.24,,,,,
996,CDS-sZCf5M,ACH-000313,MC-000313-eJa9,Yes,Yes,2.51,0.158654980215182,0.0,0.329386743062717,2.01897414136835,8.0
997,CDS-sosg6Y,ACH-000747,MC-000747-stgN,Yes,Yes,1.67,0.398070624601806,1.0,0.706049309217329,2.46432189368751,20.0
998,CDS-spWyN9,ACH-001793,MC-001793-v89H,Yes,Yes,1.34,,,,,
999,CDS-spwkF5,ACH-001609,MC-001609-ziwW,Yes,Yes,2.85,0.498301902458606,1.0,0.66810235440175,2.14720802474476,14.0
1000,CDS-sqVGh5,ACH-000683,MC-000683-8Hes,Yes,Yes,3.28,0.459385129099858,1.0,0.754534427270675,3.34390918717669,21.0
1001,CDS-svvMJY,ACH-002003,MC-002003-d6w9,Yes,Yes,2.38,0.315248662877361,1.0,0.608005081188945,2.88578374560761,18.0
1002,CDS-sxJf36,ACH-000415,MC-000415-LtPG,Yes,Yes,2.48,0.340512565233467,1.0,0.545467937689635,2.97569180331299,21.0
1003,CDS-t2opJp,ACH-000288,MC-000288-UzBM,Yes,Yes,2.06,0.579820642658274,1.0,0.611229022891,2.98596651633686,24.0
1004,CDS-t3jW9m,ACH-000439,MC-000439-NHr9,Yes,Yes,2.55,0.0675668408283273,0.0,0.198200704525997,2.09100439999903,8.0
1005,CDS-t5os4p,ACH-001667,MC-001667-9bKk,Yes,Yes,1.85,0.112536289797184,0.0,0.17277346833848,2.03601155600008,9.0
1006,CDS-tByA3I,ACH-002923,MC-002923-TlcE,Yes,Yes,2.07,0.24462963541627,1.0,0.732551078589466,3.92899013351877,25.0
1007,CDS-tIfAKh,ACH-003180,MC-003180-fghh,Yes,Yes,2.75,0.326413950122949,1.0,0.734581689683598,3.68825418130164,27.0
1008,CDS-tKVGjb,ACH-000301,MC-000301-YjK5,Yes,Yes,1.47,0.222063011802393,1.0,0.511611107209684,3.28290150851459,19.0
1009,CDS-tUVerf,ACH-001465,MC-001465-V7hs,Yes,Yes,2.03,0.0532733223038388,0.0,0.130361209950859,2.18511664084725,4.0
1010,CDS-tVWGwJ,ACH-000859,MC-000859-RwWg,Yes,Yes,2.07,0.109548184724771,1.0,0.785066829295773,4.93946212754899,29.0
1011,CDS-tcjY71,ACH-002060,MC-002060-kXBN,Yes,Yes,13.59,0.0396432335924126,0.0,0.0495182960797265,2.06297005991859,0.0
1012,CDS-te4UhA,ACH-000190,MC-000190-IvGg,Yes,Yes,1.98,0.364401743297237,1.0,0.613234264357029,2.49588379733746,19.0
1013,CDS-th1XfK,ACH-000954,MC-000954-kX2i,Yes,Yes,62.77,,,,,
1014,CDS-tjoklM,ACH-002709,MC-002709-26zN,Yes,Yes,4.15,,,,,
1015,CDS-tpzsQv,ACH-000711,MC-000711-ovtV,Yes,Yes,2.57,0.42215449385511,1.0,0.755342182142611,2.93996686678597,22.0
1016,CDS-tqShYn,ACH-001442,MC-001442-F4Lg,Yes,Yes,1.91,0.0912324380524481,0.0,0.225603497259657,2.21673900155896,10.0
1017,CDS-trqAgD,ACH-000517,MC-000517-kcbL,Yes,Yes,2.48,,,,,
1018,CDS-ttmLuC,ACH-001818,MC-001818-ueZl,Yes,Yes,1.65,0.00187180503513187,0.0,0.00203278161811228,1.99710387141242,0.0
1019,CDS-tuiZWw,ACH-000210,MC-000210-6UEs,Yes,Yes,2.58,0.0102534297028727,0.0,0.0956565090835877,2.21465803763157,4.0
1020,CDS-tvVPHD,ACH-000583,MC-000583-payY,Yes,Yes,2.8,0.0188701412917483,0.0,0.244820072189148,2.222989532982,10.0
1021,CDS-u0MYCZ,ACH-000996,MC-000996-nXxW,Yes,Yes,4.17,,,,,
1022,CDS-u0Uxzx,ACH-000791,MC-000791-hZfp,Yes,Yes,2.26,,,,,
1023,CDS-u0nfqJ,ACH-000919,MC-000919-7VUL,Yes,Yes,88.77,,,,,
1024,CDS-u2n4La,ACH-000492,MC-000492-fJz7,Yes,Yes,2.4,0.0175609791454443,0.0,0.021580010864251,2.10436669382491,0.0
1025,CDS-u8uC2E,ACH-002779,MC-002779-ZfBt,Yes,Yes,2.37,0.0752420474617398,0.0,0.159465036295826,2.19313918668102,3.0
1026,CDS-u9gWV8,ACH-000533,MC-000533-fYvG,Yes,Yes,1.57,0.0144263102395637,0.0,0.0146544968319905,1.99872074340514,0.0
1027,CDS-uAZk1h,ACH-001611,MC-001611-y9MC,Yes,Yes,2.72,0.220445679121709,1.0,0.688725410397425,3.40825470625317,23.0
1028,CDS-uDQiu1,ACH-003221,MC-003221-bo37,Yes,Yes,3.14,0.720278704788522,1.0,0.0140370599952944,3.11731060910303,0.0
1029,CDS-uDR4r5,ACH-000448,MC-000448-xj1z,Yes,Yes,1.07,0.217473529043635,1.0,0.536528407391935,3.28592800280004,20.0
1030,CDS-uENFGc,ACH-002544,MC-002544-9Y33,Yes,Yes,3.36,0.496616843822787,1.0,0.591790154036472,4.77571977543961,33.0
1031,CDS-uEfjlL,ACH-000679,MC-000679-4DaG,Yes,Yes,2.04,0.289814867901876,1.0,0.765195574806277,3.50363779748636,26.0
1032,CDS-uGSP4U,ACH-003067,MC-003067-mq2p,Yes,Yes,2.13,0.0239493658427852,0.0,0.0250545104197004,2.09064574910816,1.0
1033,CDS-uGV4uK,ACH-000612,MC-000612-7B8o,Yes,Yes,4.71,9.55882348515629e-05,0.0,0.000980209071603772,2.001553760496,0.0
1034,CDS-uLf8M0,ACH-001990,MC-001990-wnys,Yes,Yes,1.98,0.124581977266415,0.0,0.516953529276318,2.47520277196332,17.0
1035,CDS-uM0rlw,ACH-000143,MC-000143-xMKb,Yes,Yes,1.84,0.0497796204081276,0.0,0.0578540341998417,2.05346590848069,2.0
1036,CDS-uQv8yw,ACH-000816,MC-000816-jwfl,Yes,Yes,0.84,,,,,
1037,CDS-uXkGBY,ACH-002084,MC-002084-7dbu,Yes,Yes,2.73,0.222619054235658,1.0,0.601133447539921,3.59194024224047,24.0
1038,CDS-uYOFVp,ACH-001863,MC-001863-Q69R,Yes,Yes,1.97,0.442246468073471,1.0,0.642803073846951,3.28128306200097,28.0
1039,CDS-ucVmnw,ACH-000730,MC-000730-2O1L,Yes,Yes,1.3,0.106847652943949,1.0,0.533115968755956,3.49225822824286,18.0
1040,CDS-ugANqy,ACH-000295,MC-000295-wXek,Yes,Yes,1.99,0.14347732203512,1.0,0.675676830038077,4.9380871219425,25.0
1041,CDS-uhGMmZ,ACH-000096,MC-000096-OrvI,Yes,Yes,1.21,0.0139547473860718,0.0,0.0139679435851263,1.99819997173456,0.0
1042,CDS-ulWw6E,ACH-003190,MC-003190-ssgh,Yes,Yes,1.93,,,,,
1043,CDS-ulp4x8,ACH-000352,MC-000352-HPEl,Yes,Yes,1.61,0.325982044371775,1.0,0.69693542612651,3.93652853285202,25.0
1044,CDS-unVAmn,ACH-001100,MC-001100-Ekc7,Yes,Yes,2.56,0.0796896964163876,0.0,0.238686839548818,2.6485870434964,32.0
1045,CDS-uqc3Gq,ACH-000040,MC-000040-IUSx,Yes,Yes,2.56,,,,,
1046,CDS-uuMA25,ACH-002459,MC-002459-cRI0,Yes,Yes,1.55,0.257494897749903,1.0,0.5259856707209,2.8053953250755,18.0
1047,CDS-uxkYNz,ACH-000228,MC-000228-aDV5,Yes,Yes,2.35,0.490578963197723,1.0,0.694590923132011,4.83624724189381,35.0
1048,CDS-v0M7S5,ACH-001680,MC-001680-sp3j,Yes,Yes,2.47,0.0811848030545542,0.0,0.245592430074804,2.17788180261678,6.0
1049,CDS-v1zz0v,ACH-000338,MC-000338-pAyK,Yes,Yes,2.28,0.111775708229953,1.0,0.624800331952518,3.60525996094114,24.0
1050,CDS-v2eqdZ,ACH-000308,MC-000308-E734,Yes,Yes,1.6,0.375162530202515,1.0,0.702412040130965,3.02916084998445,23.0
1051,CDS-v2slR8,ACH-000373,MC-000373-zafG,Yes,Yes,2.09,0.0911164290052369,0.0,0.207568819429108,1.96247617274707,9.0
1052,CDS-vHArJs,ACH-000969,MC-000969-drm8,Yes,Yes,89.35,,,,,
1053,CDS-vJQlAe,ACH-000264,MC-000264-sUto,Yes,Yes,2.05,0.33950540899466,1.0,0.493142535026168,2.82957608051606,19.0
1054,CDS-vNNLAr,ACH-000375,MC-000375-3NLt,Yes,Yes,2.19,,,,,
1055,CDS-vNnvMG,ACH-000334,MC-000334-r0NH,Yes,Yes,1.4,0.112616191733335,1.0,0.580333909952572,3.09807642693142,22.0
1056,CDS-vOVtqd,ACH-000367,MC-000367-z5wu,Yes,Yes,1.2,,,,,
1057,CDS-vTNufH,ACH-000167,MC-000167-lZrU,Yes,Yes,2.77,0.0551462486432873,0.0,0.148598684782991,2.22759596820008,4.0
1058,CDS-vhwtpj,ACH-000265,MC-000265-xaBW,Yes,Yes,2.74,0.295413826639014,1.0,0.499788648101439,3.12937306377643,13.0
1059,CDS-vmIKkD,ACH-000371,MC-000371-fnbQ,Yes,Yes,3.0,0.0958005791609445,0.0,0.229103893153677,2.10547067778311,7.0
1060,CDS-vnUjSr,ACH-000460,MC-000460-OPZJ,Yes,Yes,3.5,,,,,
1061,CDS-vp6X0E,ACH-001705,MC-001705-4mvl,Yes,Yes,2.16,0.465267397240422,1.0,0.745446779745314,3.14165374281009,30.0
1062,CDS-vvePdK,ACH-000095,MC-000095-UcYl,Yes,Yes,14.64,0.0606705910706843,0.0,0.158578135932264,2.11165563587352,4.0
1063,CDS-vzrexM,ACH-001085,MC-001085-GSGk,Yes,Yes,2.41,0.197732245660939,1.0,0.499392846136864,3.06676765511568,18.0
1064,CDS-w2F8NH,ACH-002001,MC-002001-n8MQ,Yes,Yes,2.76,0.323928462618069,1.0,0.589951116303745,2.91868609605726,17.0
1065,CDS-w4IdeE,ACH-000013,MC-000013-MIEW,Yes,Yes,2.31,0.183226296931496,1.0,0.465926361274211,3.33515166930309,20.0
1066,CDS-w5MfyB,ACH-000023,MC-000023-zYrZ,Yes,Yes,1.43,0.260960840668605,1.0,0.521920307465826,3.17008567415169,23.0
1067,CDS-w7F1xe,ACH-000754,MC-000754-IW8e,Yes,Yes,2.97,0.30810930901225,1.0,0.675598832182303,4.65282682025462,33.0
1068,CDS-w8WFIW,ACH-000132,MC-000132-D7jg,Yes,Yes,0.44,0.341390087525572,1.0,0.658236839999398,3.77279378266231,18.0
1069,CDS-wEebz6,ACH-000857,MC-000857-Y6lb,Yes,Yes,1.79,0.496092949208805,1.0,0.667002950653404,2.84164318715107,22.0
1070,CDS-wNtVg2,ACH-000059,MC-000059-DjJ1,Yes,Yes,2.32,0.0337711949000221,0.0,0.0882376867386589,2.03424529596828,2.0
1071,CDS-wPv4Mg,ACH-000768,MC-000768-FLBy,Yes,Yes,2.14,0.252085598186868,1.0,0.447448772474867,3.01104603556343,17.0
1072,CDS-wQ4qzf,ACH-000830,MC-000830-ZfdN,Yes,Yes,0.85,,,,,
1073,CDS-wiYhFi,ACH-000151,MC-000151-opkL,Yes,Yes,2.13,0.172340615360938,0.0,0.441363903310694,2.33393451618111,11.0
1074,CDS-wkeVvI,ACH-001548,MC-001548-CZI2,Yes,Yes,2.01,,,,,
1075,CDS-wmOGjh,ACH-001984,MC-001984-aM63,Yes,Yes,2.48,,,,,
1076,CDS-wrH1Rn,ACH-001228,MC-001228-LeaL,Yes,Yes,2.08,0.285920412705711,1.0,0.659912004597963,3.17914968564415,24.0
1077,CDS-wsTy1r,ACH-000585,MC-000585-bB5C,Yes,Yes,2.52,0.433310266253012,1.0,0.774331956870691,3.35407957595114,24.0
1078,CDS-wtUKby,ACH-000429,MC-000429-gjoP,Yes,Yes,3.84,,,,,
1079,CDS-wzFULi,ACH-000793,MC-000793-0iSa,Yes,Yes,1.81,,,,,
1080,CDS-x83AJq,ACH-000586,MC-000586-9LVL,Yes,Yes,1.23,0.416017620820876,1.0,0.694439025206109,2.62232003096575,28.0
1081,CDS-x8gnvF,ACH-000179,MC-000179-iX25,Yes,Yes,0.78,0.177828796373704,1.0,0.476432957074356,3.20147113377167,20.0
1082,CDS-x8pk8g,ACH-001979,MC-001979-E3qW,Yes,Yes,1.99,0.147474729498258,1.0,0.52289733471049,3.28007471607349,18.0
1083,CDS-xEMAig,ACH-000882,MC-000882-WA3V,Yes,Yes,2.44,0.112440778459057,1.0,0.515292026947045,3.25201762448138,20.0
1084,CDS-xLFzLn,ACH-000620,MC-000620-sZdG,Yes,Yes,1.97,0.107264394948073,1.0,0.759696106646507,4.3291777378226,26.0
1085,CDS-xMzGla,ACH-000872,MC-000872-Vecx,Yes,Yes,2.17,0.316628166977497,1.0,0.634225200666128,3.84788049014364,31.0
1086,CDS-xON9LW,ACH-000037,MC-000037-Q40d,Yes,Yes,2.81,,,,,
1087,CDS-xSa914,ACH-003573,MC-003573-ov20,Yes,Yes,2.11,0.451076676855566,1.0,0.595488414042193,2.79276590227355,26.0
1088,CDS-xdd3jw,ACH-000146,MC-000146-cqxn,Yes,Yes,2.52,,,,,
1089,CDS-xe8NpT,ACH-000192,MC-000192-PYXk,Yes,Yes,1.1,0.331896334974356,1.0,0.761670183357371,3.12951222199072,28.0
1090,CDS-xfzyN8,ACH-000189,MC-000189-8xLJ,Yes,Yes,3.27,,,,,
1091,CDS-xjbaGq,ACH-001275,MC-001275-b4i6,Yes,Yes,2.68,0.0506876186961454,0.0,0.163666170049978,2.21082696753582,5.0
1092,CDS-xnmMQE,ACH-002485,MC-002485-tGTc,Yes,Yes,2.56,0.254321872129115,0.0,0.312779960936542,1.93328584653629,9.0
1093,CDS-xt2V6j,ACH-000498,MC-000498-kxhP,Yes,Yes,3.02,0.0703888572744996,0.0,0.211174480909777,2.12551720898664,6.0
1094,CDS-xvtYY4,ACH-001709,MC-001709-uqbT,No,No,46.85,,,,,
1095,CDS-y0y2ZX,ACH-000520,MC-000520-YIm7,Yes,Yes,1.48,0.380938727489735,1.0,0.680768196940633,3.02242189616613,26.0
1096,CDS-y27cba,ACH-002283,MC-002283-sVKc,Yes,Yes,3.9,0.147085157380854,0.0,0.246068180316891,2.11517993829977,6.0
1097,CDS-y2bj2s,ACH-000456,MC-000456-4zaf,Yes,Yes,2.3,0.169205708154577,1.0,0.476596480774234,3.35346436996103,17.0
1098,CDS-y7yI24,ACH-001704,MC-001704-8ZPF,Yes,Yes,1.55,0.141834206040228,1.0,0.645016963233029,4.87615619329108,35.0
1099,CDS-y9LJmW,ACH-001036,MC-001036-cOfn,Yes,Yes,3.25,0.099139817850544,1.0,0.609371581613822,3.78075247797335,21.0
1100,CDS-yDbDUz,ACH-000676,MC-000676-xCHT,Yes,Yes,2.04,0.36065958655362,1.0,0.782485346398799,4.0500318083404,20.0
1101,CDS-yFiQrW,ACH-002446,MC-002446-isJ2,Yes,Yes,2.71,0.342096684176055,1.0,0.824713242921202,4.71775930969931,32.0
1102,CDS-yMaQwE,ACH-000276,MC-000276-Niqg,Yes,Yes,1.85,,,,,
1103,CDS-yT3yr5,ACH-000614,MC-000614-7X1Q,Yes,Yes,1.11,0.153992864060107,1.0,0.386418913531457,3.23372759680988,15.0
1104,CDS-yTIC5D,ACH-001494,MC-001494-4tLW,Yes,Yes,2.6,0.174017882422328,1.0,0.528866268617768,3.12299520548061,18.0
1105,CDS-yWQNzZ,ACH-002668,MC-002668-UVjt,Yes,Yes,2.8,0.141259330287549,0.0,0.173997818636372,1.96523116018761,4.0
1106,CDS-yfdxEP,ACH-000478,MC-000478-mPIr,Yes,Yes,1.84,0.266171987828682,1.0,0.719186288904245,4.45466412569342,31.0
1107,CDS-ygszsZ,ACH-000944,MC-000944-cm2a,Yes,Yes,4.04,0.083393374810131,0.0,0.218963295887046,2.19335287308872,6.0
1108,CDS-yi2mtY,ACH-000852,MC-000852-Hjuv,Yes,Yes,1.05,,,,,
1109,CDS-ymQKRh,ACH-000246,MC-000246-NnuW,No,No,2.34,0.0177373022852615,1.0,0.72832226661888,4.90772910236877,32.0
1110,CDS-yn3mxf,ACH-002080,MC-002080-oLkJ,Yes,Yes,2.69,,,,,
1111,CDS-ysaJcp,ACH-000720,MC-000720-nYfB,Yes,Yes,2.29,,,,,
1112,CDS-yvi0TY,ACH-000008,MC-000008-LaE3,Yes,Yes,1.43,0.361243410943431,1.0,0.599785051108331,2.94907201851044,24.0
1113,CDS-z4iqqK,ACH-000147,MC-000147-Uovr,Yes,Yes,1.1,0.463971129705898,1.0,0.556114696910905,3.06671895755229,28.0
1114,CDS-z7vGBN,ACH-000070,MC-000070-XibM,Yes,Yes,1.92,0.0321775344513802,0.0,0.0901787316056755,2.03163617905495,2.0
1115,CDS-z8DETM,ACH-000861,MC-000861-9ux2,Yes,Yes,2.04,0.327734948701663,1.0,0.681515188389793,4.76469813659166,25.0
1116,CDS-zA6M31,ACH-000845,MC-000845-meEc,Yes,Yes,3.46,0.318359106670895,1.0,0.671911760989257,3.11043691336313,26.0
1117,CDS-zCiqP6,ACH-002523,MC-002523-IXGJ,Yes,Yes,2.12,0.140040358523159,1.0,0.545986568099431,3.27063739820647,20.0
1118,CDS-zClyZ7,ACH-000979,MC-000979-bkVz,Yes,Yes,55.11,0.283468066162924,1.0,0.526305415777389,2.77115361130211,18.0
1119,CDS-zF8Hpn,ACH-000202,MC-000202-zGdK,Yes,Yes,2.34,0.423575562743459,1.0,0.661723395663286,2.74423367244179,28.0
1120,CDS-zL3e69,ACH-001020,MC-001020-7mCY,Yes,Yes,2.35,0.0136508149684892,0.0,0.0140095374091088,1.99944557079728,0.0
1121,CDS-zLHSIJ,ACH-000977,MC-000977-eAUW,Yes,Yes,61.83,0.0349102439062755,0.0,0.035851204562944,1.97199359864931,0.0
1122,CDS-zLNnu1,ACH-000226,MC-000226-ZYgM,Yes,Yes,2.48,,,,,
1123,CDS-zNbQmq,ACH-000372,MC-000372-lJjw,Yes,Yes,2.81,0.105474423557852,1.0,0.422936980204971,3.97311281816699,15.0
1124,CDS-zP6uQL,ACH-002069,MC-002069-bcEP,Yes,Yes,4.43,,,,,
1125,CDS-zSEOol,ACH-003187,MC-003187-sklm,Yes,Yes,2.3,0.368801147537387,1.0,0.640520769053514,2.91542728206415,23.0
1126,CDS-zSWDsT,ACH-000182,MC-000182-9dWr,Yes,Yes,3.96,0.334402857080787,0.0,0.413621666334565,1.93638045101164,15.0
1127,CDS-zbxS7e,ACH-003273,MC-003273-qwen,Yes,Yes,2.08,0.0882567937272352,0.0,0.259586963424253,2.15992525014922,11.0
1128,CDS-zngAdz,ACH-001573,MC-001573-Kzh2,Yes,Yes,3.22,,,,,
1129,CDS-zow8PI,ACH-000718,MC-000718-EHx2,Yes,Yes,2.04,0.281168199770615,1.0,0.627886289154839,3.12244747513488,23.0
1130,CDS-ztD4Zl,ACH-002070,MC-002070-tGf5,Yes,Yes,2.3,0.245877265958632,0.0,0.293985350517117,2.16667641394797,2.0
1131,CDS-zzcIXf,ACH-000623,MC-000623-239I,Yes,Yes,1.95,0.141439094891444,1.0,0.564802957216618,3.31393273537429,23.0
1132,CDS-00rz9N,ACH-002214,MC-002214-sINb,No,Yes,1.2,0.00435009860509046,0.0,0.229657966899637,2.3252060996776702,7.0
1133,CDS-01bI6z,ACH-001020,MC-001020-7mCY,No,No,3.61,0.0132114947576384,0.0,0.014079534062211,2.00130663182774,0.0
1134,CDS-02waxZ,ACH-000317,MC-000317-zFR4,No,No,1.95,0.221033453551828,0.0,0.441852638127948,2.02976829262728,13.0
1135,CDS-04TUV3,ACH-000382,MC-000382-13CK,No,No,1.23,0.17043657712918,0.0,0.358468950693595,1.7884221269689,10.0
1136,CDS-051M8l,ACH-000172,MC-000172-XmiC,No,No,4.46,,,,,
1137,CDS-05Htjb,ACH-000527,MC-000527-sDUu,No,Yes,1.31,0.155098092693289,1.0,0.509044826231457,3.0154568677694202,21.0
1138,CDS-05QiX5,ACH-000083,MC-000083-6AIn,Yes,Yes,1.02,0.000104944792031006,0.0,0.000837923879200038,2.00091519969383,0.0
1139,CDS-05XWcR,ACH-001494,MC-001494-4tLW,No,No,5.07,0.0773206071743989,1.0,0.532568451559494,3.1185149580755196,18.0
1140,CDS-0Ab8A9,ACH-000522,MC-000522-4AmM,No,Yes,1.03,0.32513872140938,1.0,0.770369611657667,3.70681354115579,25.0
1141,CDS-0CdX3v,ACH-001609,MC-001609-ziwW,No,No,3.03,0.504203685333354,1.0,0.671771780680536,2.13192778298014,14.0
1142,CDS-0E55sI,ACH-000183,MC-000183-QKEz,No,Yes,0.91,0.140964612197596,0.0,0.372644657968031,2.22278881882011,9.0
1143,CDS-0Hians,ACH-000937,MC-000937-y4mA,No,Yes,8.43,,,,,
1144,CDS-0Hw2Bk,ACH-000273,MC-000273-86rL,No,Yes,0.91,0.292119189670736,1.0,0.802544067582437,4.75510583978359,36.0
1145,CDS-0Ia4IT,ACH-000780,MC-000780-jx6G,No,Yes,0.44,0.338434207243904,1.0,0.582157169270583,3.44863488249089,33.0
1146,CDS-0KR1BY,ACH-002130,MC-002130-vakC,Yes,Yes,0.37,0.0915725579959546,0.0,0.169944973429483,2.0145929603972803,4.0
1147,CDS-0M3uWY,ACH-001698,MC-001698-xA1G,Yes,Yes,3.33,0.125406145099755,1.0,0.507822985080296,3.21102928954154,19.0
1148,CDS-0M43vk,ACH-002307,MC-002307-dsBL,Yes,Yes,2.04,0.143388725030245,0.0,0.263101450093143,2.1189132157512,5.0
1149,CDS-0OCg0h,ACH-001642,MC-001642-0e1Y,No,Yes,1.94,0.152652160585698,0.0,0.291991190245972,2.1345383459228198,8.0
1150,CDS-0X3p49,ACH-001002,MC-001002-6CvH,Yes,Yes,1.13,0.446852705089178,1.0,0.798061919435356,4.3211738374071,25.0
1151,CDS-0Xzmie,ACH-001735,MC-001735-LzxR,No,No,49.94,0.0520206280964451,0.0,0.0924703040066711,1.9946854920017498,3.0
1152,CDS-0YdUxu,ACH-001402,MC-001402-zpCA,No,Yes,0.84,0.219227909749384,1.0,0.73627360908872,3.57341856152524,25.0
1153,CDS-0ZKINi,ACH-002230,MC-002230-gr3t,Yes,Yes,1.19,,,,,
1154,CDS-0c0cBO,ACH-000803,MC-000803-vCJK,No,Yes,0.71,0.289229016371523,1.0,0.616204335263026,3.2668161697477203,21.0
1155,CDS-0l14FE,ACH-000254,MC-000254-Xo1Y,Yes,Yes,1.21,0.249930795060813,1.0,0.835994412900745,4.87644001061367,30.0
1156,CDS-0lrlra,ACH-001632,MC-001632-c7YN,Yes,Yes,2.46,0.266415950244555,0.0,0.394732670725755,1.9087512649206697,13.0
1157,CDS-0mDzaB,ACH-000932,MC-000932-AXF8,No,Yes,82.79,0.0455085698232017,0.0,0.0891223553757953,2.0495646891287698,2.0
1158,CDS-0nGPCd,ACH-002283,MC-002283-sh7o,No,Yes,3.34,,,,,
1159,CDS-0nY539,ACH-000378,MC-000378-GwDw,No,No,2.75,0.195795816462262,1.0,0.733978334587065,3.3215156859629,18.0
1160,CDS-0nxrUZ,ACH-001662,MC-001662-jY7P,No,No,4.81,0.620745151435206,1.0,0.658486437133177,2.88095948360417,26.0
1161,CDS-0o3uUk,ACH-000007,MC-000007-SSIv,No,No,4.08,0.0420309220648635,0.0,0.291637715022366,2.28070962869888,8.0
1162,CDS-0oUrUO,ACH-000290,MC-000290-aDAR,No,No,2.69,0.125427361543347,1.0,0.401055199865624,4.13347795349825,11.0
1163,CDS-0ohBt6,ACH-000292,MC-000292-LgHL,No,Yes,1.04,0.340816962926083,1.0,0.621543016011789,2.6537298351868,24.0
1164,CDS-0pNzBU,ACH-000757,MC-000757-hFFN,No,Yes,1.23,0.273001317009136,1.0,0.659839488045441,3.28686849345325,16.0
1165,CDS-0pS7rH,ACH-000087,MC-000087-JDLx,No,Yes,0.68,0.260932128663166,0.0,0.445211795661474,2.3082727785984902,8.0
1166,CDS-0tKUL7,ACH-000912,MC-000912-cLYP,No,No,1.15,0.288781468117989,0.0,0.420079455598636,1.85492940248424,9.0
1167,CDS-0wO1Np,ACH-000872,MC-000872-Vecx,No,No,5.44,0.30933108718292,1.0,0.612426167012301,3.04122907540276,24.0
1168,CDS-0z1zD4,ACH-000117,MC-000117-n0Mf,No,Yes,0.94,0.290206202533406,1.0,0.598646677311984,3.4062090035097903,23.0
1169,CDS-113yfy,ACH-000480,MC-000480-LnYg,No,Yes,1.35,0.558500791189237,1.0,0.590962568394106,2.66146561014943,24.0
1170,CDS-12n0J6,ACH-000543,MC-000543-WI4t,Yes,Yes,1.44,0.111216018605136,1.0,0.513559723756801,3.6140298662870403,32.0
1171,CDS-13Wsxa,ACH-001655,MC-001655-jaAf,Yes,Yes,3.04,,,,,
1172,CDS-17S80f,ACH-000551,MC-000551-DKoh,No,No,2.03,0.256073980817241,1.0,0.474841731904101,3.04887997861062,17.0
1173,CDS-17udUf,ACH-002004,MC-002004-Cnnn,No,No,3.31,0.267510218074423,1.0,0.553574142378374,3.0349970350969904,19.0
1174,CDS-192CLn,ACH-000985,MC-000985-gi0a,No,Yes,88.08,0.0435548030144733,1.0,0.47961092195445,3.4517605005035095,18.0
1175,CDS-1CmPe1,ACH-001097,MC-001097-kxuV,No,No,5.73,0.194096293796683,0.0,0.358507928749557,2.19359141578553,7.0
1176,CDS-1CreH8,ACH-000911,MC-000911-cZaQ,No,Yes,59.8,0.617844144273763,1.0,0.458183827347859,2.51548215727086,30.0
1177,CDS-1D3QX5,ACH-000354,MC-000354-6wZM,No,Yes,0.81,0.386827667539016,1.0,0.694357028967995,2.89086893411334,22.0
1178,CDS-1EGCKl,ACH-000374,MC-000374-mhth,No,No,1.99,0.517552554554461,1.0,0.789419808236639,3.7603640993884997,30.0
1179,CDS-1FmH0M,ACH-000696,MC-000696-moRz,No,Yes,1.31,0.515729006038138,1.0,0.716358604774686,2.65124035413613,25.0
1180,CDS-1GKT5K,ACH-000974,MC-000974-UjmW,No,No,79.75,,,,,
1181,CDS-1MBGJv,ACH-000052,MC-000052-uUW6,No,No,1.19,0.145360457518409,1.0,0.507187529379461,3.42664959829798,15.0
1182,CDS-1NoFjX,ACH-000061,MC-000061-52tP,No,Yes,1.03,0.132903729670832,0.0,0.259582797763693,2.08916213224859,5.0
1183,CDS-1Pq2Sj,ACH-002376,MC-002376-rLQ4,Yes,Yes,0.74,0.00259003426457799,0.0,0.0279737167379301,2.0379627832648,0.0
1184,CDS-1Rh0xX,ACH-000142,MC-000142-jGL9,No,Yes,1.2,0.192195040852777,1.0,0.539722184914985,3.03426840311604,20.0
1185,CDS-1S9QW3,ACH-000412,MC-000412-dhsP,Yes,Yes,2.02,0.325244369836905,0.0,0.569263120718517,2.12687612638554,13.0
1186,CDS-1TxZbx,ACH-002195,MC-002195-xt3l,Yes,Yes,0.65,0.292851603703326,1.0,0.608826689259052,3.09841325447274,24.0
1187,CDS-1YKa0K,ACH-000940,MC-000940-SV1H,No,Yes,84.22,0.0461512707905801,0.0,0.240027939153688,2.24635682186057,7.0
1188,CDS-1fuixu,ACH-000838,MC-000838-Zbla,No,No,3.24,0.0574860863138323,1.0,0.595660114469236,3.7489727590969197,20.0
1189,CDS-1fvWms,ACH-000477,MC-000477-pmML,No,No,1.16,0.165592683703615,1.0,0.697292205570392,3.8769578364424904,24.0
1190,CDS-1gIDZg,ACH-000433,MC-000433-QMwK,No,Yes,1.04,0.157306041429877,1.0,0.388963210908645,3.25030797871744,14.0
1191,CDS-1i4BK0,ACH-001654,MC-001654-bKPM,Yes,Yes,4.79,0.169192261661491,0.0,0.649927494902579,2.61794854860584,25.0
1192,CDS-1kJjpn,ACH-000656,MC-000656-Hh7S,No,Yes,1.54,0.132935968799062,0.0,0.324021514002358,2.32006386978669,7.0
1193,CDS-1nOytO,ACH-001380,MC-001380-9Lr6,Yes,Yes,3.97,0.285450224047371,1.0,0.554582209386257,2.98627562510265,23.0
1194,CDS-1qKXMt,ACH-000725,MC-000725-O2Bv,No,Yes,0.43,0.41290530101199,1.0,0.798942100859531,3.10804370923439,28.0
1195,CDS-1rjyCt,ACH-000237,MC-000237-Fv8V,No,No,3.65,0.119637227054139,1.0,0.748472209214716,4.9408301133112005,35.0
1196,CDS-1up8jC,ACH-000885,MC-000885-jOR3,No,Yes,72.12,0.0030088261359245,0.0,0.0700454965219471,2.08080086126144,2.0
1197,CDS-1xwlXO,ACH-002510,MC-002510-huzv,No,No,3.59,0.227986054135033,1.0,0.655111359946402,3.40255342708955,29.0
1198,CDS-1yfqHI,ACH-000124,MC-000124-5pKl,Yes,Yes,2.42,0.0557696473318693,0.0,0.105136491402318,2.03367202348945,3.0
1199,CDS-1yidOo,ACH-001048,MC-001048-JZjh,Yes,Yes,1.18,0.201127185533569,1.0,0.572741085292929,3.2351697383829303,21.0
1200,CDS-20YHsD,ACH-000732,MC-000732-pa69,No,No,1.4,0.0857446962117986,0.0,0.239079419917484,2.01760727946608,8.0
1201,CDS-21bVSy,ACH-000729,MC-000729-kll9,No,Yes,2.27,0.140825442626251,0.0,0.279820064071985,2.11044813018233,9.0
1202,CDS-26MTuh,ACH-001385,MC-001385-aPIz,No,Yes,0.79,0.00525635655298981,0.0,0.0224333558432089,2.02975907127862,0.0
1203,CDS-27CJ7F,ACH-000257,MC-000257-cJZK,No,Yes,0.66,,,,,
1204,CDS-29obPF,ACH-002122,MC-002122-SlY7,Yes,Yes,1.06,0.685307273215902,1.0,0.485214761475204,2.3489868999107,11.0
1205,CDS-2C2P2k,ACH-001578,MC-001578-zUzM,No,Yes,1.4,0.329233426529989,1.0,0.689604742709666,2.54937820314154,28.0
1206,CDS-2CSADu,ACH-000347,MC-000347-JMGU,No,Yes,1.75,0.313748538420888,1.0,0.792128536336766,4.3011587033764,23.0
1207,CDS-2EbHzG,ACH-000814,MC-000814-Adkx,No,Yes,0.93,0.129836807489704,0.0,0.229161895367945,1.97919206110348,7.0
1208,CDS-2ElHgG,ACH-000746,MC-000746-HhfN,No,No,2.36,0.321199685319279,1.0,0.536741920871419,2.7726389819286696,19.0
1209,CDS-2EqzSm,ACH-000874,MC-000874-ySU0,No,Yes,30.79,0.0482795199772241,0.0,0.144029819949373,2.09979544863918,3.0
1210,CDS-2K0HGg,ACH-002121,MC-002121-VHOd,Yes,Yes,0.98,0.219599615554032,1.0,0.558650412307868,2.93677035285337,18.0
1211,CDS-2QTNOS,ACH-000376,MC-000376-mBf3,No,No,1.21,0.146369715935638,1.0,0.366284662339999,3.18202459548868,14.0
1212,CDS-2SupPy,ACH-000498,MC-000498-COlJ,No,Yes,2.5,0.089177116282211,0.0,0.23344117846216,2.15192633777704,6.0
1213,CDS-2UNbNY,ACH-002117,MC-002117-Q42D,Yes,Yes,0.41,0.0334588258889732,1.0,0.572015531367392,4.5407165572668795,35.0
1214,CDS-2VINi6,ACH-001627,MC-001627-wPx0,Yes,Yes,3.73,0.087899931379599,0.0,0.155481055221115,2.0145750862637,4.0
1215,CDS-2W38Kt,ACH-002123,MC-002123-93ht,Yes,Yes,0.82,0.192543967304603,1.0,0.616995609028416,3.55491400313265,23.0
1216,CDS-2W4vBy,ACH-000134,MC-000134-Xj1k,Yes,Yes,1.59,0.000227424927160467,0.0,0.000332481775081749,2.00010532396877,0.0
1217,CDS-2Wne22,ACH-001799,MC-001799-AkA5,No,No,3.4,0.151288994417278,1.0,0.540834218685434,3.95236103185804,29.0
1218,CDS-2aFKN1,ACH-002198,MC-002198-EQz7,Yes,Yes,1.42,0.345044336147437,1.0,0.656433852997047,2.83660030551545,15.0
1219,CDS-2dA7P2,ACH-002041,MC-002041-CAG2,No,No,4.31,0.275338991794268,1.0,0.814660019672155,4.124658353241871,25.0
1220,CDS-2g05ia,ACH-000447,MC-000447-VLSP,No,Yes,0.76,0.116379205859408,1.0,0.675352983347082,3.8912217647609504,25.0
1221,CDS-2gAt27,ACH-001490,MC-001490-n9xE,Yes,Yes,0.51,0.2085844967732,0.0,0.321849603982994,1.92042653423358,9.0
1222,CDS-2hBJFI,ACH-002139,MC-002139-gNNk,Yes,Yes,1.48,0.153333233436999,1.0,0.677201973338211,3.7668643540983395,25.0
1223,CDS-2hvO8o,ACH-001495,MC-001495-sW85,Yes,Yes,3.92,0.152325697300722,0.0,0.53429820335289,2.48826485538353,14.0
1224,CDS-2jucw0,ACH-001610,MC-001610-dKv7,No,No,61.81,0.23462311508889,1.0,0.812417878048631,3.91737318898721,24.0
1225,CDS-2lDsE1,ACH-001677,MC-001677-OSee,No,No,3.49,0.183095684251214,1.0,0.304370898207074,4.14687756743295,5.0
1226,CDS-2mn3UX,ACH-000345,MC-000345-oSi2,No,No,1.56,0.0413150475278505,0.0,0.0652720958073532,1.9830620884652999,3.0
1227,CDS-2nRwQi,ACH-000595,MC-000595-Ssey,No,Yes,1.04,0.278656178649109,1.0,0.682168479327613,3.95721407813515,24.0
1228,CDS-2ovd1l,ACH-000662,MC-000662-xLOJ,No,No,4.96,0.411768272982125,1.0,0.644246707787428,4.56707660054586,38.0
1229,CDS-2pr10U,ACH-001804,MC-001804-JH97,No,No,4.18,,,,,
1230,CDS-2sBZ5g,ACH-000605,MC-000605-kZXV,No,Yes,1.67,0.440682202109626,1.0,0.724177610861446,2.85565407658201,27.0
1231,CDS-2th1NS,ACH-001441,MC-001441-SMif,No,No,3.01,0.0170004575467617,1.0,0.464387162493942,3.96225304705841,13.0
1232,CDS-2uXpoa,ACH-000640,MC-000640-6tDp,No,Yes,0.66,0.227658124968006,1.0,0.63867929830395,3.4507857812659504,24.0
1233,CDS-2vd27O,ACH-002040,MC-002040-SWJJ,No,Yes,1.51,0.413753579290741,1.0,0.712073991633128,2.99766663781633,21.0
1234,CDS-2wg1QZ,ACH-000255,MC-000255-PD5c,Yes,Yes,1.46,0.395093627525129,1.0,0.693165157762064,2.6358675565448504,25.0
1235,CDS-2xcJip,ACH-000177,MC-000177-s9Tb,No,Yes,1.69,0.279557074415817,1.0,0.656242483269769,3.4760665773296298,27.0
1236,CDS-2yYIix,ACH-000025,MC-000025-jryP,No,No,3.04,0.581180736056371,1.0,0.432865587349852,3.8104169860555204,16.0
1237,CDS-2zTYZu,ACH-001322,MC-001322-MG03,No,No,5.27,,,,,
1238,CDS-31a2ik,ACH-000167,MC-000167-lZrU,No,No,4.51,0.0134568394851672,0.0,0.116053893776391,2.1024982333027,4.0
1239,CDS-33AagU,ACH-000663,MC-000663-sVpI,No,Yes,1.33,0.118629816557504,1.0,0.627146183776385,3.45536959246814,24.0
1240,CDS-3656jR,ACH-001125,MC-001125-HZPm,Yes,Yes,0.69,0.404051771115496,1.0,0.651736122173529,4.2599257957853505,34.0
1241,CDS-38G5Nx,ACH-002358,MC-002358-jwRm,Yes,Yes,0.97,0.00132730496955994,0.0,0.026652047403744,2.04156698740297,0.0
1242,CDS-3FMC49,ACH-000848,MC-000848-koEA,No,Yes,1.02,0.380974593257688,1.0,0.650703048714034,3.29201086154333,17.0
1243,CDS-3FUs4b,ACH-001767,MC-001767-TReB,Yes,Yes,4.42,1.67005754281615e-05,0.0,0.000247198232053375,2.00019916031172,0.0
1244,CDS-3Hx8hL,ACH-000787,MC-000787-eQaU,Yes,Yes,1.11,0.422046759435447,1.0,0.592935869927171,3.1032597590594304,17.0
1245,CDS-3JCUKe,ACH-000019,MC-000019-fjAY,No,Yes,0.66,0.298939809492739,1.0,0.657735943684457,3.38464337399094,20.0
1246,CDS-3JncAb,ACH-000722,MC-000722-zUCP,Yes,Yes,1.73,0.261139783517077,1.0,0.569332430700406,3.44383418103903,20.0
1247,CDS-3Q7Ijv,ACH-002141,MC-002141-tkp3,Yes,Yes,2.09,0.397269728222176,1.0,0.648455744558443,3.21517918382661,18.0
1248,CDS-3QGjfm,ACH-000060,MC-000060-nHy6,No,Yes,1.0,0.259494840895134,0.0,0.355926770866826,1.83931050441006,14.0
1249,CDS-3RUTPL,ACH-000245,MC-000245-yISu,Yes,Yes,1.71,0.0371587540065984,0.0,0.178877921051569,2.15608994819354,6.0
1250,CDS-3VGjgV,ACH-003429,MC-003429-p002,Yes,Yes,5.59,0.411693135037549,1.0,0.659018129443717,2.93239840215428,28.0
1251,CDS-3XrNMq,ACH-000711,MC-000711-ovtV,No,No,1.24,0.421434381800027,1.0,0.726811427992552,2.65271666355302,22.0
1252,CDS-3bLnaq,ACH-000201,MC-000201-UFGL,No,Yes,0.48,0.00418537822434981,0.0,0.0267167032768725,2.03983743161457,0.0
1253,CDS-3bqZng,ACH-001608,MC-001608-UOYC,No,No,3.81,0.389564089946285,1.0,0.819314997271961,4.80167784963042,31.0
1254,CDS-3gQxzm,ACH-000536,MC-000536-FXhI,No,Yes,1.14,0.548618728673081,1.0,0.682620725155845,2.6478584083188,24.0
1255,CDS-3gohMn,ACH-002284,MC-002284-RjwQ,Yes,Yes,0.77,0.0985156658168619,0.0,0.187627641312832,2.09522397339488,4.0
1256,CDS-3i3ubn,ACH-000236,MC-000236-uqKV,Yes,Yes,1.5,0.283213312122207,1.0,0.634744523459263,3.00456095764215,24.0
1257,CDS-3okWBl,ACH-002352,MC-002352-1NJy,Yes,Yes,1.46,0.00454029560729856,0.0,0.0230984324510605,2.0333244203859,0.0
1258,CDS-3po0r3,ACH-002058,MC-002058-fvr5,Yes,Yes,1.98,0.097720541963046,1.0,0.615108219759699,4.039186296797681,21.0
1259,CDS-3qC9w7,ACH-002264,MC-002264-dhZk,Yes,Yes,1.12,0.548001910850544,1.0,0.757383046081438,4.274257922190451,23.0
1260,CDS-3uvyjt,ACH-001670,MC-001670-aw9W,No,Yes,1.01,0.513711674724385,1.0,0.573970382874068,2.86568360434793,26.0
1261,CDS-3vKSFq,ACH-000432,MC-000432-tHUL,Yes,Yes,1.18,0.0457237055470033,0.0,0.12553616432745,2.16275337270497,3.0
1262,CDS-3voZtx,ACH-002029,MC-002029-eTYU,No,Yes,1.24,0.23724095496424,1.0,0.629050840360903,3.04565983624308,23.0
1263,CDS-3xk0fX,ACH-001523,MC-001523-EZfZ,Yes,Yes,4.25,0.172573219133922,1.0,0.663448326505116,3.57440217541212,28.0
1264,CDS-3yR5qu,ACH-001740,MC-001740-3u0E,No,No,4.58,0.0236224310429834,1.0,0.620748549544269,3.8004452777347404,19.0
1265,CDS-3ycMVI,ACH-000782,MC-000782-Doeq,No,No,31.67,0.0318464984777405,0.0,0.0526776536205766,1.9508978636310401,2.0
1266,CDS-3zyz6n,ACH-000653,MC-000653-q5Vl,No,Yes,1.32,0.307958363586857,1.0,0.667431580964171,2.9648962361874904,22.0
1267,CDS-47Y3Jx,ACH-001093,MC-001093-wzFb,Yes,Yes,1.59,3.38475050124892e-06,0.0,0.0003822632277777,2.00036307496475,0.0
1268,CDS-4Dp3Dn,ACH-000674,MC-000674-UM4g,No,Yes,1.39,0.0890570740690136,0.0,0.430058246884313,2.4746519300199603,13.0
1269,CDS-4GhEqe,ACH-002045,MC-002045-TfMB,No,No,4.11,0.397776337628449,1.0,0.688618633612433,2.69855249976318,24.0
1270,CDS-4IhPBG,ACH-002296,MC-002296-YN5v,Yes,Yes,1.38,0.31295706506276,1.0,0.746204726060556,3.04740027921902,26.0
1271,CDS-4KU6NG,ACH-001736,MC-001736-pJnl,No,No,3.3,0.0369895685382224,0.0,0.0772709489480497,2.0177494530613704,2.0
1272,CDS-4Klk1G,ACH-000017,MC-000017-MjyQ,No,No,2.55,0.182639038649404,1.0,0.746254666874165,4.23132534594812,26.0
1273,CDS-4LuYUY,ACH-000713,MC-000713-MOal,No,Yes,1.32,,,,,
1274,CDS-4UYu12,ACH-001548,MC-001548-CZI2,No,No,3.06,0.0345325696888412,0.0,0.180311267740313,2.25210006233855,6.0
1275,CDS-4VHWSs,ACH-001552,MC-001552-J5Mf,Yes,Yes,3.59,0.0401327605739814,1.0,0.702346355570365,4.933151804835809,32.0
1276,CDS-4WMDUY,ACH-000429,MC-000429-A7Sw,No,Yes,2.6,0.144481068628943,1.0,0.410310102894023,3.99549378564659,15.0
1277,CDS-4Z3flU,ACH-000819,MC-000819-Stb8,No,Yes,0.79,0.426457839581034,1.0,0.724994346083155,2.74846724488042,22.0
1278,CDS-4aIXe6,ACH-000601,MC-000601-42Mz,No,Yes,0.65,0.529273056500744,1.0,0.667078605886931,2.94155611863735,19.0
1279,CDS-4d6JXJ,ACH-002317,MC-002317-biOA,Yes,Yes,2.77,0.0214905936561735,1.0,0.470828344437768,4.12018052627126,15.0
1280,CDS-4fHvxD,ACH-001542,MC-001542-r6aC,No,Yes,1.13,0.297965598428047,1.0,0.627858778872546,2.87478700349302,23.0
1281,CDS-4gXNt3,ACH-000251,MC-000251-RKNi,No,No,6.24,0.283678730951398,1.0,0.807270734242878,3.3210275007884,27.0
1282,CDS-4gmaGI,ACH-000303,MC-000303-fcRP,Yes,Yes,1.24,0.210512399303375,1.0,0.681106066353512,4.1473261614864505,19.0
1283,CDS-4h1pZe,ACH-000098,MC-000098-QY0Z,No,Yes,0.94,,,,,
1284,CDS-4l3bSf,ACH-001654,MC-001654-H2uU,No,Yes,1.35,0.21466277489122,1.0,0.663266676420216,2.6752992492245,25.0
1285,CDS-4lqBoX,ACH-000873,MC-000873-9K63,Yes,Yes,1.06,0.927532528930369,1.0,0.601649479917161,3.1256791406170295,20.0
1286,CDS-4mstMN,ACH-000294,MC-000294-9Msn,No,Yes,0.8,0.0355830258478601,1.0,0.510661846845813,3.5567520247649105,27.0
1287,CDS-4nj92X,ACH-000105,MC-000105-3CZh,Yes,Yes,1.79,0.009640671659513,0.0,0.138007861798031,2.12225220513962,6.0
1288,CDS-4o3BvH,ACH-002211,MC-002211-nzJh,Yes,Yes,1.95,0.21168829942127,0.0,0.37056329309598,2.2280548959083397,8.0
1289,CDS-4oiBVD,ACH-001515,MC-001515-hQCS,Yes,Yes,4.58,0.145411510242077,1.0,0.687914594779037,4.89654410210213,26.0
1290,CDS-4qKOaD,ACH-001392,MC-001392-ka56,Yes,Yes,2.92,0.484936438982725,1.0,0.609844711934514,2.57234822203051,23.0
1291,CDS-4sL7ni,ACH-000988,MC-000988-A9UM,No,Yes,82.09,0.00302651024846121,0.0,0.0242483751927006,2.0313074219206,0.0
1292,CDS-4uRIQW,ACH-000178,MC-000178-Owto,Yes,Yes,1.77,0.340693553739524,1.0,0.692954248492704,2.52446579469302,25.0
1293,CDS-4w5dFL,ACH-002397,MC-002397-bgFR,Yes,Yes,1.71,0.331307542722921,1.0,0.842251234883016,4.12673991089839,23.0
1294,CDS-4wEbfl,ACH-000812,MC-000812-m0LT,No,Yes,0.83,0.268784009596822,1.0,0.528730471101036,2.87310201449358,20.0
1295,CDS-519oCd,ACH-000125,MC-000125-tLIF,Yes,Yes,1.53,0.0,0.0,0.000431555292181536,2.00039521757927,0.0
1296,CDS-51ceZM,ACH-000981,MC-000981-9U4c,No,Yes,61.4,0.00345918510782649,1.0,0.137391229510536,4.00194526961001,5.0
1297,CDS-53dHII,ACH-000500,MC-000500-AuBV,No,No,2.36,0.348063533866265,1.0,0.787440293616754,3.1411191510846,27.0
1298,CDS-54AOsR,ACH-000100,MC-000100-8Lil,Yes,Yes,3.87,0.0991016881940248,1.0,0.480121573183237,3.2575507492732,20.0
1299,CDS-54TzK8,ACH-001530,MC-001530-i3NR,No,No,2.97,0.178949269242807,1.0,0.411870026621754,3.26761048256325,15.0
1300,CDS-5BYnuY,ACH-001289,MC-001289-BpdI,Yes,Yes,5.31,0.0134709560006091,0.0,0.0135110154389889,1.99889510083629,0.0
1301,CDS-5BkVi2,ACH-001852,MC-001852-Fqz5,Yes,Yes,4.1,,,,,
1302,CDS-5E5RUj,ACH-000933,MC-000933-ZKQP,Yes,Yes,68.55,0.038182140883743,0.0,0.176599761333238,2.0543138506232803,6.0
1303,CDS-5GXXPk,ACH-001024,MC-001024-ud25,Yes,Yes,1.14,0.126509009226772,1.0,0.59450012244773,3.5877374445435204,24.0
1304,CDS-5J9sBu,ACH-000800,MC-000800-GRpv,No,Yes,0.82,0.281780526190926,1.0,0.670037171485828,3.316959336439,20.0
1305,CDS-5LolJ4,ACH-000630,MC-000630-nlYv,No,No,1.46,0.134936505471477,1.0,0.667344698063718,3.42399272082095,24.0
1306,CDS-5MVN3G,ACH-000984,MC-000984-epFQ,Yes,Yes,91.33,0.0809736296362968,1.0,0.598840237721209,3.58841526867961,23.0
1307,CDS-5OFcPY,ACH-001328,MC-001328-hRbK,No,Yes,0.73,0.190617025440357,1.0,0.686021953752572,3.57793710973121,22.0
1308,CDS-5R7yBq,ACH-000157,MC-000157-OdB2,No,Yes,1.55,0.0670498994084114,0.0,0.225026611167438,2.23287166571785,5.0
1309,CDS-5TGbt5,ACH-000637,MC-000637-aARQ,No,No,3.27,,,,,
1310,CDS-5UZN6g,ACH-003470,MC-003470-H3L3,Yes,Yes,4.25,0.745426988675633,1.0,0.32146082315317,2.25203015157385,9.0
1311,CDS-5VFZVE,ACH-000377,MC-000377-7WCX,No,No,2.74,0.234235135933417,1.0,0.495292603482004,2.84937799186682,22.0
1312,CDS-5VxQoZ,ACH-000572,MC-000572-yFVA,No,Yes,0.77,0.253518420595117,1.0,0.657596257409605,3.4400560675848597,27.0
1313,CDS-5YK6Pb,ACH-000074,MC-000074-Qybw,No,Yes,1.63,0.580962739788032,1.0,0.473692044415246,2.63356109011008,28.0
1314,CDS-5Z0xQC,ACH-001416,MC-001416-TEmo,Yes,Yes,3.72,0.20674712098374,1.0,0.72663975446406,3.99242655426536,25.0
1315,CDS-5ZImQ6,ACH-000396,MC-000396-pWDl,Yes,Yes,0.56,0.150988665468608,1.0,0.599680709608528,3.3349153988781204,21.0
1316,CDS-5c5CyD,ACH-001412,MC-001412-q1LP,Yes,Yes,3.68,0.337725950107085,1.0,0.693717572959337,3.5286194569337797,32.0
1317,CDS-5d5oQJ,ACH-001301,MC-001301-S2FT,No,No,3.98,,,,,
1318,CDS-5eDlE3,ACH-002104,MC-002104-mUIH,Yes,Yes,0.62,,,,,
1319,CDS-5jHxIH,ACH-001751,MC-001751-oEWE,Yes,Yes,4.02,0.0898724651564628,1.0,0.551106837963147,3.68817023228081,30.0
1320,CDS-5lUxup,ACH-002458,MC-002458-LNX9,No,No,4.77,0.261284091960841,1.0,0.548077185157355,2.7309015933628498,18.0
1321,CDS-5pFz5m,ACH-001192,MC-001192-V0nP,No,Yes,0.88,0.237859806305468,1.0,0.530968386737678,2.7274744746521002,17.0
1322,CDS-5qZtyq,ACH-001649,MC-001649-aJin,No,No,3.06,0.112771161801603,0.0,0.182955056985066,1.92651879345907,8.0
1323,CDS-5qb1To,ACH-000999,MC-000999-M5nP,Yes,Yes,75.95,,,,,
1324,CDS-5rfV37,ACH-002181,MC-002181-oaSe,Yes,Yes,3.0,0.363068982365896,1.0,0.683076307987219,2.80115746054932,28.0
1325,CDS-5rj3yU,ACH-000633,MC-000633-VnoS,No,Yes,1.18,0.486211357335356,1.0,0.704918989897693,3.63478433659724,30.0
1326,CDS-5xHuxB,ACH-001843,MC-001843-hmPS,Yes,Yes,3.25,,,,,
1327,CDS-5yXghk,ACH-001699,MC-001699-TiNC,No,No,4.57,0.245517454673646,1.0,0.603560134565521,3.54037714308749,25.0
1328,CDS-5z9H4I,ACH-000879,MC-000879-Lcmt,No,Yes,70.15,0.0177740281866502,1.0,0.33533906106943,3.7492809602184702,11.0
1329,CDS-5zTVEn,ACH-001355,MC-001355-MtE7,Yes,Yes,1.07,0.114349084307869,0.0,0.262446333230316,2.06275807798821,8.0
1330,CDS-62RUS5,ACH-000959,MC-000959-FEPL,No,No,89.04,0.0194851548964664,0.0,0.0194863550820139,1.9913938359385401,0.0
1331,CDS-62liUG,ACH-000553,MC-000553-uuoP,Yes,Yes,1.59,0.312305044401421,1.0,0.661134286623066,3.04674558897331,21.0
1332,CDS-64cEne,ACH-000760,MC-000760-gvbr,No,No,3.69,0.0201751182642292,1.0,0.34148163544108,3.35970867911081,15.0
1333,CDS-666dRU,ACH-001374,MC-001374-dbTF,Yes,Yes,5.87,0.00203881089244864,0.0,0.00484353355516607,2.00075766875518,0.0
1334,CDS-66wQuk,ACH-001401,MC-001401-l6Fd,No,No,3.63,0.289622208755291,1.0,0.58308458585586,3.06365819869914,15.0
1335,CDS-69IkMA,ACH-000086,MC-000086-pkVs,No,No,1.24,0.392261750194812,1.0,0.492347121123406,4.136490048946221,18.0
1336,CDS-6C6uTn,ACH-002366,MC-002366-76z8,Yes,Yes,1.08,0.0117931821025137,0.0,0.0999750082480513,2.11909489768673,2.0
1337,CDS-6CWFda,ACH-002384,MC-002384-wbCc,Yes,Yes,1.64,0.00205424446603866,0.0,0.0313913118534703,2.04519829626167,0.0
1338,CDS-6DOnVL,ACH-002364,MC-002364-MRqD,Yes,Yes,1.55,0.0517457622398566,0.0,0.0807301030388464,2.0493538918531597,0.0
1339,CDS-6Dr9Xr,ACH-000573,MC-000573-NdVR,No,No,1.57,0.564619610139611,0.0,0.576195975791302,1.68044228414911,18.0
1340,CDS-6E3YdQ,ACH-000621,MC-000621-OQLl,No,Yes,2.75,0.524402721844733,1.0,0.695444644588242,3.0539537372533303,26.0
1341,CDS-6EFxAf,ACH-002286,MC-002286-KFl8,Yes,Yes,1.7,0.338679280450894,1.0,0.700625727875993,2.97073239925704,23.0
1342,CDS-6I18M4,ACH-000720,MC-000720-MgEe,No,Yes,0.62,0.298434139584759,1.0,0.542657469840283,3.19468846469671,17.0
1343,CDS-6JF0op,ACH-000205,MC-000205-IlC2,Yes,Yes,1.95,0.248905697866685,1.0,0.658721223058802,3.42836420725657,23.0
1344,CDS-6LUg4P,ACH-000360,MC-000360-1krl,No,Yes,1.33,0.143088079617673,1.0,0.741172817261291,4.68722281633591,32.0
1345,CDS-6MHm9p,ACH-001522,MC-001522-9yDR,Yes,Yes,3.75,0.439550576659312,1.0,0.67619920406804,3.03644468765106,28.0
1346,CDS-6MLfKi,ACH-000346,MC-000346-WaFc,Yes,Yes,0.88,0.0162165742922451,0.0,0.154183925857883,2.14989008817633,4.0
1347,CDS-6Nxl3q,ACH-000857,MC-000857-B9IA,No,Yes,1.2,0.531383877524246,1.0,0.69032005915959,2.75530418639095,21.0
1348,CDS-6UrLaE,ACH-000531,MC-000531-xOEq,Yes,Yes,1.32,0.00489829682446265,0.0,0.00489831799114738,1.9999958879141202,0.0
1349,CDS-6amOep,ACH-001549,MC-001549-PRW5,Yes,Yes,3.37,0.361948589702374,1.0,0.521266419185634,4.86563919076792,37.0
1350,CDS-6bJg10,ACH-000853,MC-000853-HoA7,No,Yes,0.87,0.336234457326082,1.0,0.793082961594955,3.73083675538625,25.0
1351,CDS-6eD7vF,ACH-001278,MC-001278-XOlL,No,No,5.11,,,,,
1352,CDS-6gv7ZJ,ACH-002508,MC-002508-1EaB,No,No,3.02,0.284110205056704,1.0,0.650475632090451,2.9445344866732,24.0
1353,CDS-6kTcMx,ACH-000379,MC-000379-YR4E,Yes,Yes,0.85,0.439528799650993,1.0,0.642856513675258,2.63548649008529,28.0
1354,CDS-6liik0,ACH-000561,MC-000561-m7ap,Yes,Yes,2.19,0.328374340283707,1.0,0.783429837820033,3.9325955771921097,29.0
1355,CDS-6nnGRE,ACH-000096,MC-000096-dANy,No,Yes,0.83,0.0186413994273218,0.0,0.0411102048797718,2.0415314038344197,0.0
1356,CDS-6rYDTc,ACH-000319,MC-000319-0wpg,No,Yes,0.68,0.377889858025647,1.0,0.69477546597828,2.48034800915247,14.0
1357,CDS-6safT6,ACH-002114,MC-002114-70zb,Yes,Yes,0.62,0.0891681582065692,0.0,0.139562790042291,2.03970515635022,3.0
1358,CDS-6vimSZ,ACH-000198,MC-000198-X3W2,No,Yes,0.82,0.0591719506980202,0.0,0.309369616574277,2.26758088406127,10.0
1359,CDS-6xI5LW,ACH-000266,MC-000266-Jc8S,Yes,Yes,1.79,0.145693655207902,1.0,0.421219645564669,3.0268974868401597,18.0
1360,CDS-71Kmxy,ACH-000330,MC-000330-YqWa,No,Yes,0.59,0.385253113376915,1.0,0.724391617721635,3.10048624490915,24.0
1361,CDS-72GARl,ACH-000458,MC-000458-xKvR,Yes,Yes,2.42,,,,,
1362,CDS-7CaF3i,ACH-002266,MC-002266-BUa2,Yes,Yes,0.63,0.337924917796952,1.0,0.798308482499406,3.38880489563014,23.0
1363,CDS-7F9i1N,ACH-000372,MC-000372-76mQ,No,Yes,1.23,0.0909263023062963,1.0,0.44917521449034,3.88994414672371,15.0
1364,CDS-7HnRc2,ACH-002293,MC-002293-Vi6T,Yes,Yes,1.84,0.0618335223899055,0.0,0.135506068580208,2.05400485645024,3.0
1365,CDS-7Kh68B,ACH-001456,MC-001456-4fjm,Yes,Yes,4.35,0.182247341612686,1.0,0.62691199846342,2.9950518110114404,26.0
1366,CDS-7LAcun,ACH-000214,MC-000214-aZvx,Yes,Yes,1.88,2.69538406555736e-05,0.0,2.69572214280592e-05,1.99986575839055,0.0
1367,CDS-7LuiTf,ACH-000754,MC-000754-MToB,No,Yes,1.19,0.342859082614021,1.0,0.687196940836667,4.524221382338481,33.0
1368,CDS-7Q1WvG,ACH-000750,MC-000750-lpUw,No,Yes,0.9,0.129537143841809,1.0,0.45348781573114,3.29667491014192,17.0
1369,CDS-7R30As,ACH-000173,MC-000173-L2qF,Yes,Yes,1.97,,,,,
1370,CDS-7RR9Q1,ACH-000362,MC-000362-z9Q8,No,No,2.46,0.000710007177162124,0.0,0.178206768630555,2.26219009898483,8.0
1371,CDS-7RjuFq,ACH-000624,MC-000624-9TIG,No,Yes,2.86,0.589172631312757,1.0,0.61416764486535,2.46488172755018,15.0
1372,CDS-7VzOje,ACH-000349,MC-000349-slwO,No,Yes,3.23,0.472218123722605,0.0,0.588808073651989,1.80447277100315,15.0
1373,CDS-7Wz6q8,ACH-001208,MC-001208-AXGm,Yes,Yes,1.42,0.494445586182228,1.0,0.749812582375294,4.77240203746433,34.0
1374,CDS-7ZuUHk,ACH-000374,MC-000374-7N0F,No,Yes,0.48,0.514411205282999,1.0,0.777246231293331,3.8158568087251603,29.0
1375,CDS-7abKVj,ACH-000394,MC-000394-POM3,No,Yes,0.67,0.333290033650877,1.0,0.738356927082257,3.1832051791761,23.0
1376,CDS-7coQFF,ACH-000562,MC-000562-veWb,Yes,Yes,1.41,0.0021980326612989,0.0,0.196188547119654,2.2487733134904,6.0
1377,CDS-7dVOo6,ACH-002044,MC-002044-OqIP,No,No,3.36,,,,,
1378,CDS-7dZJYo,ACH-000771,MC-000771-lGmR,No,No,2.11,0.0841749270940862,0.0,0.213345115992029,2.0314052763988997,7.0
1379,CDS-7f41z4,ACH-000769,MC-000769-9wUy,No,Yes,0.92,0.620291013801559,1.0,0.598590006984451,4.32915971985467,37.0
1380,CDS-7ffA1d,ACH-000004,MC-000004-pA3k,No,No,3.03,0.347968014566613,1.0,0.486037148652971,2.8088932637653397,20.0
1381,CDS-7h8h3a,ACH-000387,MC-000387-9xMX,No,No,2.38,0.0952950009546237,0.0,0.449353409190043,2.43863100911185,13.0
1382,CDS-7jymAt,ACH-002368,MC-002368-1MMJ,Yes,Yes,1.31,0.00525897434817341,0.0,0.138222758337083,2.14862867721626,6.0
1383,CDS-7nzxvw,ACH-001057,MC-001057-AskH,No,No,4.38,0.0626574782007418,0.0,0.204461959433899,2.08292330775462,6.0
1384,CDS-7oAFaO,ACH-002464,MC-002464-Ywbh,No,No,3.4,0.000131552297483334,0.0,0.0840127549165988,2.0834294593878897,3.0
1385,CDS-7qRqzp,ACH-000926,MC-000926-vHfn,No,Yes,1.32,0.230221762799817,1.0,0.640320236906015,3.47784773522266,27.0
1386,CDS-7raXHo,ACH-002216,MC-002216-iLEq,Yes,Yes,1.42,0.0986644972134773,1.0,0.379495096761614,3.77546736815485,14.0
1387,CDS-7ustcN,ACH-000278,MC-000278-uC8l,No,No,2.24,,,,,
1388,CDS-7v1juQ,ACH-000514,MC-000514-sDLl,No,Yes,0.61,0.254703428869591,1.0,0.553270585914401,2.9236714637804,13.0
1389,CDS-7xtzYG,ACH-001034,MC-001034-dKi9,Yes,Yes,5.56,,,,,
1390,CDS-7yC7yg,ACH-001274,MC-001274-gpFs,No,No,4.02,,,,,
1391,CDS-7zRHm3,ACH-001485,MC-001485-Qw1Y,Yes,Yes,7.28,0.00861343484872043,1.0,0.181533435342142,4.20165889072559,7.0
1392,CDS-7zT4O9,ACH-000180,MC-000180-OMR4,Yes,Yes,1.69,4.0527491184581e-05,0.0,4.05300968961368e-05,1.99987183251801,0.0
1393,CDS-83neJI,ACH-001960,MC-001960-V7Sv,Yes,Yes,3.2,0.133049343683763,1.0,0.475072839208695,3.25309671065014,18.0
1394,CDS-84Wsur,ACH-002220,MC-002220-BeEg,Yes,Yes,1.04,0.0609958235300072,0.0,0.300546730284648,2.327843479503,11.0
1395,CDS-865Noq,ACH-000832,MC-000832-JtON,No,Yes,1.43,0.337334223894079,0.0,0.420114263906887,2.0574964198723102,11.0
1396,CDS-87kAzS,ACH-000469,MC-000469-HmTS,No,Yes,0.89,0.125685153025664,1.0,0.417272588264144,3.86659145673791,17.0
1397,CDS-886T1H,ACH-000845,MC-000845-meEc,No,No,3.32,0.306863582091079,1.0,0.664889249512881,2.9040931292135297,26.0
1398,CDS-8By7xP,ACH-001997,MC-001997-n8wz,Yes,Yes,3.25,0.152828917077975,1.0,0.432319270092571,3.20304112539137,18.0
1399,CDS-8D8pja,ACH-000647,MC-000647-597q,No,No,3.09,,,,,
1400,CDS-8DLln9,ACH-002305,MC-002305-fFb6,Yes,Yes,1.18,0.30698585659812,1.0,0.646948462237822,3.1577360224468602,22.0
1401,CDS-8GVcCh,ACH-001861,MC-001861-AxLA,No,Yes,1.17,0.576640851346694,1.0,0.685977885892143,4.4447852442487505,29.0
1402,CDS-8HDMGm,ACH-000998,MC-000998-6hVb,Yes,Yes,83.72,0.00308384619285747,0.0,0.0251386037558541,2.03656925531946,0.0
1403,CDS-8KOsf2,ACH-000091,MC-000091-gNqr,No,Yes,0.95,0.0745188511924607,1.0,0.33929654652159,3.90847455823689,10.0
1404,CDS-8KXGr9,ACH-000921,MC-000921-P628,No,No,3.66,0.351870310449429,0.0,0.600105591138585,2.14779868006962,13.0
1405,CDS-8Lmo8R,ACH-000680,MC-000680-EONb,No,Yes,0.93,0.310108328898451,1.0,0.731948557952441,3.13498442019921,24.0
1406,CDS-8MSrWw,ACH-000917,MC-000917-kPEf,No,Yes,2.28,0.42714184385081,1.0,0.741324130089122,2.8029502882406003,28.0
1407,CDS-8OzSyY,ACH-000509,MC-000509-QeYM,No,No,3.66,0.202068581243179,1.0,0.352711122389563,3.74207066969806,8.0
1408,CDS-8PVHMP,ACH-000697,MC-000697-TgX7,No,Yes,6.41,0.24308632216199,0.0,0.377453483029185,2.18477166463798,3.0
1409,CDS-8Q0Iy1,ACH-001500,MC-001500-fjpJ,No,Yes,1.4,0.340060587887623,0.0,0.457625080477296,2.10435030370523,8.0
1410,CDS-8SBwpO,ACH-002386,MC-002386-gTUk,Yes,Yes,1.2,0.494888246636773,1.0,0.688569980143287,2.7722405449299403,27.0
1411,CDS-8TemKm,ACH-000232,MC-000232-q940,No,No,3.73,0.157666730274949,1.0,0.596276456797267,2.88690493817627,17.0
1412,CDS-8UvvB5,ACH-000153,MC-000153-qKFu,No,Yes,0.36,0.32203243392898,1.0,0.804759358118033,4.706259523370139,28.0
1413,CDS-8Y91dm,ACH-002302,MC-002302-aO7h,Yes,Yes,1.29,0.0541029891233926,0.0,0.113410033344879,2.07110036819723,1.0
1414,CDS-8avdn8,ACH-001638,MC-001638-PAnW,No,Yes,2.42,0.0370910060033778,0.0,0.228647834458298,2.17415457941981,6.0
1415,CDS-8cHjAs,ACH-000052,MC-000052-HhbT,No,Yes,0.58,0.137629009166617,0.0,0.195040579772322,2.0449093614487,1.0
1416,CDS-8ccf07,ACH-000666,MC-000666-xR3q,No,Yes,0.78,0.269564248091335,0.0,0.632646402279692,2.42013819321652,16.0
1417,CDS-8d0I2v,ACH-000486,MC-000486-S058,No,Yes,1.48,0.0615002303667314,1.0,0.402336566226588,3.4178712068385297,13.0
1418,CDS-8jIuUa,ACH-002313,MC-002313-oYGA,Yes,Yes,1.22,0.319943035527488,1.0,0.689296094613782,3.22479815358931,26.0
1419,CDS-8kIFP3,ACH-000677,MC-000677-aJN8,Yes,Yes,1.18,0.246197680628873,1.0,0.693911226510184,3.4667670252773304,27.0
1420,CDS-8kWESi,ACH-000062,MC-000062-ii2u,No,Yes,1.08,0.429781811946539,1.0,0.654090043007052,4.513954810034691,34.0
1421,CDS-8m3WyO,ACH-001693,MC-001693-1F9N,No,No,4.11,0.316129755660385,1.0,0.678927589490152,2.8628429536786495,20.0
1422,CDS-8n9ft6,ACH-000489,MC-000489-57N4,Yes,Yes,1.21,0.299386436053795,1.0,0.636412626700718,2.7987966872030197,23.0
1423,CDS-8q8IVB,ACH-000944,MC-000944-cm2a,No,No,3.95,0.0741501880624802,0.0,0.18408622362823,2.05170682477572,5.0
1424,CDS-8tNYl7,ACH-000790,MC-000790-qr1i,No,Yes,0.53,0.488947622163291,1.0,0.690190898272414,2.23037134246104,14.0
1425,CDS-8um1hd,ACH-000441,MC-000441-N6yZ,No,Yes,1.18,0.243258590738648,0.0,0.581616059904119,2.42902981809927,12.0
1426,CDS-8utyPn,ACH-002297,MC-002297-ZvsH,Yes,Yes,0.91,,,,,
1427,CDS-8uuVhf,ACH-001409,MC-001409-HWlo,Yes,Yes,4.69,0.273887019738904,1.0,0.634450721348948,3.26459125517695,25.0
1428,CDS-8xsk8J,ACH-001569,MC-001569-3Qgz,Yes,Yes,3.64,0.104846547396094,0.0,0.321560047345876,2.18538351142995,10.0
1429,CDS-9Cr754,ACH-000623,MC-000623-239I,No,No,2.63,0.135839545225403,1.0,0.525809302260026,3.34964575094921,25.0
1430,CDS-9Cxn5A,ACH-001151,MC-001151-bcLI,No,Yes,0.8,0.329434315422123,1.0,0.715692101580776,2.6158871963788397,25.0
1431,CDS-9F50N2,ACH-000902,MC-000902-kHls,Yes,Yes,0.97,0.162129765446059,0.0,0.308987369481696,2.14353492137724,9.0
1432,CDS-9IXzum,ACH-000551,MC-000551-8iFg,No,Yes,1.56,0.268250667530137,1.0,0.507852631764808,3.0912955216093905,17.0
1433,CDS-9ImTq5,ACH-000268,MC-000268-RcWD,Yes,Yes,2.55,0.0741464190385594,1.0,0.579328644943601,3.2715082924333503,19.0
1434,CDS-9NmLr0,ACH-000568,MC-000568-QfIB,No,Yes,1.03,0.242754908994112,1.0,0.504844510954732,3.0238685334826805,19.0
1435,CDS-9OMneo,ACH-000039,MC-000039-iKfU,No,No,1.97,0.215960342146204,0.0,0.295470484620748,2.01716861378033,9.0
1436,CDS-9QW70m,ACH-000423,MC-000423-ed3k,Yes,Yes,0.75,0.274881295449245,1.0,0.762241596469881,4.01815946264263,21.0
1437,CDS-9R5vLc,ACH-000716,MC-000716-fcc9,No,Yes,0.55,0.105542170743445,1.0,0.493786802585373,3.3488209804252795,21.0
1438,CDS-9RsXpz,ACH-001558,MC-001558-2y5e,Yes,Yes,4.2,0.288170281658398,1.0,0.628336149645219,3.2189092273462303,17.0
1439,CDS-9TDVpH,ACH-000685,MC-000685-W4mj,Yes,Yes,4.41,0.476235736863913,1.0,0.627430843352386,2.27495118869463,14.0
1440,CDS-9Tyora,ACH-000607,MC-000607-ax0u,No,Yes,1.53,0.00649683910200086,0.0,0.0643139236837751,2.0716159628445,1.0
1441,CDS-9W0oVA,ACH-000395,MC-000395-m5bO,No,Yes,0.94,0.439561745193986,1.0,0.666079488602538,2.7957765886953996,23.0
1442,CDS-9WjKJt,ACH-000136,MC-000136-Im3x,Yes,Yes,1.16,,,,,
1443,CDS-9Wrj8G,ACH-002210,MC-002210-rlzN,Yes,Yes,1.06,0.101163065409676,0.0,0.182119977888792,2.07540344482423,5.0
1444,CDS-9X47X8,ACH-000648,MC-000648-sjTM,No,Yes,2.31,0.185835709255982,1.0,0.601866478432695,3.9650591780919098,22.0
1445,CDS-9aDdKB,ACH-000851,MC-000851-DKZr,Yes,Yes,4.03,,,,,
1446,CDS-9adN4w,ACH-000023,MC-000023-eHda,No,Yes,0.71,0.27284404184671,1.0,0.542873400958183,3.08938082638039,22.0
1447,CDS-9akQXB,ACH-000446,MC-000446-BoNJ,Yes,Yes,2.1,0.242014780738092,0.0,0.557772609182671,2.31047410931374,13.0
1448,CDS-9au0aa,ACH-000806,MC-000806-pQw5,Yes,Yes,1.49,0.180461414562126,1.0,0.520023633119021,3.10452961532149,14.0
1449,CDS-9b2951,ACH-001228,MC-001228-LeaL,No,No,3.77,0.27934332072385,1.0,0.657376721605035,3.1926943091683704,24.0
1450,CDS-9eV5XF,ACH-001283,MC-001283-7e8M,No,No,4.77,,,,,
1451,CDS-9fkRUQ,ACH-000820,MC-000820-TEES,No,No,2.99,0.177272099737058,1.0,0.487252374656924,3.0688727630871298,21.0
1452,CDS-9gOPTw,ACH-002132,MC-002132-Ojjp,Yes,Yes,0.45,0.308124010068605,1.0,0.599012466818972,3.4135512786897797,29.0
1453,CDS-9idCpt,ACH-002345,MC-002345-ElnP,No,Yes,1.41,,,,,
1454,CDS-9jSq5d,ACH-002223,MC-002223-jsgE,Yes,Yes,1.28,0.170064514497724,1.0,0.550215719456652,3.86292982401336,12.0
1455,CDS-9p0M3r,ACH-000380,MC-000380-5UdG,No,Yes,2.15,0.286554409895568,1.0,0.578778494214954,3.6506454837679203,18.0
1456,CDS-9qTGND,ACH-001164,MC-001164-VOSE,No,Yes,4.31,0.00292853175951095,0.0,0.00698140288992732,2.01581157292309,0.0
1457,CDS-9rIKdq,ACH-000548,MC-000548-cZvo,No,Yes,2.02,0.310804604445761,1.0,0.7269696592144,3.06620686980756,23.0
1458,CDS-9sAFZF,ACH-000884,MC-000884-qtr4,Yes,Yes,3.68,0.438994944630451,1.0,0.59372093441667,2.59761631533906,20.0
1459,CDS-9stk7E,ACH-000899,MC-000899-p6MP,No,No,1.29,0.283359088849006,0.0,0.564678230406077,2.38713593215927,18.0
1460,CDS-9xyTMv,ACH-001687,MC-001687-KHc1,Yes,Yes,3.34,0.418143822476905,1.0,0.703469229362983,4.83719733308993,33.0
1461,CDS-9yzpq7,ACH-000392,MC-000392-zizT,Yes,Yes,1.96,0.316103917767417,1.0,0.73017976201872,3.01684560583305,22.0
1462,CDS-A1pvp8,ACH-001542,MC-001542-iWSd,Yes,Yes,3.73,0.293528539186465,1.0,0.545356878613518,2.9195697279115804,21.0
1463,CDS-A58ERr,ACH-000778,MC-000778-Bi9Z,No,Yes,2.18,0.210829013379068,1.0,0.572349322195417,2.82964545587856,20.0
1464,CDS-A5lOd7,ACH-002128,MC-002128-UcHm,Yes,Yes,0.53,,,,,
1465,CDS-A7spHM,ACH-000584,MC-000584-fYwY,No,Yes,1.19,0.434433731843707,1.0,0.746771033571799,3.35593603708889,22.0
1466,CDS-A9I8vC,ACH-001498,MC-001498-e54Y,Yes,Yes,41.91,0.000700433985734902,0.0,0.0175733406745626,2.03454054736053,0.0
1467,CDS-A9vFmx,ACH-001203,MC-001203-vJIJ,Yes,Yes,33.74,0.212286435484478,0.0,0.374772846685815,2.09115554711048,9.0
1468,CDS-AC1r2r,ACH-000279,MC-000279-zY8v,No,Yes,2.05,0.309111422021061,1.0,0.688770873169252,3.24872032234536,24.0
1469,CDS-ACSd0g,ACH-000817,MC-000817-8WNg,No,Yes,2.31,0.388750645410173,1.0,0.703467869254476,3.1469897058539504,26.0
1470,CDS-AEI13x,ACH-000618,MC-000618-7qcd,No,No,1.61,0.257869024635987,0.0,0.436128414364539,2.0845104001228703,10.0
1471,CDS-AHkr7y,ACH-000733,MC-000733-9Hqb,Yes,Yes,0.79,0.625234194772095,1.0,0.718036044084942,3.3224659273590804,27.0
1472,CDS-ALwPWz,ACH-000232,MC-000232-5PKZ,No,Yes,0.76,0.46486833257409,1.0,0.681363713771333,2.3675483846733703,14.0
1473,CDS-ANEPin,ACH-000399,MC-000399-rPgP,No,Yes,0.62,0.34581312488096,0.0,0.435924113262343,1.84208632398359,11.0
1474,CDS-AOhDx0,ACH-000344,MC-000344-SRpi,No,No,2.61,0.57886914781943,1.0,0.4881446906591,2.7837251048161202,33.0
1475,CDS-AQyR1I,ACH-001229,MC-001229-AMZp,Yes,Yes,3.56,0.0984427893508565,0.0,0.250648086178059,2.04245931353342,10.0
1476,CDS-ARiII4,ACH-000649,MC-000649-Hb96,No,No,3.56,0.195232504208058,1.0,0.631932958271811,3.7164026266066004,23.0
1477,CDS-AShMTh,ACH-002189,MC-002189-EopU,Yes,Yes,29.69,0.107779454394486,0.0,0.228519526822472,2.16210435903909,7.0
1478,CDS-ASrccy,ACH-000434,MC-000434-JJXr,No,Yes,0.98,0.409452990651441,1.0,0.643563476953694,4.3498396187939,16.0
1479,CDS-ATZ6RO,ACH-001494,MC-001494-DsFq,No,Yes,2.19,0.186219176405461,1.0,0.569430619837172,3.13234296084724,17.0
1480,CDS-AVAthC,ACH-000929,MC-000929-dOQ9,No,No,4.46,,,,,
1481,CDS-AXJGOm,ACH-002361,MC-002361-cRhp,Yes,Yes,1.31,0.00852368619942387,0.0,0.0499628637385954,2.06048311118096,1.0
1482,CDS-AXM8d4,ACH-000482,MC-000482-yTPH,Yes,Yes,0.73,0.26874838751205,1.0,0.595418152422288,3.17294983719145,21.0
1483,CDS-AXofpX,ACH-000915,MC-000915-240W,No,Yes,1.25,0.143981837861673,1.0,0.643583133158356,3.6351320550119306,22.0
1484,CDS-AZW2LJ,ACH-000339,MC-000339-BBAD,Yes,Yes,4.73,0.252613452297867,1.0,0.562196058833213,2.6561659805316,25.0
1485,CDS-AaVRuK,ACH-001295,MC-001295-8ebG,No,No,3.35,,,,,
1486,CDS-AbznTv,ACH-002275,MC-002275-TAqY,Yes,Yes,39.7,0.0289206783882519,0.0,0.112756960508743,2.09296078209089,2.0
1487,CDS-AcA4C8,ACH-000783,MC-000783-PITO,No,Yes,0.71,0.170253425929223,1.0,0.568440086091655,3.8094499588319506,19.0
1488,CDS-AdD5Uw,ACH-002096,MC-002096-T0Px,Yes,Yes,0.8,0.211735750804981,1.0,0.469985725472998,2.85724136134444,16.0
1489,CDS-AdJL4D,ACH-001676,MC-001676-Iulf,No,No,4.39,0.0518328079771846,0.0,0.0557409789817741,1.9532001768401297,3.0
1490,CDS-AdOAsZ,ACH-002026,MC-002026-8SXM,No,No,82.37,0.000420875605250659,0.0,0.00237028426376358,2.00367571512983,0.0
1491,CDS-AiyRgT,ACH-002380,MC-002380-ahQm,Yes,Yes,0.86,0.00320888395611332,0.0,0.0345590587221508,2.05565908669432,0.0
1492,CDS-AkxZUO,ACH-000211,MC-000211-Kvuy,No,Yes,0.75,0.220957216647171,1.0,0.758058467158887,4.387704400115839,27.0
1493,CDS-AmOy6i,ACH-000369,MC-000369-EYI5,No,Yes,1.66,0.157846738472201,1.0,0.596569662159739,3.43870907747054,25.0
1494,CDS-AsDIn9,ACH-000145,MC-000145-ueOU,No,Yes,0.7,,,,,
1495,CDS-Ay1z0Q,ACH-000565,MC-000565-MZf1,Yes,Yes,1.52,0.251278372078442,1.0,0.575058266721298,3.20447882999524,17.0
1496,CDS-AyNAA5,ACH-000291,MC-000291-rMHv,No,No,2.3,0.0939511878305883,0.0,0.224735931921082,1.94098751091494,12.0
1497,CDS-Az2HYK,ACH-002180,MC-002180-7B1D,Yes,Yes,1.16,0.236544425477972,1.0,0.363067468467936,4.19479915216872,6.0
1498,CDS-AzDXyT,ACH-001431,MC-001431-lLsj,No,Yes,4.99,,,,,
1499,CDS-B0jcuO,ACH-000420,MC-000420-MsLc,No,Yes,0.65,0.232477766639098,1.0,0.63847245613322,2.53922118050422,28.0
1500,CDS-B1yOQi,ACH-000897,MC-000897-E215,Yes,Yes,34.31,0.656025094358487,1.0,0.582884504892648,2.4512459767488397,17.0
1501,CDS-B214H3,ACH-000935,MC-000935-4xuf,No,Yes,0.83,0.0752645153043335,1.0,0.735530009707751,4.07835520592265,21.0
1502,CDS-B2rI2R,ACH-002267,MC-002267-k388,Yes,Yes,1.85,,,,,
1503,CDS-B3ByPk,ACH-002224,MC-002224-fpkg,Yes,Yes,0.75,0.0875554518085175,0.0,0.209756824310736,2.1998941758501602,4.0
1504,CDS-B5cQAD,ACH-002182,MC-002182-mF3y,Yes,Yes,1.0,0.212501524608313,1.0,0.53435318700481,2.8331261370715697,21.0
1505,CDS-B76g6D,ACH-001438,MC-001438-SWHw,Yes,Yes,4.39,,,,,
1506,CDS-B7GXKz,ACH-000355,MC-000355-fX1V,No,Yes,0.53,0.430371576589382,1.0,0.68156134877851,2.62657607214319,21.0
1507,CDS-B8DkfU,ACH-000041,MC-000041-uPBf,No,No,0.87,0.145431030818541,1.0,0.504930778896473,3.02555996174314,20.0
1508,CDS-B91riD,ACH-002375,MC-002375-pAFR,Yes,Yes,1.22,0.00244094780223047,0.0,0.03025822332246,2.04411093589486,0.0
1509,CDS-BBdXj0,ACH-000752,MC-000752-ipjq,No,Yes,0.82,0.311685590875459,1.0,0.707630419454046,2.53446894369604,29.0
1510,CDS-BELkEJ,ACH-002091,MC-002091-xm8k,Yes,Yes,0.78,0.228742444562557,1.0,0.638260254630714,2.8405723426933998,21.0
1511,CDS-BH4tgF,ACH-000329,MC-000329-gbtH,No,No,1.35,0.0838327865587383,0.0,0.140603981655825,2.04070950376848,4.0
1512,CDS-BORqqe,ACH-000967,MC-000967-ncE2,No,No,89.79,0.0449647122449976,0.0,0.0709254932792383,1.9807161595558997,2.0
1513,CDS-BP45df,ACH-000481,MC-000481-45N2,No,No,4.38,,,,,
1514,CDS-BRkw2p,ACH-000614,MC-000614-mVUT,No,Yes,0.98,0.166923793134025,1.0,0.417741211100474,3.27527104014381,14.0
1515,CDS-BSK1Tf,ACH-001415,MC-001415-BCBQ,Yes,Yes,3.41,0.234631236252709,1.0,0.806765619934134,4.0367198911461495,26.0
1516,CDS-BSQiz9,ACH-000824,MC-000824-iT8M,Yes,Yes,0.98,0.435628619539069,1.0,0.829635643079261,3.94001553308337,20.0
1517,CDS-BU329P,ACH-001562,MC-001562-lvLb,No,No,3.74,,,,,
1518,CDS-BUSE55,ACH-000391,MC-000391-yqxu,No,Yes,0.74,0.13302964840244,0.0,0.431490903406459,2.27565350128823,11.0
1519,CDS-BUrLrj,ACH-000590,MC-000590-jjkj,Yes,Yes,1.94,0.331137342400285,1.0,0.696379043837449,2.6047180964310197,32.0
1520,CDS-BX0UGV,ACH-000841,MC-000841-gQHi,No,Yes,1.09,0.454609116795829,1.0,0.703648621663041,2.7385631001739,29.0
1521,CDS-BXRZpA,ACH-000828,MC-000828-17AC,Yes,Yes,2.2,0.123988682529077,1.0,0.511528915808146,3.98442639759555,19.0
1522,CDS-BXilIo,ACH-001096,MC-001096-5RIV,No,No,4.59,,,,,
1523,CDS-BaJNpl,ACH-000499,MC-000499-mIS1,No,Yes,1.97,0.159468943291426,1.0,0.39737002429641,3.0461712188382797,16.0
1524,CDS-BbfauJ,ACH-002134,MC-002134-LhcA,Yes,Yes,0.73,0.348965099282444,1.0,0.452528874451541,3.5149986109270204,15.0
1525,CDS-BcuEmB,ACH-001543,MC-001543-1aK8,No,Yes,1.5,0.352979092219495,1.0,0.680831269259125,3.13715511335684,22.0
1526,CDS-Bgo238,ACH-000252,MC-000252-phXb,Yes,Yes,1.36,0.227518915799788,1.0,0.42027743636329,3.1221625465171097,15.0
1527,CDS-BiJaC9,ACH-001060,MC-001060-vvTr,No,No,5.4,0.0358367629977694,1.0,0.50397991350054,4.03125857371289,19.0
1528,CDS-BiR7uK,ACH-000843,MC-000843-xvIf,No,Yes,1.73,0.373022279726203,1.0,0.640699658079215,2.9885621048705797,20.0
1529,CDS-BksHHX,ACH-000224,MC-000224-N3hq,Yes,Yes,1.28,0.00030401777850994,0.0,0.000304033073553112,1.99983052938372,0.0
1530,CDS-BltxFY,ACH-002149,MC-002149-bppW,Yes,Yes,1.56,0.0612309667112422,0.0,0.0831343486371512,2.0065814008420197,2.0
1531,CDS-Bmls3s,ACH-001402,MC-001402-CPYn,Yes,Yes,3.88,0.0888479886850256,1.0,0.718263873212353,3.480960941807,19.0
1532,CDS-Bo3J6A,ACH-000686,MC-000686-bnNq,Yes,Yes,2.77,0.271363818740735,1.0,0.612486369569616,3.0320938805068702,26.0
1533,CDS-BryyQ9,ACH-002246,MC-002246-UzM4,Yes,Yes,0.32,0.00548630995683975,0.0,0.0557276544843075,2.06809736146141,3.0
1534,CDS-BsqCMO,ACH-001113,MC-001113-k2lR,Yes,Yes,4.88,,,,,
1535,CDS-BtdRKA,ACH-000191,MC-000191-tRLY,No,Yes,0.94,0.127111676459445,1.0,0.803260090710593,4.89147802827358,29.0
1536,CDS-C0mPfy,ACH-000827,MC-000827-fiMz,No,No,1.76,0.0675454598394258,0.0,0.291380239042601,2.3343785388398,7.0
1537,CDS-C0opN3,ACH-000717,MC-000717-VYb0,Yes,Yes,2.65,0.343746375918375,1.0,0.680167766917302,3.16454278835295,24.0
1538,CDS-C3gZIu,ACH-000001,MC-000001-ZU8p,No,Yes,0.82,0.24691339562192,1.0,0.524342751326891,3.2830652902194397,17.0
1539,CDS-C4JoUs,ACH-000135,MC-000135-FXuF,Yes,Yes,1.41,3.46078358857662e-07,0.0,3.46506785700807e-07,1.99998580197061,0.0
1540,CDS-C5Bb6g,ACH-001526,MC-001526-UhGC,No,No,4.39,0.324308198346791,1.0,0.725375148271669,3.3510420077069996,23.0
1541,CDS-C8otin,ACH-000231,MC-000231-aOcA,No,Yes,1.01,0.238278615358036,1.0,0.652536874706047,2.8409671518229995,23.0
1542,CDS-C95iHs,ACH-001414,MC-001414-GNy8,Yes,Yes,3.42,,,,,
1543,CDS-C9v2MI,ACH-002511,MC-002511-mxVh,No,No,3.66,0.0767826638496051,1.0,0.605209855938228,3.53512025920838,24.0
1544,CDS-C9yNqI,ACH-001555,MC-001555-ezZP,Yes,Yes,4.54,0.2964112388996,1.0,0.654045200495748,3.1463081709275498,21.0
1545,CDS-CAB69b,ACH-000728,MC-000728-MrCh,No,No,16.12,0.0283627579310321,0.0,0.115213396723109,2.01666227750916,3.0
1546,CDS-CCK33T,ACH-000421,MC-000421-TMOc,No,Yes,0.95,0.259639392019477,0.0,0.369071513011668,1.92490665361547,13.0
1547,CDS-CDgiA9,ACH-000075,MC-000075-diaC,No,Yes,0.3,0.219746790302208,0.0,0.314292866813986,2.00351036721068,8.0
1548,CDS-CMiuUv,ACH-001541,MC-001541-ux7W,Yes,Yes,3.57,0.288383609372429,0.0,0.390863906804253,1.92943844629847,11.0
1549,CDS-COhPnV,ACH-000800,MC-000800-vISL,No,No,3.46,0.174156291050502,1.0,0.652256037918325,3.3227085865332597,21.0
1550,CDS-CPSlVw,ACH-002161,MC-002161-JZMG,Yes,Yes,1.33,0.442565069369449,1.0,0.656298853265655,2.33665539044775,15.0
1551,CDS-CQ84eu,ACH-000890,MC-000890-eNBf,No,Yes,1.04,0.514901576949842,1.0,0.691270767195192,2.9588149135715,21.0
1552,CDS-CV3Hae,ACH-002052,MC-002052-r8yJ,No,Yes,1.68,0.351127223900477,1.0,0.564981297180349,3.0893256206318,17.0
1553,CDS-CVDxvd,ACH-003430,MC-003430-4typ,Yes,Yes,4.27,0.131721440034647,1.0,0.604091084839789,3.23645686143199,22.0
1554,CDS-CWA37D,ACH-000825,MC-000825-XqQc,Yes,Yes,3.15,0.34870422825303,1.0,0.80099106275329,4.19140222863011,24.0
1555,CDS-CWQbyV,ACH-000533,MC-000533-fYvG,No,No,7.32,0.0134431031281434,0.0,0.0135152025071193,1.9990638976068797,0.0
1556,CDS-CZrT0P,ACH-000767,MC-000767-6ebV,No,Yes,0.55,0.25916740214174,1.0,0.584154449422354,3.14305928127563,20.0
1557,CDS-CcEBOA,ACH-002377,MC-002377-swQW,Yes,Yes,1.56,0.006660517482879,0.0,0.028666107416814,2.03472314588081,0.0
1558,CDS-CgBqym,ACH-001603,MC-001603-5VOk,Yes,Yes,1.88,0.0407224605652898,0.0,0.123287971201219,2.05712497253049,4.0
1559,CDS-CgJtOU,ACH-001275,MC-001275-Q3Qk,No,Yes,5.39,,,,,
1560,CDS-CgtX3j,ACH-000027,MC-000027-ohxB,Yes,Yes,1.2,0.113261874340376,0.0,0.260037059979558,1.8608104413253101,9.0
1561,CDS-ChAJWm,ACH-000137,MC-000137-I8Ak,No,Yes,0.53,0.393128620940618,1.0,0.645762496009875,2.40310303283899,11.0
1562,CDS-ChYgr0,ACH-002119,MC-002119-oGle,Yes,Yes,0.89,0.0776678210694549,0.0,0.455045097607472,2.53045321626016,25.0
1563,CDS-Chq4B9,ACH-002360,MC-002360-z23N,Yes,Yes,0.87,0.00988785082457745,1.0,0.053886772589178,4.10379648063092,0.0
1564,CDS-CjMHTZ,ACH-001341,MC-001341-PkD9,No,Yes,0.68,0.441971102368885,1.0,0.79352716525987,3.32391491109788,21.0
1565,CDS-Ckptje,ACH-001672,MC-001672-NHzN,Yes,Yes,4.33,0.302650007051031,1.0,0.665825831448641,2.6471963960156804,25.0
1566,CDS-ClqkD9,ACH-000221,MC-000221-ha4a,No,No,3.82,0.414647887310441,1.0,0.593788449491024,2.6996890131703197,22.0
1567,CDS-Cm1kuD,ACH-002151,MC-002151-ZdkB,Yes,Yes,0.66,0.554960607429948,1.0,0.573986849236695,2.73938531175139,19.0
1568,CDS-Cm7KHd,ACH-001605,MC-001605-h6eY,Yes,Yes,4.72,0.390886375200351,1.0,0.611365854104694,2.7874419300949502,27.0
1569,CDS-CmkOx5,ACH-001453,MC-001453-LwRm,Yes,Yes,2.74,0.0633290349156995,1.0,0.477086107282628,3.2499203654001803,18.0
1570,CDS-Cq6v15,ACH-000259,MC-000259-TAoj,No,Yes,0.73,0.254825852476014,0.0,0.434273006639227,2.19781201033668,8.0
1571,CDS-Cr2r3M,ACH-001196,MC-001196-NGMx,No,No,4.13,0.179989291990413,1.0,0.669636595834043,3.25116249452349,19.0
1572,CDS-CrDioN,ACH-000670,MC-000670-Drkb,No,Yes,1.33,0.223005543824251,1.0,0.618947558474734,3.0523927527645403,16.0
1573,CDS-CsSHuU,ACH-000983,MC-000983-un6i,No,Yes,62.91,0.0654368642428725,0.0,0.23967498076205,2.27668543859706,9.0
1574,CDS-Ct0i2D,ACH-000442,MC-000442-2s22,Yes,Yes,0.86,0.275983369027893,1.0,0.581271367800098,3.1000404635930496,22.0
1575,CDS-Ctn8iG,ACH-000250,MC-000250-WNn3,No,Yes,1.11,0.261195666634349,1.0,0.631006299261291,3.1967697998179196,26.0
1576,CDS-CvgAtN,ACH-001525,MC-001525-0dht,No,Yes,0.93,0.301995492687489,1.0,0.648296119404033,3.0100181487802593,21.0
1577,CDS-D2y5dX,ACH-000907,MC-000907-PqcI,No,No,55.93,0.0300964870555136,1.0,0.432971651644544,3.30463358969988,15.0
1578,CDS-D36muH,ACH-002143,MC-002143-KBy3,Yes,Yes,1.02,0.233805498690865,1.0,0.682856537874581,3.70329253326913,29.0
1579,CDS-DDk8Ce,ACH-001279,MC-001279-kkMm,No,No,3.24,0.000255114666834138,0.0,0.00210824907244903,2.00175465223506,0.0
1580,CDS-DGkelN,ACH-001577,MC-001577-0fJh,No,No,2.94,0.100466736021162,1.0,0.499732488029203,3.3657215991609903,19.0
1581,CDS-DHIn99,ACH-001418,MC-001418-yATq,Yes,Yes,3.56,,,,,
1582,CDS-DIBbvv,ACH-000895,MC-000895-amL5,Yes,Yes,81.92,0.0412761904244367,0.0,0.114212252068417,2.0378791329397,4.0
1583,CDS-DLeks3,ACH-002249,MC-002249-YxB5,Yes,Yes,0.84,,,,,
1584,CDS-DM1TZP,ACH-002250,MC-002250-Qx6r,Yes,Yes,1.3,0.319885229374432,1.0,0.640542909207194,3.39406061242091,23.0
1585,CDS-DOnEht,ACH-001745,MC-001745-QZV4,No,No,3.44,0.00363175945892941,1.0,0.577280315121668,3.71755530444441,21.0
1586,CDS-DStJ6w,ACH-000298,MC-000298-32qr,No,Yes,0.54,0.254920709387846,1.0,0.496358388058502,3.8989374403333397,20.0
1587,CDS-DU1Ngs,ACH-000908,MC-000908-MMId,Yes,Yes,83.61,0.0163595921059471,0.0,0.235464956558848,2.28541475456392,7.0
1588,CDS-DUE7tn,ACH-002374,MC-002374-ODco,Yes,Yes,0.99,0.00251347407775515,0.0,0.0313075272500286,2.04653367976661,0.0
1589,CDS-DVV19u,ACH-000263,MC-000263-m2AS,No,Yes,2.02,0.113190042108849,0.0,0.204494456967278,2.0564199482678602,6.0
1590,CDS-DWAzYz,ACH-000267,MC-000267-j62b,Yes,Yes,0.88,0.257624024561248,0.0,0.343538830130815,2.01550592676351,10.0
1591,CDS-DX5S6Z,ACH-000410,MC-000410-gLX5,No,Yes,0.54,0.322667638564162,1.0,0.730020615124031,2.6963772056959505,27.0
1592,CDS-DZTjil,ACH-001333,MC-001333-iALT,No,Yes,81.36,0.120064754109938,0.0,0.18567705013876,2.04837788318153,3.0
1593,CDS-Dd2vt7,ACH-000161,MC-000161-o3kZ,Yes,Yes,0.89,,,,,
1594,CDS-DdeCzG,ACH-002289,MC-002289-JPj9,Yes,Yes,0.96,0.0593188173906903,1.0,0.490332791176251,3.6497144063026297,19.0
1595,CDS-Dfs38A,ACH-001364,MC-001364-oBUk,Yes,Yes,0.8,0.355753466565676,1.0,0.486546967576315,2.8146853446068,17.0
1596,CDS-DgFQex,ACH-000390,MC-000390-N1a0,No,No,1.3,0.382255731054138,1.0,0.723802899577858,3.4757886711583597,31.0
1597,CDS-DjghjI,ACH-000015,MC-000015-jbp5,No,Yes,0.76,,,,,
1598,CDS-Dkfb48,ACH-002108,MC-002108-sfPB,Yes,Yes,0.71,0.232482711138559,1.0,0.574451821953716,3.2895887789130898,20.0
1599,CDS-DledZB,ACH-000547,MC-000547-i5oW,No,Yes,0.82,0.11136900893779,1.0,0.551306111120259,3.3589322446307097,18.0
1600,CDS-Dml2tg,ACH-000073,MC-000073-3JOs,No,Yes,1.11,0.109017750994113,0.0,0.150743103010241,1.96886137807358,6.0
1601,CDS-DoZFcl,ACH-001539,MC-001539-2idY,Yes,Yes,4.48,0.147908769831842,0.0,0.232349054284691,2.03118735393587,4.0
1602,CDS-DqFumg,ACH-000146,MC-000146-qEga,No,Yes,1.17,0.193820275405589,0.0,0.401990729496664,2.2270250945754997,9.0
1603,CDS-Dqpcmw,ACH-000495,MC-000495-g0D3,Yes,Yes,1.59,0.248632177303332,0.0,0.578760750775023,2.45702262803894,19.0
1604,CDS-DuJV9Q,ACH-000718,MC-000718-EHx2,No,No,2.83,0.263006160333357,1.0,0.629003955624913,3.01670922683547,24.0
1605,CDS-DuVH7i,ACH-001193,MC-001193-PsdQ,No,Yes,0.57,0.244250961602086,0.0,0.295767043456106,1.9090057625312,8.0
1606,CDS-Dva1PC,ACH-001378,MC-001378-93SH,Yes,Yes,4.13,,,,,
1607,CDS-Dy7dnm,ACH-002146,MC-002146-Mddl,Yes,Yes,1.13,0.492571896891633,1.0,0.67501749080592,3.9204197127215696,17.0
1608,CDS-DyI5Fv,ACH-000350,MC-000350-c8yb,No,Yes,1.56,0.452388669926558,1.0,0.686817924642793,2.44517690585261,17.0
1609,CDS-DzhnWd,ACH-000424,MC-000424-y6EX,No,Yes,1.1,0.0757182896968985,1.0,0.485696536216699,3.7925835825668597,17.0
1610,CDS-E8QJa5,ACH-002285,MC-002285-eXjs,Yes,Yes,0.79,0.249587078778031,1.0,0.520493382387709,3.21350258246568,20.0
1611,CDS-E9HOM3,ACH-001839,MC-001839-5IUH,Yes,Yes,6.34,0.395083200535103,1.0,0.69550644659439,3.55799120022532,23.0
1612,CDS-EELSBS,ACH-000544,MC-000544-CWJO,No,Yes,0.7,0.362821542937568,1.0,0.628008193317353,3.37777287383819,24.0
1613,CDS-EEQq7x,ACH-001233,MC-001233-1DvM,Yes,Yes,0.85,0.377410981665044,1.0,0.703303872297552,2.6264461361520097,24.0
1614,CDS-EEm0MQ,ACH-001411,MC-001411-EIzh,Yes,Yes,4.05,0.180160129140046,1.0,0.621061774171641,2.77020034244813,19.0
1615,CDS-EGUk0T,ACH-000302,MC-000302-TT0u,No,No,1.84,0.309754000265502,1.0,0.815262522740848,3.8686769007687096,30.0
1616,CDS-EJIW51,ACH-002174,MC-002174-8iP1,Yes,Yes,1.25,0.308461785984332,0.0,0.501159801445373,2.16921218344652,10.0
1617,CDS-EJTMlP,ACH-002065,MC-002065-IPMz,No,No,3.85,0.0731277200233732,0.0,0.136804015133857,1.9210060049588502,5.0
1618,CDS-EJpg4r,ACH-000596,MC-000596-MF8N,No,Yes,0.57,0.413722194175158,1.0,0.610972970549291,2.91132545885522,21.0
1619,CDS-ENNhkJ,ACH-000080,MC-000080-flxZ,No,No,1.5,0.000249208114562898,0.0,0.000294284341628133,1.99942224890859,0.0
1620,CDS-EOS7hd,ACH-000777,MC-000777-ezmQ,No,No,1.71,0.48480509004129,1.0,0.70247398225179,3.3132402690349,17.0
1621,CDS-EPiSDv,ACH-000763,MC-000763-qyI3,No,Yes,2.94,0.111409980205272,0.0,0.226114386261479,2.03014758587621,4.0
1622,CDS-ERMdXT,ACH-000225,MC-000225-leBC,Yes,Yes,1.52,0.407920710252535,1.0,0.657412596970281,2.36813628193991,15.0
1623,CDS-ESBQWj,ACH-000127,MC-000127-8tHu,No,No,3.73,0.417175665012968,1.0,0.621098940622475,2.99649806213878,17.0
1624,CDS-EVAcFA,ACH-002059,MC-002059-EyUo,No,Yes,65.78,0.0422882217626136,0.0,0.055971193936556,1.9986064282929399,0.0
1625,CDS-EVq1fj,ACH-002389,MC-002389-vfTk,Yes,Yes,0.55,0.392864967036227,1.0,0.764382654698684,4.02455630831731,25.0
1626,CDS-EZbNyE,ACH-000796,MC-000796-MvBN,No,No,1.76,0.043277264003195,1.0,0.594806153920641,3.66289918813049,24.0
1627,CDS-EeIAfI,ACH-002089,MC-002089-94OR,Yes,Yes,3.01,0.222602250810504,1.0,0.605490254647256,3.4354918042783202,22.0
1628,CDS-EefiWg,ACH-000400,MC-000400-I3X8,No,Yes,0.73,0.114631768542192,1.0,0.505212106093093,3.68175068227581,31.0
1629,CDS-EfSgey,ACH-001526,MC-001526-Y6x6,No,Yes,1.02,0.380196659416308,1.0,0.782973287994322,3.32822493717026,24.0
1630,CDS-Eg7JWe,ACH-000351,MC-000351-SVDi,No,Yes,1.57,0.252831280645192,1.0,0.47669657815049,3.22003895707528,22.0
1631,CDS-EhWMFE,ACH-000789,MC-000789-RFW6,Yes,Yes,2.84,0.43954262186342,1.0,0.707692946352026,2.75435179846007,26.0
1632,CDS-Ehv7QL,ACH-000634,MC-000634-KPL2,No,No,3.07,0.109924627968748,1.0,0.550493503119261,3.5776251000759305,29.0
1633,CDS-EiwWMV,ACH-000501,MC-000501-zhHw,Yes,Yes,1.19,0.23981026847224,1.0,0.704378869991016,2.93464497301971,26.0
1634,CDS-EkWIKQ,ACH-002466,MC-002466-lZtp,Yes,Yes,3.86,0.000368489005657905,0.0,0.166157335471189,2.16583989643659,7.0
1635,CDS-Entnfm,ACH-002168,MC-002168-BdXO,Yes,Yes,0.93,0.172798483623608,1.0,0.466387324251387,3.8758524181631,15.0
1636,CDS-Eqr06D,ACH-000006,MC-000006-kr0r,Yes,Yes,1.27,0.0810615186652163,0.0,0.190794888208945,2.05966413874506,8.0
1637,CDS-ErLJnd,ACH-000730,MC-000730-bqCG,No,Yes,1.01,,,,,
1638,CDS-EsZ6v3,ACH-000849,MC-000849-k9Oq,No,Yes,3.67,0.556106545775337,1.0,0.586680964913109,2.93042941616472,27.0
1639,CDS-EwNggG,ACH-000262,MC-000262-Ldf3,No,No,3.62,,,,,
1640,CDS-EwOlyh,ACH-000337,MC-000337-VmHG,No,No,3.91,,,,,
1641,CDS-EzxPjT,ACH-001143,MC-001143-FiMN,No,No,6.09,0.0384206946872938,0.0,0.189631772815975,2.12883926551247,9.0
1642,CDS-F1PMHi,ACH-003469,MC-003469-A3X1,Yes,Yes,4.69,0.0964133624541957,1.0,0.577358851120649,3.48705125827003,23.0
1643,CDS-F2hTRS,ACH-001756,MC-001756-4gaw,Yes,Yes,3.76,,,,,
1644,CDS-F3ZDFc,ACH-000574,MC-000574-hmfX,No,Yes,5.47,0.358110990332179,1.0,0.609779976646359,3.0105967448993303,18.0
1645,CDS-F7DKFi,ACH-000024,MC-000024-Tg2w,No,Yes,2.0,0.173023525880668,1.0,0.591445853595939,3.4527522510991604,22.0
1646,CDS-F8mjJ3,ACH-001403,MC-001403-LSWw,Yes,Yes,3.76,0.392346635855354,1.0,0.687716343592854,2.91303900023054,26.0
1647,CDS-FCQOTY,ACH-000131,MC-000131-g6bE,Yes,Yes,0.84,3.38441896060557e-05,0.0,3.38452613486623e-05,1.9999206288623301,0.0
1648,CDS-FInR9b,ACH-000045,MC-000045-yAHm,No,Yes,0.91,0.0396037800557717,0.0,0.126733277902579,2.1070255801779396,4.0
1649,CDS-FLjzVu,ACH-000869,MC-000869-u5uo,No,No,4.85,,,,,
1650,CDS-FNFqnr,ACH-002461,MC-002461-8Uwl,Yes,Yes,3.36,0.156929663892194,1.0,0.342017318244357,3.11962443527185,12.0
1651,CDS-FOc5DH,ACH-002218,MC-002218-Kljb,Yes,Yes,1.06,0.0108743387503441,0.0,0.077955890953672,2.11346340503226,1.0
1652,CDS-FPO1nw,ACH-001711,MC-001711-Z0Qp,No,No,3.12,0.0610872339014364,1.0,0.442922614474507,3.6596191079267104,15.0
1653,CDS-FPz6ha,ACH-001686,MC-001686-Zesm,Yes,Yes,4.69,0.172090886839549,0.0,0.248101811024705,2.09575993403359,6.0
1654,CDS-FRr2X6,ACH-000356,MC-000356-gdC3,No,Yes,1.44,0.440038976253055,0.0,0.525705202033253,1.9358905555298898,13.0
1655,CDS-FXX26z,ACH-002051,MC-002051-zH2Y,No,Yes,1.43,0.713194024279186,1.0,0.488158015968406,2.67744401241756,26.0
1656,CDS-FbX85A,ACH-000715,MC-000715-nlbC,Yes,Yes,2.21,0.17124115519872,0.0,0.300038737181216,2.0393017134759597,7.0
1657,CDS-FbaoEU,ACH-002173,MC-002173-xXAh,Yes,Yes,0.64,,,,,
1658,CDS-FfB0Fb,ACH-002937,MC-002937-gD8Q,Yes,Yes,4.22,0.000138941227386985,0.0,0.0135158582301928,1.98784039238216,1.0
1659,CDS-FgDL71,ACH-002167,MC-002167-1j6Y,Yes,Yes,1.38,,,,,
1660,CDS-FlPZGf,ACH-001137,MC-001137-IyNm,Yes,Yes,0.86,0.308748193912237,1.0,0.818888478979739,4.455130469861389,25.0
1661,CDS-FlmgYW,ACH-000847,MC-000847-vO2g,No,Yes,2.7,0.624013352530186,1.0,0.647040404294965,3.29733487093171,16.0
1662,CDS-FlnElG,ACH-000305,MC-000305-Itnt,Yes,Yes,1.27,0.433258682260663,1.0,0.847154620997567,4.781243753789901,25.0
1663,CDS-FmKkuY,ACH-001206,MC-001206-stHL,Yes,Yes,1.29,0.0816788139536865,1.0,0.494689148568823,3.0172125587187097,19.0
1664,CDS-FmR2bQ,ACH-001500,MC-001500-IO4l,Yes,Yes,5.3,0.31989100230705,0.0,0.434545703902067,2.07588747678441,8.0
1665,CDS-FnAPQI,ACH-001053,MC-001053-eiEy,No,Yes,3.82,0.0430357988383784,1.0,0.604267984112137,3.6071457656374597,20.0
1666,CDS-Fr9AXu,ACH-000009,MC-000009-Kmv4,No,Yes,1.37,0.345879151647148,1.0,0.810501686362898,4.14604353977026,21.0
1667,CDS-FvwPIb,ACH-000013,MC-000013-MIEW,No,No,1.52,0.169695294087056,1.0,0.446836088289243,3.15059969909468,21.0
1668,CDS-FxniGK,ACH-000095,MC-000095-UcYl,No,No,17.43,,,,,
1669,CDS-Fyaf8W,ACH-000392,MC-000392-fh0Y,No,Yes,0.74,0.341605434605009,1.0,0.727127734624033,3.02833411143306,23.0
1670,CDS-GAOpAm,ACH-002150,MC-002150-0aMk,Yes,Yes,8.99,0.515549985824004,1.0,0.506487757786358,2.68679262465846,28.0
1671,CDS-GCD6at,ACH-002129,MC-002129-j4Jj,Yes,Yes,1.14,0.354359904772046,1.0,0.58789196319914,2.78978179749237,19.0
1672,CDS-GE19k6,ACH-000558,MC-000558-HsPe,Yes,Yes,0.77,0.164668615930218,1.0,0.661675661517454,3.6333400922637797,19.0
1673,CDS-GEMgyy,ACH-001127,MC-001127-UPy1,Yes,Yes,68.06,0.0386138758802008,1.0,0.350116381042872,4.23995835416676,13.0
1674,CDS-GHfeD9,ACH-000249,MC-000249-ZFHF,No,No,2.38,0.153443591380725,0.0,0.286720649090252,2.01740604856963,8.0
1675,CDS-GHgmxI,ACH-001184,MC-001184-12NX,No,No,4.24,0.00148574427166521,1.0,0.305294187660367,4.16804236665109,8.0
1676,CDS-GJzOkC,ACH-000036,MC-000036-CO69,No,Yes,4.37,0.251586495833701,1.0,0.452960222152844,2.8789378105747003,15.0
1677,CDS-GLDUYn,ACH-000751,MC-000751-Qsiq,No,Yes,1.08,0.167875154286084,1.0,0.535420482919804,3.4956616214468395,15.0
1678,CDS-GLndPO,ACH-000030,MC-000030-qlUo,No,Yes,1.58,0.405012712070314,1.0,0.735137557671097,3.40198952476929,19.0
1679,CDS-GMP4Ba,ACH-002312,MC-002312-oZWt,Yes,Yes,1.76,0.537847649589284,1.0,0.536815331840531,2.6727328797614103,25.0
1680,CDS-GTkHGf,ACH-001075,MC-001075-R1R4,No,No,7.01,0.0260371905178606,0.0,0.167041099805982,2.10238987983927,7.0
1681,CDS-GUJUKu,ACH-000310,MC-000310-adwH,No,No,3.03,0.0277648947248725,0.0,0.276804752366126,2.31262676189529,9.0
1682,CDS-GWV7iq,ACH-001197,MC-001197-u3xl,No,No,3.07,,,,,
1683,CDS-GXvrLe,ACH-000241,MC-000241-I2In,Yes,Yes,1.39,0.0290214889536726,0.0,0.126367948033168,2.07567439658207,4.0
1684,CDS-GZ2d8P,ACH-001147,MC-001147-WkLI,No,No,7.99,0.222788125123414,0.0,0.376151547784186,2.16781471795283,8.0
1685,CDS-Gaun3t,ACH-001433,MC-001433-0iYo,No,No,4.45,0.0805595357897253,1.0,0.417072234113018,3.7900185796472,14.0
1686,CDS-GdKWsW,ACH-001708,MC-001708-hBpK,Yes,Yes,4.86,0.0246047914615008,0.0,0.123849687656382,2.10554790805703,4.0
1687,CDS-Ggv37u,ACH-000893,MC-000893-ZlAo,Yes,Yes,0.75,0.554149438249143,1.0,0.766424432174561,3.10593470584562,26.0
1688,CDS-GjIkws,ACH-002042,MC-002042-doLH,No,No,3.46,0.142857900030895,1.0,0.644328439189245,3.4133218772786402,23.0
1689,CDS-GjKZ2U,ACH-002209,MC-002209-KUxr,Yes,Yes,1.59,0.0168201720504558,0.0,0.494162802540934,2.5786354796766098,19.0
1690,CDS-GkFu5V,ACH-000516,MC-000516-kQiE,No,Yes,0.65,0.377827091139598,1.0,0.832570660993908,3.9524358824149197,25.0
1691,CDS-GkxEPT,ACH-002363,MC-002363-PF84,Yes,Yes,1.06,0.343058695037451,1.0,0.697435135749191,2.8843047982544303,20.0
1692,CDS-Glo5GF,ACH-000792,MC-000792-uVJM,No,Yes,1.5,0.108623786373284,1.0,0.428171865122528,3.2969819857362204,15.0
1693,CDS-GsVsYz,ACH-000749,MC-000749-kHpJ,No,Yes,1.23,0.27697768169304,1.0,0.583755243041199,2.7437206329024906,21.0
1694,CDS-Gt66HR,ACH-002226,MC-002226-5wph,Yes,Yes,0.58,0.18556680785591,1.0,0.628379719730944,3.35250400782992,20.0
1695,CDS-GvgvAM,ACH-000197,MC-000197-qJT7,Yes,Yes,1.73,0.0509170126336017,1.0,0.482328631554318,4.05696014633201,17.0
1696,CDS-Gw7gpg,ACH-001760,MC-001760-k9vF,Yes,Yes,4.07,0.322901325978254,1.0,0.748570813587508,3.81696119097278,23.0
1697,CDS-Gx8ce7,ACH-000144,MC-000144-hewW,No,Yes,1.05,0.398751099453758,1.0,0.635593017339466,2.7904632250689603,23.0
1698,CDS-GxCges,ACH-000345,MC-000345-yXks,No,Yes,1.33,0.0803937924530615,0.0,0.126704697025788,1.98259554785023,4.0
1699,CDS-H3AdwJ,ACH-000240,MC-000240-8RHw,Yes,Yes,1.93,8.14766008919833e-05,0.0,8.14815006322888e-05,1.9998638796836101,0.0
1700,CDS-H44mDx,ACH-000073,MC-000073-32tT,Yes,Yes,1.4,0.096493026667846,0.0,0.119469748899411,1.93056689914572,6.0
1701,CDS-H564Ln,ACH-000530,MC-000530-WFVn,No,Yes,1.08,0.301383302195476,1.0,0.617748204070716,3.15846111831264,21.0
1702,CDS-HDZBuX,ACH-000046,MC-000046-Whue,No,Yes,0.62,0.726307178558405,1.0,0.347418760447256,2.4872373629719,12.0
1703,CDS-HG7P6c,ACH-003476,MC-003476-Y4F6,Yes,Yes,3.84,0.0798086060537885,1.0,0.512549895990273,3.56819791114699,24.0
1704,CDS-HH43Af,ACH-001021,MC-001021-yAAG,No,Yes,0.78,0.12222904935269,0.0,0.386936632061204,2.34014078941481,11.0
1705,CDS-HHbqZS,ACH-000837,MC-000837-xXNo,No,No,2.53,0.601371717200225,1.0,0.508837159342248,2.39254469559156,13.0
1706,CDS-HLZqFA,ACH-001331,MC-001331-esqr,Yes,Yes,0.96,0.171377981680603,0.0,0.278601314283426,2.07105902611377,6.0
1707,CDS-HMeieo,ACH-000460,MC-000460-OPZJ,No,No,3.5,,,,,
1708,CDS-HNj4OC,ACH-001373,MC-001373-sepn,No,Yes,0.32,0.287748050044725,1.0,0.732612511516089,3.46073958952811,29.0
1709,CDS-HPFNQJ,ACH-000906,MC-000906-Gjr3,No,Yes,0.79,0.1091295957739,1.0,0.362895255400335,3.13501501885912,13.0
1710,CDS-HPOGcd,ACH-002261,MC-002261-vRZW,Yes,Yes,1.3,,,,,
1711,CDS-HUDt77,ACH-000243,MC-000243-YQv1,No,Yes,1.31,0.363464497170452,1.0,0.692042651584896,3.03873200657149,24.0
1712,CDS-HVVY6x,ACH-000964,MC-000964-tTts,No,No,44.93,,,,,
1713,CDS-HZFnZE,ACH-000698,MC-000698-61V3,No,No,3.46,0.48244544967444,1.0,0.752157496316331,2.9009599302398397,26.0
1714,CDS-HaeoZG,ACH-000768,MC-000768-F0F5,No,Yes,0.69,0.371387269957378,1.0,0.733088954261479,2.75699608500121,25.0
1715,CDS-HbJiG3,ACH-000157,MC-000157-92YL,Yes,Yes,4.67,,,,,
1716,CDS-HbNAQK,ACH-000466,MC-000466-hcLR,No,No,2.3,0.489989341147823,1.0,0.554756180763566,2.30533510446271,13.0
1717,CDS-HfASas,ACH-000593,MC-000593-aYaS,No,No,3.57,0.0654586337923996,1.0,0.512592161761989,3.17682661001288,20.0
1718,CDS-Hl5icq,ACH-000457,MC-000457-iohc,No,Yes,1.33,0.21800642774648,0.0,0.55212200868314,2.50352983553281,25.0
1719,CDS-Hm0CHU,ACH-000883,MC-000883-mbps,No,Yes,0.47,0.115969149708455,1.0,0.494052258232334,3.2846539855695,17.0
1720,CDS-HpdIND,ACH-002171,MC-002171-Awo5,Yes,Yes,3.09,0.418287533302115,1.0,0.728178934980814,2.7501168426004203,25.0
1721,CDS-HyNpTt,ACH-000743,MC-000743-kaBM,Yes,Yes,0.72,0.15986478972429,1.0,0.457420655757667,2.9748496550761003,19.0
1722,CDS-I0WhaP,ACH-001605,MC-001605-QuPH,No,Yes,1.17,0.395742947656047,1.0,0.683005268979458,2.52436037172579,25.0
1723,CDS-I0yK2Z,ACH-000481,MC-000481-bFe4,No,Yes,1.22,0.342801263995281,1.0,0.606260633631286,2.87590279401341,23.0
1724,CDS-I3aTEB,ACH-002215,MC-002215-EIOT,No,Yes,1.37,0.0963746269775356,0.0,0.259277645348365,2.1762215476253997,7.0
1725,CDS-I558F8,ACH-000174,MC-000174-7K9z,No,Yes,1.51,0.488116750353029,1.0,0.734641878314428,3.0059386359663702,18.0
1726,CDS-I6G2pp,ACH-000235,MC-000235-3Jp1,No,No,1.67,0.26076524599067,1.0,0.419173506530008,2.74073530332739,18.0
1727,CDS-I6L8DM,ACH-000827,MC-000827-6ReA,No,Yes,1.25,0.072706601901367,0.0,0.302480173151886,2.38692400339839,6.0
1728,CDS-I9IhG4,ACH-000135,MC-000135-L9Ng,No,Yes,0.96,0.146498141290429,0.0,0.360494831453071,2.22176514168692,12.0
1729,CDS-I9bDau,ACH-000451,MC-000451-FDtA,Yes,Yes,0.95,0.38456510375615,1.0,0.730501338404548,2.9966803871764998,25.0
1730,CDS-IAZz6r,ACH-001857,MC-001857-JYg4,Yes,Yes,3.46,,,,,
1731,CDS-IAz0pB,ACH-000043,MC-000043-0ycN,Yes,Yes,1.63,0.000228420127235472,0.0,0.000286967083240317,1.99991108096336,0.0
1732,CDS-ICouzn,ACH-000957,MC-000957-Ccbl,No,Yes,87.32,0.00409721038812707,0.0,0.025894010092248,2.02764916712649,0.0
1733,CDS-ID1duZ,ACH-000296,MC-000296-bgzW,Yes,Yes,4.2,0.225930717591764,1.0,0.500865669130273,2.8110591340823103,17.0
1734,CDS-IHsrSb,ACH-000332,MC-000332-1VT5,No,Yes,1.12,0.268963941734143,1.0,0.626708700641596,3.3090536748439803,23.0
1735,CDS-IPDVzQ,ACH-000265,MC-000265-TfNJ,No,Yes,1.27,0.231557238193356,1.0,0.601745691616007,3.2737579108072903,18.0
1736,CDS-IPyRLk,ACH-000930,MC-000930-7W2U,No,Yes,70.93,0.235626613468233,1.0,0.753785145242141,4.43412922114105,24.0
1737,CDS-IRJkVH,ACH-000426,MC-000426-vT1j,No,No,2.69,0.232588018988227,0.0,0.260551090498593,1.89663575917204,8.0
1738,CDS-IU6dnI,ACH-000149,MC-000149-T5h1,Yes,Yes,1.49,,,,,
1739,CDS-IUbeqC,ACH-000193,MC-000193-IINp,Yes,Yes,1.55,0.226806556012336,1.0,0.684044799737316,2.99182809701177,23.0
1740,CDS-IUvqvg,ACH-000969,MC-000969-8Uk9,No,Yes,87.74,,,,,
1741,CDS-IYXKB7,ACH-000852,MC-000852-H6cT,No,Yes,1.05,0.311034438227068,0.0,0.469259290904995,1.92091322829546,16.0
1742,CDS-IaLkpE,ACH-001106,MC-001106-BKoT,No,No,1.95,0.000276887614930212,0.0,0.000798614418165266,2.00082014373134,0.0
1743,CDS-Iayyqk,ACH-002221,MC-002221-JOhC,Yes,Yes,2.31,0.0715566887668657,0.0,0.220663276536164,2.17382085227713,5.0
1744,CDS-IccffL,ACH-002419,MC-002419-Y3G7,Yes,Yes,3.54,0.000634026465465502,0.0,0.00654879421006677,2.01022293405832,0.0
1745,CDS-Igadct,ACH-000518,MC-000518-mZY2,Yes,Yes,1.07,0.121805922315842,0.0,0.279891569374674,2.1994118008848598,11.0
1746,CDS-IhXV7n,ACH-000206,MC-000206-Jmpg,No,No,4.13,,,,,
1747,CDS-IhYFHN,ACH-001336,MC-001336-Y0Qd,No,No,3.85,0.357918410796671,1.0,0.763126687009882,3.4212111347066,19.0
1748,CDS-Iqv4tU,ACH-000414,MC-000414-4WOU,No,Yes,0.59,0.06353341822438,0.0,0.246414605942152,2.24385036846607,7.0
1749,CDS-Irzq86,ACH-000549,MC-000549-P7xB,Yes,Yes,1.66,0.110379582954121,1.0,0.65939444330086,3.74508264082754,27.0
1750,CDS-Iv79NT,ACH-001338,MC-001338-zr7W,No,Yes,1.17,0.0789056599515247,0.0,0.188101630616964,2.07248965095312,5.0
1751,CDS-IxIFyw,ACH-000611,MC-000611-WhVU,Yes,Yes,2.19,0.102816601946167,0.0,0.239566379729658,2.10441465922709,7.0
1752,CDS-J0nzOO,ACH-000008,MC-000008-OGcy,No,Yes,0.48,0.354263049939161,1.0,0.61997598129647,2.6646725710120296,25.0
1753,CDS-J1zjBr,ACH-000226,MC-000226-z9rQ,No,Yes,1.04,0.0193705758030394,0.0,0.210213402550159,2.2514640922307403,6.0
1754,CDS-J4fvsj,ACH-002159,MC-002159-nQYI,Yes,Yes,0.47,0.207806679285072,1.0,0.535205565443591,3.1440923525803197,16.0
1755,CDS-J6aoqG,ACH-000119,MC-000119-biIS,Yes,Yes,1.68,2.62816549994483e-05,0.0,2.62829812782732e-05,1.9999058921536699,0.0
1756,CDS-J6i20N,ACH-000968,MC-000968-jPeQ,No,Yes,0.83,0.155410977030865,1.0,0.538825334034304,3.7678573363306405,21.0
1757,CDS-J76DxD,ACH-001400,MC-001400-f9np,No,Yes,1.0,,,,,
1758,CDS-J7oJl8,ACH-002298,MC-002298-cl1G,Yes,Yes,1.32,0.284241808867577,1.0,0.619996934597656,3.36014397437639,19.0
1759,CDS-JBnfaq,ACH-003475,MC-003475-H7Y4,Yes,Yes,3.18,0.0766406922793308,1.0,0.474686802431544,3.39062737071952,22.0
1760,CDS-JDS2jg,ACH-000816,MC-000816-fYn1,No,Yes,0.87,0.32238020243329,0.0,0.639185025918472,2.33777426552832,18.0
1761,CDS-JDhesy,ACH-000649,MC-000649-IvOi,No,Yes,1.41,0.279248753799466,0.0,0.402500676514136,2.0814547589866104,6.0
1762,CDS-JFaBTh,ACH-001819,MC-001819-imt5,Yes,Yes,3.04,0.422678116621988,1.0,0.699270207684557,2.7352987195887595,32.0
1763,CDS-JKOFlV,ACH-000910,MC-000910-2EDP,No,Yes,0.55,0.20216531646815,0.0,0.45921918127789,2.25253202919206,13.0
1764,CDS-JNpgXf,ACH-002077,MC-002077-uVx4,No,Yes,1.24,0.202363400107803,0.0,0.303204346132941,1.9331902608565101,12.0
1765,CDS-JOeC3P,ACH-001858,MC-001858-c43i,Yes,Yes,3.64,,,,,
1766,CDS-JPXwPO,ACH-000055,MC-000055-M4n1,Yes,Yes,6.24,,,,,
1767,CDS-JRtr3a,ACH-000443,MC-000443-VzGx,Yes,Yes,1.81,0.331084385589134,0.0,0.524952347937619,2.06824285909208,17.0
1768,CDS-JVrQlU,ACH-000657,MC-000657-ERaD,No,Yes,14.99,0.0559456978406808,0.0,0.118259320322663,2.05553574825372,2.0
1769,CDS-JZVtJV,ACH-001993,MC-001993-EcIk,No,No,2.87,0.486764031133903,1.0,0.0840924973754161,3.23144705417795,4.0
1770,CDS-JeRq2M,ACH-000762,MC-000762-wXHU,No,No,2.13,0.273633394353655,1.0,0.537064358751374,2.9197663821465,14.0
1771,CDS-Jf1BVQ,ACH-000112,MC-000112-7H1B,No,Yes,0.89,0.00443978422404825,1.0,0.511526629278904,3.65205390404009,24.0
1772,CDS-JmNfAK,ACH-001647,MC-001647-cFRC,No,No,3.51,0.0631118434479018,0.0,0.138743652995972,2.00109931492863,7.0
1773,CDS-JqBiUG,ACH-002115,MC-002115-i7Zw,Yes,Yes,0.53,0.0589430667944249,1.0,0.4780144407762,4.77882816018516,34.0
1774,CDS-Jslf9C,ACH-001344,MC-001344-oQWg,No,Yes,0.77,0.0938887980044014,1.0,0.472110002730895,3.73550946164808,15.0
1775,CDS-JuKIq7,ACH-001193,MC-001193-ObM2,No,No,3.94,0.250601124025263,1.0,0.482074592804233,3.6697304699656303,18.0
1776,CDS-JwETSN,ACH-000767,MC-000767-kxY9,No,No,4.79,0.263357046985323,1.0,0.586043422827182,3.09669109280523,20.0
1777,CDS-JyjcBs,ACH-000905,MC-000905-IjEO,No,Yes,1.88,0.13588730163779,1.0,0.496390357507459,3.16614356489969,19.0
1778,CDS-K1CuDa,ACH-000212,MC-000212-cLyi,No,Yes,0.8,0.409122508488181,1.0,0.818642740532215,4.6759337185675705,31.0
1779,CDS-K7mg2G,ACH-001613,MC-001613-audg,Yes,Yes,3.55,0.069659042898287,0.0,0.172131754103342,2.07730092113939,4.0
1780,CDS-KAqwOM,ACH-000965,MC-000965-QT4C,No,Yes,79.4,,,,,
1781,CDS-KBWHzC,ACH-000450,MC-000450-UsoN,No,Yes,0.99,0.213575447589707,1.0,0.567721259369194,3.3358774933892406,19.0
1782,CDS-KBj6zC,ACH-000811,MC-000811-Gp6a,No,Yes,29.03,,,,,
1783,CDS-KCQeL4,ACH-000323,MC-000323-TmRx,No,Yes,0.9,0.422625301851629,1.0,0.781917861354073,4.238430039516331,26.0
1784,CDS-KCUFod,ACH-000504,MC-000504-aQvj,No,Yes,0.7,,,,,
1785,CDS-KCUGoM,ACH-000456,MC-000456-LaWY,No,Yes,0.65,0.231101111875731,1.0,0.499407032101974,3.1394865107717598,18.0
1786,CDS-KMo6RD,ACH-000219,MC-000219-wkcr,No,Yes,1.68,0.286280281772525,1.0,0.568797962350936,2.8285040638463097,16.0
1787,CDS-KNGc2y,ACH-000271,MC-000271-2YJJ,Yes,Yes,2.96,0.0663102591235163,0.0,0.125743229650605,2.0464474752828203,2.0
1788,CDS-KQyxhG,ACH-000326,MC-000326-kma2,No,No,1.58,0.111626569481797,0.0,0.165816902052152,1.96584456214593,5.0
1789,CDS-KRXKKX,ACH-000545,MC-000545-viLC,No,Yes,0.9,0.4311279712745,1.0,0.726736412568317,3.8409834659126605,28.0
1790,CDS-KStyr8,ACH-001277,MC-001277-fbAy,No,No,4.56,0.157126445877776,1.0,0.522512117682741,4.41805219606637,16.0
1791,CDS-KUFYVj,ACH-000112,MC-000112-bjRJ,Yes,Yes,1.51,2.76764914179641e-05,1.0,0.533541799761668,3.49112797689789,20.0
1792,CDS-KYvK2W,ACH-000130,MC-000130-bX0R,Yes,Yes,2.27,0.00873612881219053,0.0,0.074174951558114,2.05476652594542,3.0
1793,CDS-KZwcE8,ACH-000228,MC-000228-aDV5,No,No,1.68,0.525807446860427,1.0,0.626316966907878,2.08825688744219,12.0
1794,CDS-KbGk8A,ACH-002116,MC-002116-7TpA,Yes,Yes,0.63,,,,,
1795,CDS-KgFyLR,ACH-001369,MC-001369-jLCX,Yes,Yes,74.33,0.000545482000411792,0.0,0.00153044611826162,2.00014377965453,0.0
1796,CDS-KgMIEb,ACH-001517,MC-001517-TVRG,No,Yes,63.84,0.112931554526423,1.0,0.641636058027416,3.5737657832816403,19.0
1797,CDS-KhPZpk,ACH-001442,MC-001442-F4Lg,No,No,2.88,0.0314259175182801,0.0,0.211950641070381,2.1176316514786397,10.0
1798,CDS-KhywM7,ACH-001390,MC-001390-SOLL,Yes,Yes,7.51,0.499425048786431,1.0,0.564977310489921,2.6619234502002205,23.0
1799,CDS-Kockd8,ACH-001864,MC-001864-217M,Yes,Yes,2.97,0.188250924635614,1.0,0.665824666977986,3.0726289684191097,27.0
1800,CDS-KpKb5K,ACH-002369,MC-002369-ihXy,Yes,Yes,1.07,0.000940619402607277,1.0,0.0918276915773711,4.11155523448563,0.0
1801,CDS-KqVlq3,ACH-000939,MC-000939-vZCX,No,Yes,75.01,0.0822604941659062,0.0,0.117086629604015,2.0131964812493797,2.0
1802,CDS-Ky8nue,ACH-002190,MC-002190-Ww21,Yes,Yes,0.53,0.0981955105829039,0.0,0.145266777073368,2.00015710735809,3.0
1803,CDS-Kz4ol9,ACH-001786,MC-001786-LoTy,Yes,Yes,88.0,9.30326169925474e-05,1.0,0.256845917592355,3.74874690911064,10.0
1804,CDS-L4Qt3X,ACH-000727,MC-000727-l8XD,No,Yes,0.8,0.484900703861478,1.0,0.639850724133202,2.529918078312,23.0
1805,CDS-L5bues,ACH-000924,MC-000924-TCUt,No,No,2.8,0.197609919603471,1.0,0.780807673212893,4.58062985275288,32.0
1806,CDS-L7Z07J,ACH-000160,MC-000160-11p8,No,No,5.26,,,,,
1807,CDS-L7hN76,ACH-000703,MC-000703-mnrW,No,No,1.84,0.331493527692472,1.0,0.51791335880718,3.54547913008909,19.0
1808,CDS-L9Zvw4,ACH-002357,MC-002357-FxXn,Yes,Yes,1.11,0.00269907358778296,0.0,0.023059152006803,2.03157449123303,0.0
1809,CDS-LEWhAC,ACH-000055,MC-000055-ndMA,No,Yes,1.98,0.129418610132017,0.0,0.235681675858924,2.07750733041877,7.0
1810,CDS-LEgBAZ,ACH-001205,MC-001205-qL1Z,No,Yes,1.7,0.00169827806782464,0.0,0.0922108425552549,2.12542780099925,3.0
1811,CDS-LHBq0Q,ACH-000582,MC-000582-hnXD,No,Yes,0.73,0.426983894236158,1.0,0.643491112203979,3.27548238690666,28.0
1812,CDS-LLMKJM,ACH-000221,MC-000221-AyjX,No,Yes,1.21,0.386766656274268,1.0,0.658128412195897,2.81815388704377,22.0
1813,CDS-LO8oUO,ACH-002155,MC-002155-NOuO,Yes,Yes,1.24,0.116195428164297,0.0,0.316613419246236,2.12220164761193,12.0
1814,CDS-LOKI0n,ACH-002301,MC-002301-pUfb,Yes,Yes,1.68,0.0490365472021404,0.0,0.137971068794093,2.12932868813301,3.0
1815,CDS-LQoU8A,ACH-002029,MC-002029-jZk3,No,No,4.22,,,,,
1816,CDS-LVXDFs,ACH-000914,MC-000914-K7kD,No,Yes,57.17,,,,,
1817,CDS-La6rnZ,ACH-000123,MC-000123-f35B,No,No,3.22,0.000489246154108644,0.0,0.000795860030304086,1.9997745811475,0.0
1818,CDS-LbN1PP,ACH-000227,MC-000227-eumb,No,Yes,1.21,,,,,
1819,CDS-Lck6JE,ACH-000414,MC-000414-MWUF,Yes,Yes,1.96,0.062452654762363,0.0,0.22828838333626,2.20428411109106,7.0
1820,CDS-LfdQqM,ACH-002287,MC-002287-tUNB,Yes,Yes,80.38,0.419841177513539,1.0,0.733754498895659,2.92219446338468,18.0
1821,CDS-LhNNwM,ACH-001303,MC-001303-7eBW,No,No,3.71,0.0152560064732614,1.0,0.272369225716933,4.32776708470227,9.0
1822,CDS-Ls959U,ACH-000209,MC-000209-gfOv,Yes,Yes,1.1,0.403810157395419,1.0,0.539069967051806,2.80408244746088,20.0
1823,CDS-LsRC2H,ACH-000405,MC-000405-OrjD,No,No,1.77,,,,,
1824,CDS-LsjGNU,ACH-003473,MC-003473-A1W2,Yes,Yes,3.97,0.0739939701252446,0.0,0.122432297289057,1.89989035081691,6.0
1825,CDS-LtJKmx,ACH-000449,MC-000449-CzYj,Yes,Yes,1.4,0.144950732126437,0.0,0.175550947952548,1.97452084342123,3.0
1826,CDS-LtRnBf,ACH-002135,MC-002135-kWNb,Yes,Yes,0.78,0.324116768789823,0.0,0.416327437329121,1.77894125823019,16.0
1827,CDS-Lzm8CV,ACH-000756,MC-000756-WQaB,No,Yes,1.29,0.238631439566713,1.0,0.707652325591952,4.70302798677547,33.0
1828,CDS-M0EGOd,ACH-003455,MC-003455-C8I1,Yes,Yes,3.74,0.32548162329373,1.0,0.743441713007207,2.93759197569884,25.0
1829,CDS-M0eAUt,ACH-000672,MC-000672-m0Ol,No,Yes,1.24,,,,,
1830,CDS-M33guL,ACH-000032,MC-000032-b8Um,Yes,Yes,1.17,0.0375368134713612,0.0,0.0958339739398145,2.02030782593315,4.0
1831,CDS-M3w8gk,ACH-000637,MC-000637-q42p,No,Yes,1.28,0.581205440277235,1.0,0.741604481949035,2.95776949867972,22.0
1832,CDS-M5LMzl,ACH-001360,MC-001360-PH5r,No,Yes,0.79,0.267536344677993,1.0,0.431665144964849,3.74205378255062,16.0
1833,CDS-MFvQGC,ACH-000747,MC-000747-5vS8,No,Yes,0.55,0.446535866079131,1.0,0.654578249905961,2.37546789539344,16.0
1834,CDS-MIWHZf,ACH-002372,MC-002372-cfh6,Yes,Yes,1.18,0.0017383176635704,0.0,0.0325650803305214,2.05136391080866,0.0
1835,CDS-MJAkfv,ACH-000788,MC-000788-UK2d,No,Yes,0.71,0.0518150464421205,0.0,0.277778879980961,2.24306892447808,8.0
1836,CDS-ML22GG,ACH-001702,MC-001702-d1DG,No,No,2.64,0.30340266495207,1.0,0.499755140795288,2.85810396139091,19.0
1837,CDS-MNNh0S,ACH-001544,MC-001544-r8oy,Yes,Yes,1.6,0.248588217217007,1.0,0.671656556749751,3.52685928335227,27.0
1838,CDS-MO67zD,ACH-000459,MC-000459-htGX,Yes,Yes,1.93,0.195150983535594,0.0,0.279176138859215,1.87706453423626,12.0
1839,CDS-MPFRBy,ACH-000462,MC-000462-xIRj,Yes,Yes,2.75,0.0328283300022732,0.0,0.033086353639724,1.96559490962382,2.0
1840,CDS-MQDYm1,ACH-002465,MC-002465-1j4t,No,No,3.34,0.0480761422757668,0.0,0.127321089834894,2.07832753389759,3.0
1841,CDS-MUa2O1,ACH-001365,MC-001365-52X8,Yes,Yes,0.55,0.340094367880944,1.0,0.611071881560794,2.34175772316052,12.0
1842,CDS-MUcw2E,ACH-000704,MC-000704-btHg,No,Yes,1.16,0.0808220959959964,1.0,0.703639299218668,3.87461391247342,23.0
1843,CDS-MWtu9h,ACH-001086,MC-001086-cgN4,Yes,Yes,2.67,0.127269181486829,1.0,0.584604736863938,3.69186437609513,25.0
1844,CDS-MYsguW,ACH-000958,MC-000958-mNiZ,No,Yes,84.4,0.0662116179084579,0.0,0.116949023288951,2.11603626201275,3.0
1845,CDS-MeMO7o,ACH-000692,MC-000692-bV06,Yes,Yes,1.54,0.102028794584758,1.0,0.764314601568021,4.35172244770729,24.0
1846,CDS-MgxKJG,ACH-002304,MC-002304-T9J0,Yes,Yes,0.85,0.303881733758719,1.0,0.749554973615084,2.80461299033967,28.0
1847,CDS-MhUSR8,ACH-000738,MC-000738-4Yli,No,Yes,1.3,0.424221101212311,1.0,0.717245921819788,3.15190517440602,20.0
1848,CDS-MiE9vu,ACH-000833,MC-000833-yj6G,No,Yes,1.22,,,,,
1849,CDS-MiKJeF,ACH-000156,MC-000156-s6DS,No,Yes,1.39,0.0252773104502295,0.0,0.0512078063414994,2.03857306513235,0.0
1850,CDS-MmcZTk,ACH-000990,MC-000990-B253,Yes,Yes,93.22,0.000337874730150025,1.0,0.387611299511762,3.71922286728829,13.0
1851,CDS-Mn4Zma,ACH-000599,MC-000599-AlzI,No,Yes,1.15,0.38537735454765,1.0,0.802960957981451,4.23305170393605,26.0
1852,CDS-MtErSP,ACH-002228,MC-002228-0cwy,Yes,Yes,0.82,0.183979303532601,1.0,0.788259249808672,4.39862279094446,23.0
1853,CDS-Mzr7zM,ACH-000625,MC-000625-ENPZ,Yes,Yes,2.69,0.384980286174916,1.0,0.559003082464084,2.82341986664399,18.0
1854,CDS-N3ZMYD,ACH-000475,MC-000475-W7YC,No,Yes,1.3,0.209017619978967,1.0,0.537500848912056,3.12577540952357,19.0
1855,CDS-N3vCMV,ACH-000361,MC-000361-yQDD,No,Yes,0.76,0.245464881368324,1.0,0.516447677379278,3.04663737032808,19.0
1856,CDS-N5lBzf,ACH-000280,MC-000280-pNNC,No,No,3.56,0.284061408387761,1.0,0.59083387478692,3.06415606033841,23.0
1857,CDS-N6nU6v,ACH-000706,MC-000706-d8dm,No,No,3.29,0.239577851140102,1.0,0.546963083425539,2.92908794525845,18.0
1858,CDS-N6ol9n,ACH-000476,MC-000476-xgG1,No,Yes,1.19,0.177340430660746,1.0,0.625778980624351,3.67804085623252,27.0
1859,CDS-NCnGCn,ACH-002166,MC-002166-BGjV,Yes,Yes,9.39,0.129064072845709,0.0,0.369846299139371,2.32582782097312,10.0
1860,CDS-NDrHPx,ACH-000943,MC-000943-73mH,No,Yes,89.32,0.0303062454101122,0.0,0.171033772753328,2.18346207578288,6.0
1861,CDS-NFZUwr,ACH-000562,MC-000562-mq0V,No,Yes,0.97,0.00885843535177164,1.0,0.443270507447413,4.24316067222586,17.0
1862,CDS-NJB8bC,ACH-001958,MC-001958-4W4E,Yes,Yes,0.66,0.193509746184822,0.0,0.379552097725768,2.19428061059891,8.0
1863,CDS-NJIihC,ACH-000484,MC-000484-thJb,No,Yes,1.12,0.115615012670435,0.0,0.414489508516406,2.23071470095106,14.0
1864,CDS-NJXNyg,ACH-000425,MC-000425-UYlA,Yes,Yes,0.48,0.252527654449572,1.0,0.579139216117037,3.55631674416117,21.0
1865,CDS-NLQPgQ,ACH-000365,MC-000365-TMgT,No,No,1.73,0.0361804129233745,0.0,0.2437259339621,2.18891981941182,10.0
1866,CDS-NMjQQh,ACH-002339,MC-002339-1uvq,Yes,Yes,1.02,0.0133233955335434,0.0,0.0463853991917756,2.04762602222485,0.0
1867,CDS-NR6h1u,ACH-002263,MC-002263-bDr8,Yes,Yes,1.2,0.582298974125845,1.0,0.713256938384105,3.21039176871828,20.0
1868,CDS-NTbuRg,ACH-000369,MC-000369-hSYj,Yes,Yes,0.96,0.163090573560793,1.0,0.588234408631146,3.35428901038762,25.0
1869,CDS-NZ6B0O,ACH-001819,MC-001819-XxSH,No,Yes,0.65,0.41818322866884,1.0,0.711458466771382,2.79755217736373,32.0
1870,CDS-NZWmFH,ACH-001022,MC-001022-4eAr,Yes,Yes,4.18,,,,,
1871,CDS-NbDtkx,ACH-001081,MC-001081-EiKC,Yes,Yes,2.15,0.0132648507148096,0.0,0.143933188172709,2.13451013694004,5.0
1872,CDS-Nc2hmz,ACH-000099,MC-000099-FsxW,No,No,1.66,0.0191804319302598,0.0,0.0452846709192309,2.03260324343284,2.0
1873,CDS-NlDD1M,ACH-000431,MC-000431-32KF,No,Yes,1.17,0.564159626526946,1.0,0.688892550626527,2.56704622630156,27.0
1874,CDS-NlnHZy,ACH-001719,MC-001719-PKkh,Yes,Yes,44.82,,,,,
1875,CDS-Nm6l6g,ACH-000709,MC-000709-QsXL,No,No,1.99,0.106716515199135,0.0,0.13585774131378,1.89247733534621,5.0
1876,CDS-NmQoHT,ACH-000980,MC-000980-6nyV,Yes,Yes,13.76,0.929901341852373,1.0,0.124401267125838,2.10964299520305,5.0
1877,CDS-NmkaqM,ACH-003433,MC-003433-D9J4,Yes,Yes,3.63,0.256976402551889,1.0,0.391337618882064,2.66842024033054,17.0
1878,CDS-NvYPYt,ACH-002355,MC-002355-l4GO,Yes,Yes,0.7,0.00290395213105845,0.0,0.070770931841339,2.08573550637181,2.0
1879,CDS-Nw4mGG,ACH-000103,MC-000103-WPPc,Yes,Yes,1.05,0.391827633405613,1.0,0.702896994221315,2.66381035809449,24.0
1880,CDS-NyJlqa,ACH-001807,MC-001807-geak,Yes,Yes,3.59,0.0158744762500325,1.0,0.47938800714251,3.90690560256283,16.0
1881,CDS-O4VCab,ACH-000836,MC-000836-gosu,No,No,4.0,0.25426337188316,1.0,0.491991878082462,3.04667929275057,17.0
1882,CDS-O8xnU6,ACH-001345,MC-001345-JQah,No,Yes,88.94,0.02538109918305,0.0,0.057852578501172,2.03195519794926,0.0
1883,CDS-OApL5r,ACH-001498,MC-001498-leUb,No,Yes,41.59,0.0204378967442398,0.0,0.0503777520468195,2.04658413743256,0.0
1884,CDS-ODG7UH,ACH-000837,MC-000837-Of3x,No,Yes,1.04,0.622709685777097,1.0,0.53686674229558,2.38609116804716,16.0
1885,CDS-OEAx8K,ACH-000140,MC-000140-6aW4,Yes,Yes,1.41,0.149165963644051,0.0,0.31752844841903,2.14465811507273,8.0
1886,CDS-OHN1rp,ACH-000226,MC-000226-ZYgM,No,No,1.67,0.0110217061697268,0.0,0.181387869469437,2.20108588067302,6.0
1887,CDS-OJhAUD,ACH-000065,MC-000065-80tJ,Yes,Yes,1.67,0.0890972265210224,0.0,0.190173563874866,2.09995269611083,4.0
1888,CDS-ONSun8,ACH-000867,MC-000867-fca0,No,Yes,0.88,0.510422625487322,1.0,0.718171726986869,2.31497137955713,15.0
1889,CDS-OPD961,ACH-001694,MC-001694-EG4Q,No,No,3.29,0.133144831123188,0.0,0.366103985123647,2.18903907194546,15.0
1890,CDS-OQYRD2,ACH-001971,MC-001971-9Qqf,Yes,Yes,3.79,0.105626837129417,1.0,0.596569352547626,3.49208900795463,18.0
1891,CDS-OTQ1jv,ACH-001626,MC-001626-p1qh,Yes,Yes,1.77,0.315802814120691,1.0,0.616696503661996,2.94496035740225,22.0
1892,CDS-OUZyki,ACH-000703,MC-000703-U6Xp,No,Yes,1.06,0.335507447854804,1.0,0.580434970020437,3.64580190679734,21.0
1893,CDS-OX6Ebg,ACH-000175,MC-000175-8zy8,Yes,Yes,1.47,0.000275840725965782,0.0,0.000853867125936501,2.00041350922334,0.0
1894,CDS-OXZzco,ACH-001399,MC-001399-3VUK,No,Yes,1.12,,,,,
1895,CDS-OYC5Tv,ACH-001536,MC-001536-hiad,Yes,Yes,4.23,0.184656557905772,1.0,0.566417370697379,3.40233870446943,19.0
1896,CDS-OZesuZ,ACH-000556,MC-000556-YK2Z,Yes,Yes,4.82,0.375852832279163,1.0,0.748563627560578,4.98775541749943,21.0
1897,CDS-OcvApb,ACH-000108,MC-000108-qIhD,No,Yes,1.54,0.371883533412193,1.0,0.604419044509299,2.83819578522179,24.0
1898,CDS-Od2Vug,ACH-001845,MC-001845-xwfS,Yes,Yes,3.74,0.201031396384409,1.0,0.609925551936586,3.56367935596654,22.0
1899,CDS-Oez2VA,ACH-002362,MC-002362-glTc,Yes,Yes,2.4,0.0274776577397779,0.0,0.0657869918684187,2.04295008544454,0.0
1900,CDS-OiHwkC,ACH-002124,MC-002124-jcBA,Yes,Yes,0.46,0.193297880660601,1.0,0.267611786299233,3.93853906036488,5.0
1901,CDS-Oidz6E,ACH-001521,MC-001521-otPk,Yes,Yes,3.99,0.165166295313754,1.0,0.566085859783088,3.38255767837036,20.0
1902,CDS-OlVnPg,ACH-000107,MC-000107-e6AU,Yes,Yes,0.71,0.321791974242593,1.0,0.564352358774441,3.40966721215286,31.0
1903,CDS-OlgTw0,ACH-000393,MC-000393-lUgn,No,No,2.91,0.275580843979093,1.0,0.60555607357635,2.70688723293804,19.0
1904,CDS-OsJPkv,ACH-000079,MC-000079-rZyX,Yes,Yes,1.66,0.000251224926397411,0.0,0.000251245424803156,1.99992065233153,0.0
1905,CDS-Oy6cpj,ACH-001398,MC-001398-XBHi,No,No,3.26,0.309463068404903,1.0,0.46459665293468,2.93198799301563,13.0
1906,CDS-Oz4AYG,ACH-000139,MC-000139-cnnh,No,Yes,1.04,0.251639846410569,1.0,0.640257038097412,3.29395343226401,22.0
1907,CDS-P6ydQK,ACH-000050,MC-000050-olUM,No,Yes,0.77,0.15303807087129,0.0,0.234252114441559,2.06249634348508,6.0
1908,CDS-P7RLke,ACH-002142,MC-002142-CiZf,No,Yes,1.3,0.219284107464787,1.0,0.563629217477451,3.58005886178966,19.0
1909,CDS-PDzYFA,ACH-000920,MC-000920-qMIt,Yes,Yes,66.48,,,,,
1910,CDS-PETJ2c,ACH-000411,MC-000411-ANqW,No,Yes,0.82,0.120829439583045,0.0,0.218232744327708,2.02710273339122,5.0
1911,CDS-PEWBlR,ACH-002382,MC-002382-GNoh,Yes,Yes,1.69,0.071455098828777,0.0,0.105377978965502,2.00667382766542,4.0
1912,CDS-PHiqJP,ACH-001570,MC-001570-D1zt,Yes,Yes,4.13,0.156241800156052,0.0,0.296609069271699,2.14602134145122,8.0
1913,CDS-PHmbVW,ACH-002241,MC-002241-3xg5,Yes,Yes,1.27,0.0308885995959246,0.0,0.0540294098311034,2.02611106482872,0.0
1914,CDS-PKPzKE,ACH-000318,MC-000318-QzhX,No,Yes,0.7,0.436062188499842,1.0,0.66377212477747,2.94816142586509,22.0
1915,CDS-PLB5Dl,ACH-000334,MC-000334-fk0Z,No,Yes,1.34,0.161605820713328,1.0,0.540944051976065,3.38312002465268,20.0
1916,CDS-PMqSGc,ACH-000189,MC-000189-2fOb,No,Yes,1.47,0.232402265846153,1.0,0.592914328044036,3.45569473874401,31.0
1917,CDS-PP2Qmq,ACH-001422,MC-001422-2WUe,No,No,3.78,0.327300000970217,0.0,0.478049402372898,2.09253207273903,8.0
1918,CDS-PRfpjg,ACH-001423,MC-001423-L1R7,Yes,Yes,5.18,0.000443525129376833,0.0,0.0751656620211391,2.0880332364504,3.0
1919,CDS-PUjlMd,ACH-002062,MC-002062-KLCC,No,Yes,1.46,0.0603338883194231,1.0,0.607744289909335,3.67468509067424,20.0
1920,CDS-PWtjc6,ACH-000200,MC-000200-oWOr,No,Yes,1.24,0.471184677327388,1.0,0.603484302043061,2.27438187905646,8.0
1921,CDS-PXMaSy,ACH-000682,MC-000682-aHK7,No,No,2.93,0.250154516707643,1.0,0.680496675224349,3.80293284245077,22.0
1922,CDS-PavpH4,ACH-001650,MC-001650-X72x,Yes,Yes,1.05,0.319831073553786,1.0,0.626906323086859,2.63450374127202,21.0
1923,CDS-Pc3M1p,ACH-000150,MC-000150-x7RT,No,No,1.61,0.273384985920517,1.0,0.783372275269398,4.56730053892309,33.0
1924,CDS-PdoxLr,ACH-002236,MC-002236-Cwa4,Yes,Yes,4.13,0.0107997253519578,0.0,0.102258915857533,2.12504042348292,2.0
1925,CDS-PfAKUF,ACH-000592,MC-000592-RBCT,No,No,1.42,0.205533202807361,1.0,0.598877990001354,2.8936011026075,21.0
1926,CDS-Pg9VCG,ACH-000994,MC-000994-NzaG,No,No,92.27,0.0244906442165681,1.0,0.387128579370004,3.87226757491387,11.0
1927,CDS-Pj21wE,ACH-001849,MC-001849-Eqdi,Yes,Yes,3.6,0.224122446221968,0.0,0.369360092439583,2.16410197298097,10.0
1928,CDS-PlF8zP,ACH-000326,MC-000326-DIBJ,No,Yes,1.02,0.153093110230244,0.0,0.192468867926321,2.01126658277569,5.0
1929,CDS-PlugSJ,ACH-000082,MC-000082-5vwb,No,Yes,0.95,0.593480381103015,1.0,0.547216763864165,3.86697052505451,34.0
1930,CDS-PogTb0,ACH-000890,MC-000890-cbjX,No,No,1.55,0.404361194071091,1.0,0.744078832157749,3.24379744099015,20.0
1931,CDS-PpZSvq,ACH-002234,MC-002234-ydTK,Yes,Yes,1.04,0.302148723029351,1.0,0.725580200767733,3.81640148543769,27.0
1932,CDS-Prs8FI,ACH-001333,MC-001333-aE8O,No,No,82.77,,,,,
1933,CDS-Ptb0Wx,ACH-000249,MC-000249-rdt1,No,Yes,1.37,0.222534446764501,0.0,0.304450403347077,2.0573697619371,8.0
1934,CDS-Puvdv4,ACH-000316,MC-000316-sylV,No,No,1.58,0.0806385677414679,0.0,0.119062579514539,1.93296803346367,7.0
1935,CDS-PvRIhF,ACH-000946,MC-000946-Imv7,No,No,79.35,0.0470211780020689,0.0,0.048558386369308,2.00100489962099,0.0
1936,CDS-PwJgfV,ACH-002112,MC-002112-3o0n,Yes,Yes,0.78,0.589476394649762,1.0,0.480144264946438,2.42355409143519,17.0
1937,CDS-Q3NFuZ,ACH-002247,MC-002247-hsx5,Yes,Yes,1.19,0.0175104813690553,0.0,0.0385278093084249,2.05107584499158,0.0
1938,CDS-Q4dsl1,ACH-001679,MC-001679-DRZr,Yes,Yes,3.74,0.0947807154141001,0.0,0.158843475494397,2.05826370990932,2.0
1939,CDS-Q77MKO,ACH-000092,MC-000092-Sqr2,No,Yes,0.61,0.288259167162031,1.0,0.477236729583099,3.47392402305843,31.0
1940,CDS-Q78Ojk,ACH-002306,MC-002306-bwiR,Yes,Yes,0.76,0.122930314745887,1.0,0.600698440671276,3.89124936512789,19.0
1941,CDS-Q7a4HW,ACH-000115,MC-000115-FtO4,Yes,Yes,0.8,0.118902067898944,1.0,0.523656064969272,3.48160436881428,19.0
1942,CDS-Q8OO1K,ACH-002205,MC-002205-i4u1,Yes,Yes,1.01,0.222646335092876,0.0,0.424065119282522,2.15830216005978,12.0
1943,CDS-QBobY4,ACH-001847,MC-001847-IniK,Yes,Yes,3.85,0.124416911013922,1.0,0.337591678784671,3.00917844769519,14.0
1944,CDS-QE1udI,ACH-000301,MC-000301-kxnk,No,Yes,1.3,0.229857167936041,1.0,0.517835148789732,3.19786815785361,19.0
1945,CDS-QGE24J,ACH-000233,MC-000233-WrhW,No,Yes,0.94,0.0782949301066863,1.0,0.477127508962546,3.39483678452646,18.0
1946,CDS-QKcgtc,ACH-001136,MC-001136-38en,Yes,Yes,1.1,0.443854299810358,1.0,0.66975316458839,3.08614145752669,27.0
1947,CDS-QKeIVC,ACH-001148,MC-001148-pMM7,No,No,6.99,0.096244835429168,1.0,0.293035995935221,3.70902794259937,9.0
1948,CDS-QKy8bE,ACH-000532,MC-000532-NN9r,No,No,1.77,0.238795048934602,1.0,0.620212123244665,2.79118811335213,23.0
1949,CDS-QO3CaX,ACH-001050,MC-001050-A4lg,Yes,Yes,4.79,0.0692639337341575,1.0,0.568098379984637,3.53038377714156,16.0
1950,CDS-QOJByS,ACH-000765,MC-000765-PMrH,Yes,Yes,1.78,0.231350990335165,1.0,0.675360856061977,2.58276092150964,24.0
1951,CDS-QQjNkL,ACH-002405,MC-002405-K7R1,Yes,Yes,5.81,0.052875488939306,0.0,0.139867709097138,2.07246863294754,4.0
1952,CDS-QRKue9,ACH-000751,MC-000751-E03J,Yes,Yes,2.88,0.166719479238988,1.0,0.528266857602231,3.3947235896045,13.0
1953,CDS-QSO0Ju,ACH-001759,MC-001759-3DVP,Yes,Yes,3.79,0.281233555636033,1.0,0.759961162998341,3.80538479971656,23.0
1954,CDS-QV17rM,ACH-000152,MC-000152-QYcw,No,Yes,2.97,0.160293688497042,1.0,0.789676684836485,4.08116183402752,26.0
1955,CDS-QafCvF,ACH-000384,MC-000384-mghR,Yes,Yes,0.63,0.131711566316717,1.0,0.460761252744666,3.74671383599685,16.0
1956,CDS-Qan1vz,ACH-001707,MC-001707-F2CK,No,No,3.81,0.000206297518510825,1.0,0.190249535153345,3.9422586930765,8.0
1957,CDS-Qb7uUQ,ACH-000322,MC-000322-AFjr,No,Yes,0.35,0.225476933156876,1.0,0.480763300091247,2.83437776761727,17.0
1958,CDS-QdaVBn,ACH-000781,MC-000781-EprM,No,Yes,0.6,0.268845496832417,1.0,0.600775651873053,2.68454912858703,23.0
1959,CDS-Qdpn18,ACH-001652,MC-001652-lAQg,Yes,Yes,3.95,0.4137999903642,1.0,0.71955853976005,3.47229702951364,25.0
1960,CDS-QkW8kw,ACH-001389,MC-001389-JiiU,Yes,Yes,3.63,0.555524949012233,1.0,0.664854190501577,2.72785625266054,22.0
1961,CDS-QkY7eu,ACH-001551,MC-001551-CV0Z,Yes,Yes,3.84,0.157944301351053,1.0,0.758198258506659,3.71915689500404,23.0
1962,CDS-Qkc4aS,ACH-000770,MC-000770-CUBM,No,Yes,43.68,0.0772475896430982,0.0,0.189612043479193,2.15474006168727,5.0
1963,CDS-QlzjL0,ACH-000919,MC-000919-5mwC,No,Yes,87.26,0.0518891503419578,0.0,0.172891533014952,2.11616606537338,5.0
1964,CDS-QnKhCf,ACH-001628,MC-001628-yeFU,Yes,Yes,3.84,0.259008437154351,1.0,0.740316851448285,4.25029318531312,22.0
1965,CDS-Qp24iJ,ACH-000328,MC-000328-gA4f,Yes,Yes,5.76,,,,,
1966,CDS-QsnNOW,ACH-000478,MC-000478-paF1,No,Yes,1.3,,,,,
1967,CDS-QuCsgQ,ACH-000515,MC-000515-cc7O,No,Yes,1.76,0.235456739163869,1.0,0.505540089549929,3.13378476068297,19.0
1968,CDS-Qur6wo,ACH-002445,MC-002445-3i68,Yes,Yes,6.07,,,,,
1969,CDS-QvHoYw,ACH-002349,MC-002349-GG31,Yes,Yes,3.6,0.0597522856607442,1.0,0.490795923061704,3.86706141721774,13.0
1970,CDS-QzVj5P,ACH-002101,MC-002101-C2FG,Yes,Yes,2.66,0.132002835950955,0.0,0.313937651135662,2.11207954366272,10.0
1971,CDS-QzfJHq,ACH-000438,MC-000438-LSP3,No,Yes,1.3,0.45068168509923,1.0,0.619920218605614,2.40764510755182,10.0
1972,CDS-R0ZYL6,ACH-000613,MC-000613-I0we,Yes,Yes,0.76,0.46162603659248,1.0,0.64161223598289,2.3448465106394,12.0
1973,CDS-R6a8lw,ACH-000609,MC-000609-4eFz,Yes,Yes,1.1,0.245032750241227,0.0,0.344007245212241,2.06301920532405,6.0
1974,CDS-R8btdK,ACH-002229,MC-002229-wqMR,Yes,Yes,0.42,0.0430190318537231,1.0,0.316636656953684,3.91732859843015,10.0
1975,CDS-R9ZiFw,ACH-002262,MC-002262-zqgJ,Yes,Yes,1.58,0.0483849642903957,0.0,0.120418985292402,2.09537017421655,6.0
1976,CDS-RADvsg,ACH-002046,MC-002046-oaX8,No,No,3.84,0.150110325448547,1.0,0.655446341727955,3.36828385822798,23.0
1977,CDS-REY4ZW,ACH-001408,MC-001408-9zFI,Yes,Yes,2.84,,,,,
1978,CDS-RGtYj4,ACH-000514,MC-000514-fd1i,No,No,5.45,0.23160265718578,1.0,0.690089671505541,2.92931479337485,23.0
1979,CDS-RHwFnF,ACH-000622,MC-000622-2BQ2,No,Yes,0.35,0.220523629261732,1.0,0.752041299682833,3.31926936971482,25.0
1980,CDS-RL1iWJ,ACH-000020,MC-000020-t4nI,Yes,Yes,1.39,0.404110815536302,1.0,0.066974140706636,3.14271512743157,4.0
1981,CDS-RM7bNy,ACH-000128,MC-000128-Wk2O,No,No,2.96,0.173028091706819,1.0,0.76121684296008,4.48030066943159,21.0
1982,CDS-RMGYeV,ACH-001437,MC-001437-kbI5,Yes,Yes,3.73,0.183200160913581,1.0,0.712606557787726,3.6238977130651,29.0
1983,CDS-RPdXeu,ACH-002191,MC-002191-1Svn,Yes,Yes,1.1,0.325801169880901,1.0,0.560689210873974,3.36003399946166,32.0
1984,CDS-RQfFDW,ACH-000662,MC-000662-1qHS,No,Yes,1.57,0.346638447886243,1.0,0.724411869447874,4.76679458680899,35.0
1985,CDS-RRipfW,ACH-000652,MC-000652-PnQ2,No,Yes,1.55,0.242384183139546,1.0,0.51640441053725,3.88100661642833,19.0
1986,CDS-RRwRdv,ACH-000555,MC-000555-Yc4b,Yes,Yes,1.08,0.338009761087205,1.0,0.785125166938864,3.70947395704874,21.0
1987,CDS-RSgkJv,ACH-000656,MC-000656-VzGP,Yes,Yes,1.93,0.135734390169362,0.0,0.317333106194158,2.27313900411771,8.0
1988,CDS-RUOyMh,ACH-000664,MC-000664-6o68,No,Yes,1.46,0.0470078905962722,1.0,0.368981989554651,3.44468088434517,11.0
1989,CDS-RX5VoO,ACH-001200,MC-001200-sM9G,No,No,3.09,0.0154012340917929,1.0,0.493338303460091,4.03921680724953,17.0
1990,CDS-RYfY2O,ACH-001639,MC-001639-4v7O,Yes,Yes,0.96,,,,,
1991,CDS-Ra8KWF,ACH-001344,MC-001344-BEpV,No,No,3.75,0.0854383152924583,1.0,0.552160997374523,3.5313530707448,20.0
1992,CDS-Rb0qOn,ACH-000106,MC-000106-ehLj,Yes,Yes,0.78,0.0172312485068515,0.0,0.081757564752659,2.07277145068644,2.0
1993,CDS-Rhe87Y,ACH-002005,MC-002005-AENg,No,No,3.71,0.258871645178889,1.0,0.77456580331861,4.57357685374578,29.0
1994,CDS-RhqRTK,ACH-000949,MC-000949-NFXl,Yes,Yes,84.58,0.0613964204318941,0.0,0.1509584912381,2.09277735449955,4.0
1995,CDS-RkBYpi,ACH-000805,MC-000805-qr8y,No,Yes,0.63,0.0501401618636852,0.0,0.199067867150725,2.13490497940106,6.0
1996,CDS-Rkf6wI,ACH-000331,MC-000331-G7HH,No,No,1.98,0.214159802965674,0.0,0.288557028662561,1.89095533047194,7.0
1997,CDS-RluAKK,ACH-000667,MC-000667-RxbC,No,Yes,0.87,,,,,
1998,CDS-RmCca2,ACH-001510,MC-001510-9gF4,Yes,Yes,4.11,0.0554771529782704,1.0,0.516290426784783,3.18149185955243,23.0
1999,CDS-RvBLRv,ACH-001419,MC-001419-BDid,Yes,Yes,2.74,0.346470610412839,1.0,0.720705677111917,2.95129284199355,26.0
2000,CDS-RwI5Zp,ACH-000464,MC-000464-YDMd,No,Yes,0.97,0.0336814300543564,1.0,0.619223663120087,3.80705659111904,20.0
2001,CDS-RyRElC,ACH-002094,MC-002094-uIOU,Yes,Yes,0.64,0.114136408157762,0.0,0.291791821528916,2.20722137465452,9.0
2002,CDS-S5oIvo,ACH-000028,MC-000028-upIc,No,No,3.48,0.191135780067261,1.0,0.697876876054841,3.79878629284913,22.0
2003,CDS-S8lS5w,ACH-000159,MC-000159-y9yS,No,Yes,1.41,0.418572775137971,1.0,0.633058201766377,2.99481362088819,27.0
2004,CDS-SATbFR,ACH-001533,MC-001533-SowA,No,No,3.01,0.0940030992024876,0.0,0.161976410949929,2.0503262499079,8.0
2005,CDS-SD12VA,ACH-001203,MC-001203-LahK,No,Yes,31.53,0.258699299249795,0.0,0.448459479930391,2.16171700614498,9.0
2006,CDS-SI20Wi,ACH-001568,MC-001568-F9m6,Yes,Yes,4.66,0.255990290933316,1.0,0.572486402936741,2.99578423897693,21.0
2007,CDS-SK1q14,ACH-000513,MC-000513-jKDw,Yes,Yes,1.4,0.119518273379809,0.0,0.246781759133652,1.94978495161541,7.0
2008,CDS-SKxS74,ACH-002038,MC-002038-lXCp,No,No,5.29,0.347127639335096,1.0,0.838489753077475,4.1589158789578,27.0
2009,CDS-SPPiMs,ACH-000860,MC-000860-66VU,Yes,Yes,0.63,0.145904493183554,1.0,0.608772814665406,3.45863536833178,24.0
2010,CDS-SWVLGY,ACH-002256,MC-002256-upbM,Yes,Yes,35.87,0.0198528663277272,1.0,0.373042733154953,3.88607255535003,11.0
2011,CDS-Sal6Bp,ACH-001549,MC-001549-yjYw,No,Yes,1.13,0.521030815699863,1.0,0.556533840368573,2.60206497162217,27.0
2012,CDS-SbU8UO,ACH-001818,MC-001818-ueZl,No,No,4.02,0.000961854992427955,0.0,0.00120067256082759,1.99838900979258,0.0
2013,CDS-SbsP8S,ACH-000245,MC-000245-bCrH,No,Yes,1.19,0.0390828065040522,0.0,0.197551457459356,2.18910006406389,6.0
2014,CDS-Se35WF,ACH-000707,MC-000707-Dpdu,Yes,Yes,4.88,0.0650370740049124,0.0,0.117366474064547,2.05130471830395,3.0
2015,CDS-She0eK,ACH-000517,MC-000517-kcbL,No,No,0.97,0.305532313034387,1.0,0.722273318471738,2.87436370810859,24.0
2016,CDS-Shy0Xv,ACH-002206,MC-002206-0UHF,Yes,Yes,0.68,0.276276950572092,1.0,0.607685354239,3.41877934805994,17.0
2017,CDS-SjUcZC,ACH-000422,MC-000422-GXpH,No,Yes,1.58,0.277115542224226,1.0,0.545132080203569,3.12943486306748,20.0
2018,CDS-Sl300T,ACH-000031,MC-000031-htZU,Yes,Yes,0.91,0.160517603405122,1.0,0.485838717396358,3.6445802876717,21.0
2019,CDS-SlGDEl,ACH-001820,MC-001820-0nlr,Yes,Yes,4.61,,,,,
2020,CDS-Snm19g,ACH-002271,MC-002271-eKqu,Yes,Yes,1.95,0.379954092048994,1.0,0.563154941718542,2.9534822415839,12.0
2021,CDS-SppFtR,ACH-000798,MC-000798-O7D5,Yes,Yes,1.7,0.162743050467735,0.0,0.24547042606347,2.08192979763772,3.0
2022,CDS-SqpxNT,ACH-001388,MC-001388-in95,Yes,Yes,3.57,0.0637837541602832,0.0,0.314646509289706,2.30143072821419,10.0
2023,CDS-Sqq5b3,ACH-002299,MC-002299-8NKq,Yes,Yes,0.87,0.0122358507253055,0.0,0.0942923245697636,2.08557688858276,2.0
2024,CDS-Sr9yqo,ACH-001973,MC-001973-ILv6,Yes,Yes,3.16,0.0606292839372475,0.0,0.203267224005104,2.12454850251024,6.0
2025,CDS-Stlvbf,ACH-001035,MC-001035-Wfke,Yes,Yes,5.11,0.1630863498261,1.0,0.333557370356977,4.0383578624603,9.0
2026,CDS-Sv2lhj,ACH-002003,MC-002003-d6w9,No,No,3.16,0.259894200932417,1.0,0.603562249241608,2.81822837736946,18.0
2027,CDS-Sw1I4I,ACH-002253,MC-002253-PoLX,Yes,Yes,0.56,0.0449947605012295,1.0,0.56549468514061,3.66835660538251,18.0
2028,CDS-Swg0Bb,ACH-001329,MC-001329-4qu1,Yes,Yes,4.19,0.109542527784073,0.0,0.252565576851113,1.95190792851643,10.0
2029,CDS-SyBYYw,ACH-001669,MC-001669-PygV,No,No,71.85,,,,,
2030,CDS-SydBtf,ACH-000708,MC-000708-mRY8,Yes,Yes,1.43,0.136237885786061,1.0,0.558476836698051,3.70970691673342,21.0
2031,CDS-T3AgLS,ACH-000774,MC-000774-GTYc,Yes,Yes,3.06,,,,,
2032,CDS-T5jVs3,ACH-003465,MC-003465-R9P4,Yes,Yes,2.28,0.0283112778486068,1.0,0.496282071546694,3.85346145732631,18.0
2033,CDS-T63MlE,ACH-000786,MC-000786-CERh,Yes,Yes,4.06,,,,,
2034,CDS-T6vhZi,ACH-000204,MC-000204-MA2G,No,Yes,0.8,0.175054956029961,1.0,0.638996444962388,3.663759496581,21.0
2035,CDS-T8W6P4,ACH-000398,MC-000398-TSbp,Yes,Yes,4.48,0.0537570886853746,0.0,0.20783393202262,2.1719432353038,9.0
2036,CDS-T91Ig5,ACH-002237,MC-002237-ZOVP,Yes,Yes,1.95,0.222891487383793,1.0,0.546860404757092,3.07582061744444,20.0
2037,CDS-TCQUoW,ACH-000141,MC-000141-aXn7,No,No,1.65,0.338682869923821,1.0,0.674913360435958,3.12592729198407,23.0
2038,CDS-TFTxez,ACH-000764,MC-000764-6dKs,No,No,2.29,0.290544936115712,1.0,0.860190397246617,4.90175196331355,29.0
2039,CDS-TG55GL,ACH-000247,MC-000247-tciC,No,No,4.43,0.183109971127772,0.0,0.406510069401801,2.36404973520722,11.0
2040,CDS-THIWpe,ACH-002373,MC-002373-0tXm,Yes,Yes,0.83,0.00215214986220936,0.0,0.0420565859411815,2.06115352872248,1.0
2041,CDS-THMdKv,ACH-000099,MC-000099-kZpG,No,Yes,0.84,0.0340747772082863,0.0,0.0926883440454343,2.07010571143423,4.0
2042,CDS-TIzjJg,ACH-000929,MC-000929-nLUe,No,Yes,2.56,0.298717625750264,1.0,0.64368363841447,2.83795277222003,20.0
2043,CDS-TKhj6q,ACH-000336,MC-000336-XcLv,No,Yes,1.69,0.0677131697354073,0.0,0.218706374342944,2.16756959058371,5.0
2044,CDS-TNKqSC,ACH-000424,MC-000424-VRxU,No,No,1.5,0.0677609416068166,1.0,0.525886810123363,3.64021898875144,19.0
2045,CDS-TOM1NB,ACH-000676,MC-000676-xCHT,No,No,4.79,0.346920969386742,1.0,0.777880428354507,3.85273359232633,25.0
2046,CDS-TObM5L,ACH-001711,MC-001711-6tHe,No,Yes,0.77,0.0789923218929719,1.0,0.402862869774393,3.73512829007754,14.0
2047,CDS-TQ01Ad,ACH-001162,MC-001162-8YdS,Yes,Yes,2.19,0.125693714728668,0.0,0.208196126216948,2.0142137281708,5.0
2048,CDS-TQ6JEZ,ACH-000324,MC-000324-UzZP,No,No,2.93,0.308254833530106,1.0,0.652501631885572,2.80816478732809,26.0
2049,CDS-TQXzWk,ACH-002093,MC-002093-u5qq,Yes,Yes,1.05,0.261788846496592,1.0,0.542115582174206,2.88551648533317,20.0
2050,CDS-TQfoys,ACH-000757,MC-000757-en8T,Yes,Yes,6.75,0.324952411823558,1.0,0.730017063280046,3.10099196217063,21.0
2051,CDS-TTZNL1,ACH-002265,MC-002265-Hq0I,Yes,Yes,1.38,0.280358246015394,1.0,0.572641893551619,3.16785357443641,18.0
2052,CDS-TVhwuV,ACH-000166,MC-000166-YiKe,No,No,1.75,0.0206856304748206,0.0,0.154587423222154,2.12845981520378,9.0
2053,CDS-TWwdCf,ACH-000076,MC-000076-het0,No,No,2.3,0.783172087461641,1.0,0.245413892977898,2.34430107758652,10.0
2054,CDS-TXoqWz,ACH-001368,MC-001368-uorq,No,Yes,0.76,0.1374984490611,0.0,0.222668228599695,1.99002490272772,8.0
2055,CDS-TZ0gvl,ACH-001089,MC-001089-bl64,Yes,Yes,1.37,0.463114370168076,1.0,0.704910706469761,2.85670104162781,22.0
2056,CDS-Ta9J1t,ACH-000983,MC-000983-OK27,No,No,64.45,0.0173892681408447,0.0,0.21992320294187,2.24746814510533,9.0
2057,CDS-Tb2ArB,ACH-000288,MC-000288-duSY,No,Yes,0.65,0.560671325987295,1.0,0.6912318360584,3.2136520231512,24.0
2058,CDS-TcSq5M,ACH-000688,MC-000688-wac7,No,Yes,1.03,,,,,
2059,CDS-TcYmYA,ACH-002309,MC-002309-R1fW,Yes,Yes,0.81,0.0706312221627103,1.0,0.459850272227127,3.37208266448835,18.0
2060,CDS-Tevsge,ACH-000927,MC-000927-IUpq,No,Yes,0.81,,,,,
2061,CDS-Tff6GM,ACH-000465,MC-000465-jRsG,Yes,Yes,0.69,0.117973594583273,1.0,0.653829793751217,3.75787681847663,21.0
2062,CDS-Tg8rBV,ACH-000735,MC-000735-pw8K,No,No,1.57,0.228659257913174,0.0,0.387916087852362,2.05675761416616,10.0
2063,CDS-TgWgwa,ACH-000325,MC-000325-SArX,No,No,2.71,0.0263877211997109,1.0,0.291233941914065,3.30447301131071,13.0
2064,CDS-TitEBw,ACH-000821,MC-000821-JAyU,No,Yes,1.2,0.2874972270409,1.0,0.682405064711941,3.17538769817642,23.0
2065,CDS-TjidrH,ACH-001607,MC-001607-JjpA,Yes,Yes,3.68,0.298576645368713,1.0,0.601860508770627,3.02800620494872,20.0
2066,CDS-TjmFLh,ACH-002300,MC-002300-fhXY,Yes,Yes,1.5,0.077019375713796,0.0,0.162960935159888,2.08197508672788,4.0
2067,CDS-TlpwFY,ACH-000327,MC-000327-GXLy,Yes,Yes,0.85,0.348050413493106,1.0,0.656988884440372,2.86851647764106,19.0
2068,CDS-Tn8qrE,ACH-000821,MC-000821-5U4q,Yes,Yes,1.29,0.276373096390661,1.0,0.633418743222384,3.08276569340382,23.0
2069,CDS-To1Fev,ACH-001664,MC-001664-yvtF,Yes,Yes,87.55,0.00498973834661566,0.0,0.116992807405828,2.10604149153207,4.0
2070,CDS-Tp6vhG,ACH-000367,MC-000367-mihn,No,Yes,0.44,0.24017351411792,1.0,0.554681066057494,3.45044753887177,30.0
2071,CDS-TsV47U,ACH-000525,MC-000525-kFeN,No,Yes,1.05,0.456113388814621,1.0,0.629603338662365,3.9305498575151,15.0
2072,CDS-TsX9vB,ACH-001961,MC-001961-o0kg,Yes,Yes,3.1,,,,,
2073,CDS-TuF6ue,ACH-002154,MC-002154-ZXYP,Yes,Yes,0.45,,,,,
2074,CDS-TunXjE,ACH-001678,MC-001678-DptN,Yes,Yes,64.8,0.210117726386853,0.0,0.260340457784618,2.06972832432185,3.0
2075,CDS-TvgyLI,ACH-002011,MC-002011-gwcQ,Yes,Yes,3.69,0.192189120755961,0.0,0.579075241649081,2.36942460479326,18.0
2076,CDS-TwjdMh,ACH-000380,MC-000380-q01W,Yes,Yes,2.17,0.264858352621995,1.0,0.544564268460468,3.58680882383706,18.0
2077,CDS-Tz8Bjg,ACH-000581,MC-000581-Tdqz,No,Yes,1.2,0.100735024019568,1.0,0.504313707131265,3.6925360657997,27.0
2078,CDS-U9RoGW,ACH-001358,MC-001358-xDFe,Yes,Yes,0.72,0.319215461059122,1.0,0.723816366545705,3.11137467534263,25.0
2079,CDS-UAzChM,ACH-000540,MC-000540-xCtq,Yes,Yes,1.76,1.7785109538159e-05,0.0,1.7788429908206e-05,1.99988632784879,0.0
2080,CDS-UC4ACX,ACH-000936,MC-000936-l70n,No,Yes,70.47,,,,,
2081,CDS-ULyPGf,ACH-000087,MC-000087-VZnM,No,No,3.65,0.206656402629465,0.0,0.419110631043918,2.2392191768621,9.0
2082,CDS-UQhyV8,ACH-000274,MC-000274-21AI,Yes,Yes,2.25,0.194944832686889,0.0,0.303742759477778,2.17476322592004,10.0
2083,CDS-USFy2J,ACH-000997,MC-000997-xmbN,No,Yes,64.39,,,,,
2084,CDS-USHet9,ACH-000352,MC-000352-Th8x,No,Yes,0.51,0.328033103856156,1.0,0.721770576956025,3.69534443343713,27.0
2085,CDS-UVLLkR,ACH-000834,MC-000834-rUcv,No,No,4.36,0.0908003499517183,1.0,0.478987499859428,2.84352234002196,19.0
2086,CDS-UVR5rq,ACH-002011,MC-002011-gwcQ,No,No,2.05,0.273735903644615,1.0,0.626794869082537,4.58736255562188,37.0
2087,CDS-UWeyWt,ACH-000169,MC-000169-4B8F,No,Yes,1.27,0.340979952890191,0.0,0.617835134849156,2.2996817938876,11.0
2088,CDS-UYyXay,ACH-000671,MC-000671-Nxcr,No,No,1.86,0.0519213070894065,1.0,0.665533777945539,3.85420146736378,24.0
2089,CDS-UZvwr0,ACH-002025,MC-002025-AwXC,No,No,4.57,0.120975390367755,1.0,0.619670785519719,3.42032352130945,23.0
2090,CDS-UaNFsQ,ACH-001461,MC-001461-ucEw,No,No,3.62,0.111173146124864,0.0,0.567634477740512,2.43624492712611,18.0
2091,CDS-UbC6A8,ACH-001410,MC-001410-v8bP,Yes,Yes,3.19,0.464559505791677,1.0,0.552884619296114,2.39038553678632,11.0
2092,CDS-Udh2jl,ACH-000744,MC-000744-6KoF,Yes,Yes,0.8,0.393540431531657,1.0,0.726634124202216,2.85846403101349,22.0
2093,CDS-UfDtiU,ACH-000445,MC-000445-pJlM,No,No,1.6,0.305356450436767,1.0,0.792572395904607,3.82244916868123,26.0
2094,CDS-Uh1A6J,ACH-002157,MC-002157-G0Nd,Yes,Yes,1.39,0.289715875348839,1.0,0.73702564452156,4.84783310487296,29.0
2095,CDS-UnfaRO,ACH-002268,MC-002268-ZcjU,Yes,Yes,0.88,0.176032902088872,1.0,0.760092515797746,4.30472535471477,26.0
2096,CDS-Updid3,ACH-000559,MC-000559-FCy3,No,Yes,0.77,0.168252411330029,1.0,0.590339028350483,3.40887959983973,19.0
2097,CDS-UsCKpO,ACH-001532,MC-001532-MUr8,Yes,Yes,4.65,0.00527288257827946,0.0,0.00574157942422237,1.9953069562861,0.0
2098,CDS-UsGUry,ACH-000695,MC-000695-Lo1r,Yes,Yes,3.3,0.114067640663649,0.0,0.23587776139594,1.95034893238424,9.0
2099,CDS-UxJcOY,ACH-000561,MC-000561-cgOa,No,Yes,1.47,0.347304655599358,1.0,0.799516746351859,4.11834559522148,26.0
2100,CDS-Uxo5St,ACH-000956,MC-000956-WA5g,No,No,81.08,0.028655186228936,0.0,0.193057620523967,2.13712043130745,6.0
2101,CDS-V0Mpqf,ACH-000406,MC-000406-va7T,No,No,2.23,0.210562574673569,1.0,0.6546114937512,2.61191376513383,21.0
2102,CDS-V2lv1s,ACH-000385,MC-000385-ReBQ,No,No,5.3,0.319612000512644,1.0,0.633085698186365,3.52983077607094,25.0
2103,CDS-V3uUvY,ACH-002343,MC-002343-6sXQ,Yes,Yes,1.12,0.00234858238292967,0.0,0.0235101416481527,2.03392960292801,0.0
2104,CDS-V4QF4y,ACH-002066,MC-002066-nmqF,No,No,3.34,0.435462885782987,1.0,0.769901127364124,4.59339959392014,30.0
2105,CDS-V8goIl,ACH-000638,MC-000638-PFDi,Yes,Yes,0.65,0.257373981051421,1.0,0.593515826328504,2.82861872555464,21.0
2106,CDS-VACLvB,ACH-000892,MC-000892-D2PY,Yes,Yes,1.23,0.109150815111446,1.0,0.637456957265909,3.82089990858546,24.0
2107,CDS-VBPcD6,ACH-002340,MC-002340-Trdd,Yes,Yes,2.02,0.160021621635193,1.0,0.475122186145937,3.50057031879936,28.0
2108,CDS-VDbh37,ACH-000962,MC-000962-QQUt,Yes,Yes,85.75,0.0778680118245973,1.0,0.312457495617938,3.02663637658906,10.0
2109,CDS-VFjTfI,ACH-001111,MC-001111-jbYD,No,No,4.15,0.0259502889288768,1.0,0.458474413865104,3.50059605035687,28.0
2110,CDS-VHHTrr,ACH-000320,MC-000320-VZim,No,Yes,1.93,0.364481433378601,1.0,0.665117366073837,2.92722656374295,21.0
2111,CDS-VHwTBX,ACH-000706,MC-000706-y1jl,No,Yes,0.83,0.285591584772286,1.0,0.601001210618151,2.95832445791226,20.0
2112,CDS-VJsblS,ACH-001737,MC-001737-6D5K,No,No,36.46,0.0152835557707583,0.0,0.0505331522309161,2.02896657517662,1.0
2113,CDS-VLLpTb,ACH-000047,MC-000047-fRLW,No,No,3.69,0.366563761415477,1.0,0.608126234464163,2.78584223550151,21.0
2114,CDS-VPlXoU,ACH-000473,MC-000473-Ey6A,No,Yes,1.19,0.168030536819366,0.0,0.315255284696838,2.0919558113972,10.0
2115,CDS-VUHMHG,ACH-002400,MC-002400-DlWj,No,No,3.75,0.180968004854585,1.0,0.611311164919749,2.95492998515638,18.0
2116,CDS-VWB2bP,ACH-000284,MC-000284-Re3k,Yes,Yes,2.33,0.0,0.0,0.0,1.999992104981,0.0
2117,CDS-VXUtqm,ACH-000804,MC-000804-cKqO,No,Yes,1.57,0.10458711945747,0.0,0.196812830588601,2.11772472070418,5.0
2118,CDS-VZyTKh,ACH-000343,MC-000343-qm4k,No,Yes,0.98,0.581126698130679,1.0,0.539994664081456,2.46421966813501,20.0
2119,CDS-VdAsYO,ACH-000063,MC-000063-VSwF,Yes,Yes,1.55,2.80911065038028e-05,0.0,2.80941541073056e-05,1.99987352294458,0.0
2120,CDS-VeFcGL,ACH-001497,MC-001497-Jwk8,Yes,Yes,3.91,0.4465365398344,1.0,0.704699392929344,2.93709160827004,20.0
2121,CDS-VjSx3e,ACH-000672,MC-000672-rQwM,Yes,Yes,4.96,,,,,
2122,CDS-VkV1Yk,ACH-000840,MC-000840-lGr7,No,Yes,0.93,0.266384687201113,1.0,0.655921516267349,2.54417478139775,22.0
2123,CDS-VkYPLq,ACH-002231,MC-002231-fvp3,Yes,Yes,1.2,0.162601260504289,1.0,0.605422514586334,3.55355274378168,20.0
2124,CDS-VkpOGp,ACH-000524,MC-000524-696J,No,Yes,1.42,0.272806278348094,1.0,0.710201582993074,2.87056284088569,27.0
2125,CDS-VnNEqF,ACH-000981,MC-000981-VgEW,No,No,60.68,,,,,
2126,CDS-VseK7Y,ACH-000281,MC-000281-dV9B,No,No,2.1,0.123728567234806,1.0,0.676296813662661,4.41509548847115,27.0
2127,CDS-VtApSh,ACH-000488,MC-000488-ufMX,No,Yes,1.43,0.376938768330843,1.0,0.716677111192983,3.00744111250933,23.0
2128,CDS-VuyYNI,ACH-000615,MC-000615-4XlB,Yes,Yes,0.66,0.332554170939203,1.0,0.825079945887307,4.19654835451656,24.0
2129,CDS-VvBbm5,ACH-000566,MC-000566-7ICC,Yes,Yes,0.7,0.123317125350741,1.0,0.514033719436767,3.84659891024283,19.0
2130,CDS-VxZGxL,ACH-001032,MC-001032-G8OH,Yes,Yes,5.42,0.226967040715428,1.0,0.528847049423798,3.27271155885241,20.0
2131,CDS-VyMBc0,ACH-000453,MC-000453-gsBl,Yes,Yes,1.32,0.316721312413572,1.0,0.71264912946769,3.2957967878902,27.0
2132,CDS-W26CUR,ACH-000759,MC-000759-jMff,No,Yes,4.61,0.125442248675011,1.0,0.611601699335603,3.984601436799,22.0
2133,CDS-W5KtyM,ACH-003471,MC-003471-L3Y3,Yes,Yes,4.01,0.0206663905720321,0.0,0.124217232642324,1.91496590934878,6.0
2134,CDS-W5mqO9,ACH-002277,MC-002277-VFaX,Yes,Yes,0.79,0.063397572922727,0.0,0.122510229363614,2.0687795233537,3.0
2135,CDS-W7D6pb,ACH-000734,MC-000734-gBsJ,No,No,2.24,0.203272589026441,1.0,0.677162030749615,4.64795019472835,25.0
2136,CDS-W9PyzI,ACH-001370,MC-001370-W35c,Yes,Yes,4.23,,,,,
2137,CDS-WBDhrF,ACH-001033,MC-001033-pfDG,Yes,Yes,3.98,,,,,
2138,CDS-WDCFVc,ACH-000238,MC-000238-rNv7,No,Yes,0.99,0.302803531895682,1.0,0.784490386806774,3.96882863039812,27.0
2139,CDS-WDppEH,ACH-000660,MC-000660-y9Pf,Yes,Yes,2.54,0.0840291741454503,0.0,0.104348641151321,1.97012940128002,2.0
2140,CDS-WF1v4t,ACH-001427,MC-001427-Y0I4,Yes,Yes,5.13,0.0280144359205539,0.0,0.0685328294746188,2.08668910184602,2.0
2141,CDS-WHFtp7,ACH-000977,MC-000977-eAUW,No,No,64.75,,,,,
2142,CDS-WHdVXR,ACH-000640,MC-000640-tL2u,Yes,Yes,1.8,0.189167814438757,1.0,0.64703114893817,3.43412146256243,25.0
2143,CDS-WNDhYK,ACH-000863,MC-000863-dUqs,Yes,Yes,1.13,0.130953726744869,1.0,0.605397091241166,3.89116085335934,26.0
2144,CDS-WOsMN7,ACH-002019,MC-002019-cQYB,No,No,3.7,0.105884441766942,0.0,0.270489565639021,2.05393440361528,9.0
2145,CDS-WPoesQ,ACH-001509,MC-001509-3x7y,No,No,2.95,0.0481777132996195,1.0,0.521941366662219,3.74573263771325,29.0
2146,CDS-WSfsGc,ACH-001802,MC-001802-IUUl,No,No,2.44,0.0842823461862689,1.0,0.754955726509281,3.95639306544441,21.0
2147,CDS-WU9PT0,ACH-000434,MC-000434-8t7w,Yes,Yes,4.14,0.337638503892472,1.0,0.631641901384695,4.24825353545515,12.0
2148,CDS-WUwVHP,ACH-000304,MC-000304-yRLH,No,No,2.3,0.161431780524011,0.0,0.262528632076067,2.04052249281095,6.0
2149,CDS-WfPJyi,ACH-001704,MC-001704-Jowg,No,Yes,0.98,0.201356061890985,1.0,0.64365224205752,3.31441526443352,25.0
2150,CDS-WiBXPF,ACH-002163,MC-002163-f8Kb,Yes,Yes,1.77,0.191303376542545,1.0,0.692119261127262,4.00089568655224,18.0
2151,CDS-WjQEv8,ACH-000909,MC-000909-LKj6,Yes,Yes,64.91,0.0321886916801669,0.0,0.184778189890928,2.18225390671594,6.0
2152,CDS-WkaxiK,ACH-001606,MC-001606-RQQZ,No,Yes,1.47,0.564862012753651,1.0,0.629630816899159,3.39545583437565,15.0
2153,CDS-WmVwp8,ACH-002288,MC-002288-uf1g,Yes,Yes,1.08,0.315573366365394,1.0,0.572757223352687,3.21607415757928,12.0
2154,CDS-WnjdEB,ACH-000408,MC-000408-kTBb,No,Yes,1.52,0.394758145296073,1.0,0.742730149871553,3.21831121053684,23.0
2155,CDS-WvxBKN,ACH-000277,MC-000277-jVkn,No,Yes,1.76,,,,,
2156,CDS-Wzhn18,ACH-000776,MC-000776-SLwx,No,Yes,1.15,0.184008083749997,1.0,0.704301850554721,3.74888195115913,23.0
2157,CDS-X0NveH,ACH-001616,MC-001616-GhL4,Yes,Yes,4.02,0.115526573251267,0.0,0.200033841817582,2.17417403023966,4.0
2158,CDS-X1AEKM,ACH-001493,MC-001493-yY6r,Yes,Yes,3.45,0.185451457327832,0.0,0.316423119138994,1.98031765565804,8.0
2159,CDS-X4Gvak,ACH-001041,MC-001041-CkXW,Yes,Yes,3.63,0.237373807927432,1.0,0.583098752587154,3.03795599870084,24.0
2160,CDS-X51DSv,ACH-000363,MC-000363-oBSH,No,Yes,1.03,0.146201305604407,0.0,0.257252111117966,2.06113737050062,9.0
2161,CDS-X5P3hJ,ACH-000829,MC-000829-Ajhg,No,No,5.26,,,,,
2162,CDS-X6MPjt,ACH-000546,MC-000546-f8TR,Yes,Yes,1.15,0.211568425841895,1.0,0.672514871474678,3.74215656727142,27.0
2163,CDS-X9ucGU,ACH-000948,MC-000948-rUs0,No,Yes,90.63,0.0750570649512593,0.0,0.152071583708168,2.12992364509781,2.0
2164,CDS-XAXvX4,ACH-000879,MC-000879-ZJNE,No,No,69.36,7.90052234791906e-06,0.0,7.9014921920754e-06,1.9998350516957,0.0
2165,CDS-XBsklM,ACH-000938,MC-000938-Ia8t,No,Yes,65.13,0.0256930691041075,0.0,0.0561752289905544,2.05251346461441,0.0
2166,CDS-XCKl97,ACH-000366,MC-000366-kCtj,No,Yes,0.54,0.035812053822116,1.0,0.445091210894733,3.99759129001924,16.0
2167,CDS-XCo3r8,ACH-000208,MC-000208-coHc,Yes,Yes,2.8,0.070689686609471,0.0,0.216466751084734,1.94152636513982,5.0
2168,CDS-XDSki1,ACH-000880,MC-000880-Gu8X,No,Yes,1.16,0.144190028737676,0.0,0.263764958292496,2.13037677737653,6.0
2169,CDS-XIUUfK,ACH-000056,MC-000056-SNU0,Yes,Yes,1.2,0.0394626810210137,0.0,0.116204936711825,2.10443432485899,2.0
2170,CDS-XL3EP1,ACH-001834,MC-001834-cfYH,Yes,Yes,5.06,0.222713202485207,1.0,0.77363777434432,4.96775480831426,27.0
2171,CDS-XMPWCX,ACH-002383,MC-002383-xnuW,Yes,Yes,0.81,0.00210436760993971,0.0,0.0284147235734244,2.04062543545571,0.0
2172,CDS-XO5PSR,ACH-000924,MC-000924-PCGo,No,Yes,2.8,0.323180180601704,1.0,0.809347602762751,4.56710844716167,33.0
2173,CDS-XP7LaH,ACH-001566,MC-001566-JFQg,Yes,Yes,3.89,0.204002765009298,1.0,0.504325105544302,3.13961000849814,22.0
2174,CDS-XPrQp9,ACH-001183,MC-001183-ZbQP,No,No,3.74,0.0906763546793058,1.0,0.341411352039585,4.16565016982686,11.0
2175,CDS-XT3F6q,ACH-000276,MC-000276-Yd1k,No,Yes,1.03,0.434360566480781,1.0,0.785535356585535,3.69697254842986,24.0
2176,CDS-XU94xL,ACH-002404,MC-002404-M0U0,Yes,Yes,5.45,0.422669390718934,1.0,0.655155450308852,2.51223543099803,25.0
2177,CDS-XWBhIr,ACH-001270,MC-001270-lSvh,Yes,Yes,4.33,0.226810303547907,1.0,0.544994067057516,2.78910694852193,22.0
2178,CDS-XXiEV8,ACH-002196,MC-002196-0yqZ,Yes,Yes,1.39,0.298552528319808,0.0,0.350855276384244,1.83470815521057,11.0
2179,CDS-XciEFj,ACH-001126,MC-001126-24g1,Yes,Yes,1.17,0.175839929024216,1.0,0.714644081525619,3.70252814139029,22.0
2180,CDS-XcsQmV,ACH-000244,MC-000244-gaMv,No,Yes,0.85,0.144845323681513,0.0,0.220530628152769,1.97656941543611,8.0
2181,CDS-XdjcWu,ACH-000439,MC-000439-NHr9,No,No,1.79,0.0612015095371745,0.0,0.195471119136331,2.08419035818892,8.0
2182,CDS-Xg5UIP,ACH-000814,MC-000814-sJb7,No,No,1.52,0.0849179016743964,0.0,0.210184042945383,2.06344845122831,6.0
2183,CDS-XiAraT,ACH-002145,MC-002145-gsZ1,Yes,Yes,1.04,,,,,
2184,CDS-XlHnQ7,ACH-000403,MC-000403-NqYk,No,Yes,1.1,,,,,
2185,CDS-XlJtVU,ACH-002244,MC-002244-axCQ,Yes,Yes,1.62,0.188664810556416,1.0,0.692806461859229,3.73118171796265,22.0
2186,CDS-XleM3y,ACH-000604,MC-000604-3ciw,Yes,Yes,1.93,0.151951693684984,0.0,0.387601582798286,2.13567602718044,15.0
2187,CDS-XmGnD4,ACH-000223,MC-000223-ssxx,No,Yes,0.9,0.650003328399736,1.0,0.79422087531716,4.39798700664645,27.0
2188,CDS-XmJVa8,ACH-002156,MC-002156-AxZK,Yes,Yes,1.46,0.455507479390019,1.0,0.847552551042132,3.8623292095725,28.0
2189,CDS-Xqy3Q1,ACH-001814,MC-001814-L7qi,No,No,2.69,0.12921386656359,1.0,0.76955952519498,4.65427419631252,28.0
2190,CDS-XwEH9P,ACH-000856,MC-000856-5i0B,No,Yes,58.36,0.0238996107882205,0.0,0.0451016900765573,2.03918855327449,0.0
2191,CDS-XwF1SW,ACH-000628,MC-000628-S5WB,No,Yes,0.76,0.277901357376936,1.0,0.59191944171751,3.09857558138217,22.0
2192,CDS-XyDsCj,ACH-001716,MC-001716-QsRU,Yes,Yes,6.01,0.100496680759558,0.0,0.274825409386662,2.15837533367986,7.0
2193,CDS-XzZx8i,ACH-001350,MC-001350-rSNa,No,Yes,1.29,0.108253282401622,1.0,0.450487980553591,2.98162652623195,16.0
2194,CDS-XzaLn6,ACH-001375,MC-001375-dtVX,Yes,Yes,3.03,0.280652781243015,1.0,0.681265715228859,3.23391611366982,27.0
2195,CDS-Y0VKjW,ACH-000855,MC-000855-P9gt,No,Yes,1.6,0.0671661286169576,1.0,0.431590948147035,3.23352074828324,14.0
2196,CDS-Y10kUh,ACH-000903,MC-000903-mGhX,No,Yes,15.7,0.735391969798169,1.0,0.506715332895981,4.21452152362475,16.0
2197,CDS-Y11cUK,ACH-000359,MC-000359-gx4I,No,Yes,0.6,0.261444828123977,1.0,0.607166569839487,3.1821955682886,22.0
2198,CDS-Y1qJfO,ACH-000081,MC-000081-4EMy,No,Yes,1.07,0.0855469916294537,0.0,0.184046950639785,2.09906076119906,5.0
2199,CDS-Y42lBi,ACH-000275,MC-000275-IQdW,Yes,Yes,1.26,1.68685121064466e-05,0.0,1.68754309159689e-05,1.99924698285725,0.0
2200,CDS-Y5HKgU,ACH-000945,MC-000945-1zci,No,Yes,0.67,0.328950524223885,1.0,0.797089212824118,4.78990741287261,24.0
2201,CDS-Y6TYio,ACH-000019,MC-000019-PiAK,No,No,3.41,0.179682003846089,1.0,0.747188546085464,4.12131545949647,23.0
2202,CDS-Y8lb1t,ACH-000542,MC-000542-5nl4,No,No,2.15,0.104078960511575,1.0,0.490131272186343,3.84794189871197,21.0
2203,CDS-YBCU7c,ACH-000830,MC-000830-ZfdN,No,No,2.04,0.103346756514495,0.0,0.250916850303324,2.05612206158199,4.0
2204,CDS-YCZuww,ACH-002100,MC-002100-EK8g,Yes,Yes,1.2,0.223662454531147,0.0,0.362004022268808,2.09743610871886,12.0
2205,CDS-YGZOZn,ACH-002273,MC-002273-bcCA,Yes,Yes,1.52,0.0675066028180595,0.0,0.194049341860148,2.10741158631302,6.0
2206,CDS-YLPj0Y,ACH-002109,MC-002109-5XNA,Yes,Yes,1.01,0.220396856068302,0.0,0.41416330974281,2.1972689190248,6.0
2207,CDS-YO9kEZ,ACH-001064,MC-001064-bBvG,Yes,Yes,3.94,0.0153431418511776,1.0,0.674372174065954,4.31158897915316,25.0
2208,CDS-YOvfg0,ACH-000556,MC-000556-MsyC,No,Yes,1.76,0.517999990257162,1.0,0.72724194683938,4.07131570659105,21.0
2209,CDS-YP761S,ACH-000925,MC-000925-XGp3,Yes,Yes,84.51,0.0041401946682599,0.0,0.0730231560935474,2.0642060196355,2.0
2210,CDS-YQNRRv,ACH-002136,MC-002136-YeHl,Yes,Yes,0.74,0.194606667720756,1.0,0.582571601158341,3.29740410498766,18.0
2211,CDS-YR6sA3,ACH-002187,MC-002187-kPXJ,Yes,Yes,0.59,0.188491404509795,1.0,0.332579509405095,3.68611866827824,8.0
2212,CDS-YSd4ku,ACH-000181,MC-000181-8p4R,Yes,Yes,1.13,0.175175508822929,1.0,0.515192190106426,3.32000964866886,19.0
2213,CDS-YT6KUW,ACH-002118,MC-002118-m5TP,Yes,Yes,0.6,0.0820624558973412,1.0,0.340015297129424,4.19960023880716,7.0
2214,CDS-YUQiMN,ACH-000576,MC-000576-XM9D,No,No,1.54,0.0610639686641393,0.0,0.168670710201135,2.06388604683823,6.0
2215,CDS-YWYzdF,ACH-002202,MC-002202-N6sM,Yes,Yes,1.43,0.260224584865435,1.0,0.60525604482426,2.87030759210251,18.0
2216,CDS-YYGxVs,ACH-000404,MC-000404-GqDy,Yes,Yes,1.71,0.221624423798334,0.0,0.425122566215883,1.93028782408286,9.0
2217,CDS-YhuS6p,ACH-000724,MC-000724-KN0p,No,Yes,0.85,,,,,
2218,CDS-Yp73lh,ACH-000483,MC-000483-PV93,No,Yes,0.68,0.228159118298203,1.0,0.518516460895704,3.42806478456885,18.0
2219,CDS-YptTsk,ACH-001653,MC-001653-lh7D,Yes,Yes,3.97,0.25891550010352,1.0,0.679090272823256,2.57894939750644,27.0
2220,CDS-Yq8ggT,ACH-002346,MC-002346-Negh,Yes,Yes,1.24,0.00427507215573836,0.0,0.0388830067195462,2.05343923888094,0.0
2221,CDS-Yr2zsI,ACH-002276,MC-002276-EEL2,Yes,Yes,1.53,0.028634910044724,0.0,0.0579320975105331,2.03539134154479,0.0
2222,CDS-YuD7zF,ACH-002148,MC-002148-xZIO,Yes,Yes,1.06,0.124117630304945,1.0,0.282878620980601,4.137986395573,9.0
2223,CDS-YutcFQ,ACH-000428,MC-000428-wE5x,Yes,Yes,0.89,0.138519291818333,0.0,0.437865171959223,2.34186927037427,13.0
2224,CDS-YweNbC,ACH-003426,MC-003426-E5G1,Yes,Yes,3.95,0.000409181560943212,0.0,0.00117163657795135,2.00014910572658,0.0
2225,CDS-Z0rjXn,ACH-000991,MC-000991-vB9l,Yes,Yes,2.67,0.000502201360222721,0.0,0.0540110033920103,2.05879719992165,1.0
2226,CDS-Z3TbOc,ACH-000741,MC-000741-Gvsa,Yes,Yes,1.28,0.218129795002069,1.0,0.688142579565746,3.00441618637075,22.0
2227,CDS-Z7rPqz,ACH-000532,MC-000532-DVgv,No,Yes,1.38,0.273215436639563,1.0,0.649752842982113,2.79197221158701,24.0
2228,CDS-Z9oo3c,ACH-000718,MC-000718-qi2Y,No,Yes,0.98,0.319986849715119,1.0,0.563211413126273,2.97529562515981,21.0
2229,CDS-ZA39XP,ACH-000891,MC-000891-c2CJ,Yes,Yes,4.2,0.340030832606621,1.0,0.590459658765129,2.70375150959743,15.0
2230,CDS-ZAVZwo,ACH-001396,MC-001396-PnEE,Yes,Yes,3.48,0.370999878022317,1.0,0.832708440151415,4.47069469927382,27.0
2231,CDS-ZBBgId,ACH-001391,MC-001391-RTBf,Yes,Yes,4.67,0.0712051612762002,0.0,0.107600044157106,2.02789417257043,2.0
2232,CDS-ZEV0hO,ACH-001065,MC-001065-NuPp,Yes,Yes,0.78,0.335715442863763,1.0,0.632681435171988,3.10763775380468,19.0
2233,CDS-ZN0K5L,ACH-001642,MC-001642-TZNY,No,No,4.26,0.138111701314323,0.0,0.256183922579598,2.09636365718751,7.0
2234,CDS-ZNbOo4,ACH-002310,MC-002310-7HOf,Yes,Yes,0.99,0.332878944809477,1.0,0.684967558724557,3.74006962022214,25.0
2235,CDS-ZPsh7M,ACH-001134,MC-001134-RK32,No,No,2.63,0.113955605794822,0.0,0.146946065040716,1.97269141501624,3.0
2236,CDS-ZQRMA6,ACH-001336,MC-001336-KEF9,No,Yes,1.05,0.416148776058121,1.0,0.773982462938234,3.49932761621263,20.0
2237,CDS-ZRFiFs,ACH-000864,MC-000864-cUmG,Yes,Yes,63.68,0.0731278642839931,0.0,0.309709890204809,2.34265995628926,10.0
2238,CDS-ZUXQ2D,ACH-000552,MC-000552-7gEK,No,Yes,1.25,0.0681923378578443,1.0,0.435012942369049,3.18325425456121,19.0
2239,CDS-ZV1gQn,ACH-000470,MC-000470-7IjR,No,Yes,0.59,0.147197022161543,1.0,0.570661916283224,3.5194814021292,28.0
2240,CDS-ZW9eSc,ACH-000047,MC-000047-zsdR,No,Yes,1.33,0.414236709595057,1.0,0.59527105241433,2.8497889020841,19.0
2241,CDS-ZXODBs,ACH-000736,MC-000736-P80P,No,No,2.14,0.18592806295051,0.0,0.430506634840715,2.23773119464079,13.0
2242,CDS-ZXaf0A,ACH-002179,MC-002179-UIJs,Yes,Yes,39.86,0.318798395120916,1.0,0.757256551652667,3.6077137773611,29.0
2243,CDS-ZXdECF,ACH-002197,MC-002197-G2CF,Yes,Yes,1.57,0.0337302183222544,0.0,0.242152535472396,2.23691249798053,6.0
2244,CDS-ZY7nxf,ACH-000507,MC-000507-V957,No,No,2.35,0.268306048046692,1.0,0.599449840116104,2.96856580169877,19.0
2245,CDS-ZYvTlv,ACH-001449,MC-001449-rTVx,Yes,Yes,3.88,0.10056063733069,0.0,0.191142342585109,2.10100257284597,2.0
2246,CDS-ZZvhFD,ACH-000840,MC-000840-s0Cx,No,No,1.99,0.25945869992929,1.0,0.667553338982566,2.49555968926311,20.0
2247,CDS-ZdjcVx,ACH-001497,MC-001497-Fwch,No,Yes,1.69,0.518084000668592,1.0,0.713089779139844,2.97540077486816,20.0
2248,CDS-ZeTlgQ,ACH-001401,MC-001401-li0Z,No,Yes,0.95,0.362052576417708,1.0,0.660259232204509,3.18731680516698,21.0
2249,CDS-ZfB3GL,ACH-000605,MC-000605-mA6N,No,No,4.36,0.425332142314214,1.0,0.712242627955142,2.78818460724499,29.0
2250,CDS-ZjABN6,ACH-000110,MC-000110-jhTc,Yes,Yes,1.36,0.284550230811844,1.0,0.797536643037069,4.47902422268251,28.0
2251,CDS-ZkfcZt,ACH-001574,MC-001574-0hwo,No,No,3.57,0.0241968409510776,0.0,0.19549582272532,2.14596724619956,6.0
2252,CDS-ZknJL8,ACH-001359,MC-001359-BpGd,Yes,Yes,0.8,0.38965626478814,1.0,0.737511458688918,2.73851547822378,23.0
2253,CDS-Zl1lNC,ACH-001356,MC-001356-nuAU,Yes,Yes,3.76,0.928612643807231,1.0,0.209222326560058,2.19455529939985,9.0
2254,CDS-ZuRcnF,ACH-000689,MC-000689-xez3,Yes,Yes,2.5,0.395460623590108,1.0,0.785460181798417,3.72669941549246,25.0
2255,CDS-ZuoZVH,ACH-000886,MC-000886-IdDp,Yes,Yes,0.56,0.426347175845827,1.0,0.658033317172598,2.46430285910457,16.0
2256,CDS-Zvb39e,ACH-002144,MC-002144-n1TH,Yes,Yes,1.21,0.268434652677649,1.0,0.678675498851045,3.42845364815947,27.0
2257,CDS-ZvrCFA,ACH-001673,MC-001673-6Kys,Yes,Yes,3.5,0.227906020358796,1.0,0.595547649216746,3.04312070630531,23.0
2258,CDS-ZzuUDl,ACH-001862,MC-001862-LLaC,Yes,Yes,4.18,0.222007231753801,1.0,0.518218287635367,2.88146315673129,20.0
2259,CDS-a4c8T9,ACH-001345,MC-001345-KbHX,Yes,Yes,89.33,0.0215412997876462,0.0,0.0334992286767049,2.0025932390156997,0.0
2260,CDS-a4zBZU,ACH-001300,MC-001300-8ioY,No,No,5.56,0.00286358269486104,0.0,0.208701303127501,2.20511379400093,9.0
2261,CDS-a80cEK,ACH-002188,MC-002188-9EEv,Yes,Yes,0.73,0.0663349588438151,0.0,0.260420844532252,2.1632245721887697,9.0
2262,CDS-a8bnkg,ACH-000838,MC-000838-VbPX,No,Yes,2.44,0.079525957793068,1.0,0.621131544692744,3.83179221989219,18.0
2263,CDS-aEm93B,ACH-002192,MC-002192-eO1J,Yes,Yes,0.65,0.269717595825967,0.0,0.317386017669837,1.8217561122961101,10.0
2264,CDS-aPPLuu,ACH-000826,MC-000826-oZ2o,No,Yes,1.45,0.427409473296688,1.0,0.682663269156214,2.61981209243483,26.0
2265,CDS-aUAuy3,ACH-001618,MC-001618-oYEK,No,No,2.81,0.0714234372407742,0.0,0.283912854107342,2.26479545217579,11.0
2266,CDS-aWqmep,ACH-001696,MC-001696-AgNq,No,No,4.69,0.173894226319769,1.0,0.66062380423016,2.9973171680813597,25.0
2267,CDS-aWz9u1,ACH-001098,MC-001098-vhLt,Yes,Yes,3.7,0.282297076547294,1.0,0.476162277878178,2.7799622071573995,17.0
2268,CDS-aXbZG2,ACH-000002,MC-000002-UPDL,Yes,Yes,0.88,0.0734719856006929,0.0,0.114263864288397,2.01279870565457,6.0
2269,CDS-aY96M6,ACH-000793,MC-000793-rJhp,No,Yes,1.87,0.0958339319050067,1.0,0.622644830687143,3.805549875703,24.0
2270,CDS-aYAtIn,ACH-000693,MC-000693-poeO,No,Yes,1.4,0.500073045686819,1.0,0.711921414874726,2.7952425804222,22.0
2271,CDS-aYVCcH,ACH-000835,MC-000835-ynSu,No,Yes,1.25,0.199910489603952,1.0,0.49839764574989,2.91999994002455,18.0
2272,CDS-aZKAeT,ACH-000758,MC-000758-1YGh,No,No,2.53,0.422190574768963,1.0,0.642922692137761,2.3059533109249903,12.0
2273,CDS-aZVJFa,ACH-000875,MC-000875-H5VC,Yes,Yes,0.65,0.197640182888727,1.0,0.663856059432688,3.7469191909213597,25.0
2274,CDS-aZzNqN,ACH-002254,MC-002254-bQOD,Yes,Yes,1.36,0.250881325421964,0.0,0.358574462641595,2.1208671231589498,5.0
2275,CDS-aasBP0,ACH-003071,MC-003071-aP2w,No,Yes,3.11,0.459769190885804,1.0,0.717962746181227,2.86402975460433,23.0
2276,CDS-abVvmc,ACH-003463,MC-003463-Z0L1,Yes,Yes,2.17,0.000288090471589883,0.0,0.000564420081340143,1.99978685742591,0.0
2277,CDS-ac5o5Q,ACH-000248,MC-000248-pnP9,No,Yes,0.32,0.191794631201209,1.0,0.685878157043965,3.94464725874115,31.0
2278,CDS-adi8ww,ACH-001421,MC-001421-pJpX,No,No,3.63,0.0703353508008763,0.0,0.289181909590778,2.21908845426281,8.0
2279,CDS-ae94Hv,ACH-000400,MC-000400-fOSQ,No,No,1.86,0.0865127407788394,1.0,0.531591553001682,3.74800434547117,30.0
2280,CDS-af2jT7,ACH-001016,MC-001016-G5tE,Yes,Yes,0.81,0.183999082500392,1.0,0.570353898328857,2.87753948854139,19.0
2281,CDS-afRuLl,ACH-001443,MC-001443-rLAB,No,Yes,1.12,0.305793302711683,1.0,0.744773165187036,3.51473804703674,28.0
2282,CDS-ajENeV,ACH-002278,MC-002278-4i7x,Yes,Yes,0.93,0.152933948148015,1.0,0.574659682537524,3.56171640112076,25.0
2283,CDS-anFIUI,ACH-002213,MC-002213-lzth,Yes,Yes,1.3,0.0926040130761009,0.0,0.322733744313404,2.26655940726343,10.0
2284,CDS-apoKUW,ACH-000894,MC-000894-RCoa,No,Yes,0.92,0.395957502411399,1.0,0.809103202983964,4.216431617294069,32.0
2285,CDS-aqRIHu,ACH-000228,MC-000228-hcXZ,No,Yes,0.67,0.493603144993101,1.0,0.585891021680132,3.3550862204895497,11.0
2286,CDS-ay1h81,ACH-000876,MC-000876-RsD0,No,Yes,0.64,0.359704676768671,1.0,0.602617223547554,2.5895471557304104,22.0
2287,CDS-b0fZUy,ACH-000308,MC-000308-xys6,No,Yes,1.07,0.377083393576455,1.0,0.70785111583647,3.0235298334356497,24.0
2288,CDS-b2LyPB,ACH-001374,MC-001374-6gRC,No,Yes,1.21,0.0022646460909782,0.0,0.0259238792887458,2.03059985133089,0.0
2289,CDS-b2VNbH,ACH-000496,MC-000496-y1LD,No,Yes,1.03,0.430901344952989,1.0,0.67981432379571,2.3651800406287005,13.0
2290,CDS-b5giKQ,ACH-000655,MC-000655-bdkQ,No,No,2.24,,,,,
2291,CDS-b5rBp4,ACH-000726,MC-000726-1ofV,Yes,Yes,1.78,0.280838630940591,1.0,0.764335776599323,3.5115863181409503,29.0
2292,CDS-b7i84A,ACH-001395,MC-001395-yQwP,No,No,3.25,0.352161826346155,1.0,0.531719324180648,3.4822671237027203,38.0
2293,CDS-b7iz4g,ACH-000444,MC-000444-YZXO,No,Yes,1.16,0.276822240586577,1.0,0.659319421169053,2.88547560137017,26.0
2294,CDS-b9Ngnd,ACH-002350,MC-002350-0tII,Yes,Yes,1.2,0.00308939154361263,0.0,0.0569894537484563,2.07027697991664,1.0
2295,CDS-bAnbSG,ACH-000995,MC-000995-sJXn,No,No,80.18,0.016971393236196,0.0,0.0188222452603252,1.9912993548078302,0.0
2296,CDS-bDaff2,ACH-001341,MC-001341-gFHa,Yes,Yes,2.57,0.442945810464737,1.0,0.784271067149961,3.20796105116842,21.0
2297,CDS-bGW4L2,ACH-001630,MC-001630-v6oL,No,Yes,0.95,0.323797381613829,1.0,0.537261869258058,3.75023996378751,18.0
2298,CDS-bKkMYS,ACH-000881,MC-000881-jqUI,No,Yes,0.4,0.184043136811378,0.0,0.402829209705343,2.24910515590367,9.0
2299,CDS-bMRlPR,ACH-000124,MC-000124-Ol8g,No,Yes,1.37,0.0857323051438006,0.0,0.154416141586238,2.17940090716597,2.0
2300,CDS-bPSwiQ,ACH-002186,MC-002186-oGvE,Yes,Yes,0.77,,,,,
2301,CDS-bSpjW4,ACH-001274,MC-001274-Kbp3,No,Yes,0.83,,,,,
2302,CDS-bT5QTI,ACH-001163,MC-001163-vV3z,Yes,Yes,4.35,0.0220974385099837,0.0,0.0648058542046032,2.02018308664446,1.0
2303,CDS-bXr1zg,ACH-000081,MC-000081-pPrw,Yes,Yes,1.92,0.0207115043982487,0.0,0.107579642681358,2.06649912288889,4.0
2304,CDS-bZe1gN,ACH-002120,MC-002120-IDnH,Yes,Yes,0.87,,,,,
2305,CDS-bZmmXf,ACH-000871,MC-000871-nKzX,No,Yes,0.79,0.263207974094159,1.0,0.696968521948651,2.8906340950749505,22.0
2306,CDS-baPBUL,ACH-000368,MC-000368-5EYR,No,No,1.92,0.0637769569964122,1.0,0.448759981758597,3.79262916889923,14.0
2307,CDS-bbJj6C,ACH-000401,MC-000401-7y9u,No,Yes,1.01,0.495348946968224,1.0,0.633106114377978,2.69098463109344,22.0
2308,CDS-bcir4e,ACH-000121,MC-000121-x0xD,Yes,Yes,0.48,,,,,
2309,CDS-bhLiul,ACH-001386,MC-001386-7apY,Yes,Yes,5.82,0.131089679620357,1.0,0.26432858861906,3.86248114528719,10.0
2310,CDS-bhmb1z,ACH-002102,MC-002102-DCz8,Yes,Yes,0.77,0.100430952894352,1.0,0.187726347694348,4.20356385911403,4.0
2311,CDS-bkbrQT,ACH-000165,MC-000165-8cyy,Yes,Yes,1.28,0.000328355773195658,0.0,0.000328378536366021,2.0001222451114,0.0
2312,CDS-bnzaOP,ACH-000823,MC-000823-tiwS,Yes,Yes,4.53,0.478114495286948,1.0,0.729329692546829,3.12675681935233,24.0
2313,CDS-bq3wb2,ACH-000989,MC-000989-VMWp,No,Yes,72.17,,,,,
2314,CDS-br74wD,ACH-002308,MC-002308-EgSo,Yes,Yes,0.75,0.0584360325452899,0.0,0.100068917389599,2.0701849886453303,1.0
2315,CDS-bs9d6R,ACH-000830,MC-000830-uuPe,No,Yes,0.39,0.154462477077452,0.0,0.28044751739913,2.0889172342616797,4.0
2316,CDS-bsAZxq,ACH-001619,MC-001619-IR6I,No,No,3.83,0.15758727251936,1.0,0.519305986785096,3.32288930311257,16.0
2317,CDS-bt9zW1,ACH-000541,MC-000541-nrlm,No,No,2.36,0.200229093482558,1.0,0.645535197136767,3.68037913792546,20.0
2318,CDS-btyHZF,ACH-000913,MC-000913-mRWp,No,Yes,0.84,0.0119743759648155,1.0,0.300574117412216,3.9011594728866696,11.0
2319,CDS-bu7MVS,ACH-001511,MC-001511-o65N,Yes,Yes,3.62,0.23809182051892,1.0,0.642893628370004,3.81975215373775,23.0
2320,CDS-buHjE1,ACH-000960,MC-000960-jmuJ,No,Yes,43.04,0.0285222188759275,0.0,0.105341974245365,2.09365447597005,2.0
2321,CDS-buRdmP,ACH-002043,MC-002043-Zbg8,No,Yes,1.53,0.431298910409231,1.0,0.697426442042023,2.7531836354839303,23.0
2322,CDS-bv72hC,ACH-000452,MC-000452-2Iuz,No,No,2.95,0.424607313783018,1.0,0.671159562380533,2.73512362434357,27.0
2323,CDS-bweujf,ACH-000005,MC-000005-Aycs,No,No,6.08,0.349967063261606,1.0,0.491261652107451,2.80736695016065,20.0
2324,CDS-c1zOEp,ACH-001861,MC-001861-0lWH,Yes,Yes,4.47,0.581645911603994,1.0,0.58766057351926,2.81142851216915,25.0
2325,CDS-c5CI4s,ACH-000502,MC-000502-yIwz,No,No,1.61,0.373471052711829,1.0,0.571838590355824,3.2987062921016004,35.0
2326,CDS-c6favq,ACH-001145,MC-001145-0FqA,Yes,Yes,87.37,0.0427834261609597,1.0,0.296441461388594,2.95874573804892,10.0
2327,CDS-cBP1P8,ACH-000588,MC-000588-mIbO,No,No,1.86,0.221863874763043,1.0,0.65789279361504,3.55523271741558,24.0
2328,CDS-cCbWy7,ACH-001363,MC-001363-WS4e,Yes,Yes,2.31,0.531314664874878,1.0,0.812201387662383,4.05586510885573,25.0
2329,CDS-cEcUmh,ACH-000920,MC-000920-JD3R,No,Yes,70.11,,,,,
2330,CDS-cF59Lt,ACH-001793,MC-001793-v89H,No,No,2.95,0.0297160571681495,1.0,0.745524311793096,4.84651182881539,28.0
2331,CDS-cFqDEh,ACH-000719,MC-000719-jBLZ,No,Yes,1.61,0.137337226880292,0.0,0.341982061448598,2.25468728014391,8.0
2332,CDS-cH50mr,ACH-000775,MC-000775-1AL8,Yes,Yes,0.82,0.339877214631939,1.0,0.69924404366312,2.81775250370103,24.0
2333,CDS-cJ0mzw,ACH-000242,MC-000242-t9i8,Yes,Yes,0.71,0.0823610802432948,1.0,0.500391284616124,3.90328861022838,16.0
2334,CDS-cMQr77,ACH-002107,MC-002107-ifu9,Yes,Yes,0.67,0.218918600864171,1.0,0.66531945221526,3.35399695541735,25.0
2335,CDS-cNRV8G,ACH-001418,MC-001418-YrAD,No,Yes,0.82,0.382796342804894,1.0,0.678066448837413,3.2873196393475896,24.0
2336,CDS-cQih4y,ACH-002016,MC-002016-n9sK,No,No,3.61,0.0164852912433055,0.0,0.0167646970361373,1.98412726384279,0.0
2337,CDS-cX6HU5,ACH-002444,MC-002444-N3F8,Yes,Yes,6.51,0.417537308768815,1.0,0.727710103786244,2.71529378318812,24.0
2338,CDS-cXxefl,ACH-002270,MC-002270-yDJt,Yes,Yes,1.18,0.0205811111707047,0.0,0.0464011453228187,2.039339967121,0.0
2339,CDS-cgEWlZ,ACH-002127,MC-002127-kfxR,Yes,Yes,0.93,0.160485182807095,1.0,0.585364884477654,3.30932922100723,23.0
2340,CDS-ch3zTp,ACH-002147,MC-002147-KgHM,Yes,Yes,0.87,0.409796937165696,1.0,0.630068894700716,2.7957331415713598,24.0
2341,CDS-ciTAmo,ACH-000018,MC-000018-Zo2z,No,Yes,0.67,0.321422810936011,1.0,0.6732915266733,3.72060445247552,23.0
2342,CDS-cj0PBf,ACH-000645,MC-000645-YBVU,No,No,1.28,0.201589175392702,0.0,0.40237590393207,2.06553655086954,9.0
2343,CDS-cj7BIf,ACH-000950,MC-000950-hnD2,No,Yes,88.87,0.094010500178588,0.0,0.288532230651665,2.21003003842771,7.0
2344,CDS-cjOPkO,ACH-000678,MC-000678-Fhbl,No,Yes,1.52,0.595945845873247,1.0,0.744867410157355,3.30855072408177,21.0
2345,CDS-ckK75t,ACH-000823,MC-000823-gUsF,No,Yes,1.64,0.460813796342507,1.0,0.726781939368845,3.20483811880446,23.0
2346,CDS-clTgER,ACH-000577,MC-000577-J7sN,Yes,Yes,3.32,,,,,
2347,CDS-cmupql,ACH-000285,MC-000285-SV5v,Yes,Yes,3.07,0.0869414054166365,0.0,0.414461245100837,2.33858846744603,14.0
2348,CDS-cp8WD1,ACH-000602,MC-000602-uVHZ,No,No,1.39,0.00338615523596567,0.0,0.0177596026710021,2.01968214965808,0.0
2349,CDS-cpdkDD,ACH-000094,MC-000094-AOIW,Yes,Yes,1.04,0.26169274250489,1.0,0.684173344740557,2.5602067180423,29.0
2350,CDS-cqP17c,ACH-000941,MC-000941-TQc0,No,No,55.62,0.102104834219614,1.0,0.485933187960694,3.6859802354097098,17.0
2351,CDS-csVAGv,ACH-000487,MC-000487-b0zV,No,No,2.51,0.214962529396319,0.0,0.28971569493822,1.91221705802803,6.0
2352,CDS-cuR48O,ACH-002242,MC-002242-i0Gr,Yes,Yes,0.84,0.00306062689609567,0.0,0.0486892956302496,2.0622958362018,1.0
2353,CDS-cuuAW5,ACH-002440,MC-002440-X7N4,Yes,Yes,4.9,0.107032012210187,1.0,0.456492382146344,3.71432011392911,19.0
2354,CDS-cvCCq2,ACH-001347,MC-001347-gXUu,Yes,Yes,3.61,0.137760740208341,1.0,0.672188636350878,3.95549201470656,25.0
2355,CDS-cyCqfE,ACH-000877,MC-000877-xqqy,Yes,Yes,8.27,0.00679102677008453,0.0,0.037172616973604,2.04736071752693,0.0
2356,CDS-cyVHFm,ACH-000521,MC-000521-rkNP,No,Yes,0.76,0.459809244751837,1.0,0.745030134608342,4.15213795125989,18.0
2357,CDS-czJTP5,ACH-002274,MC-002274-07O9,Yes,Yes,1.76,0.219135097435791,0.0,0.318308926620795,2.073886904341,5.0
2358,CDS-d0pSgE,ACH-000804,MC-000804-Hxgj,No,No,2.53,0.090947431236144,1.0,0.5982797262594,3.60355709104936,21.0
2359,CDS-d1P2GJ,ACH-002017,MC-002017-jRLK,No,No,3.64,0.302279140577539,1.0,0.58856257405808,2.8498831498924,21.0
2360,CDS-d6QmtV,ACH-002259,MC-002259-6MsH,Yes,Yes,1.29,0.187136874178285,1.0,0.497852437849867,3.6670179025690097,15.0
2361,CDS-d8Emkc,ACH-000158,MC-000158-KWQI,Yes,Yes,2.24,0.230857624279005,1.0,0.51591350580145,3.03401542125042,19.0
2362,CDS-dCXlon,ACH-000975,MC-000975-PUD5,No,No,4.7,,,,,
2363,CDS-dEAUaW,ACH-001525,MC-001525-RDCC,Yes,Yes,3.41,0.275735545061996,1.0,0.694344948898978,3.0338807216257404,27.0
2364,CDS-dF8R48,ACH-000583,MC-000583-c03L,No,Yes,0.8,0.0371353946104601,0.0,0.254881517896579,2.23452663384818,9.0
2365,CDS-dGaHMd,ACH-000807,MC-000807-JcJt,No,No,1.49,0.368314022879118,1.0,0.834758728968345,4.450706967417901,26.0
2366,CDS-dGfiMs,ACH-000463,MC-000463-Z0fK,No,Yes,0.35,0.27734890105328,1.0,0.629683642536496,2.56310067253075,22.0
2367,CDS-dGhcG6,ACH-001540,MC-001540-8tA1,Yes,Yes,3.55,0.0816568614172124,1.0,0.426684041771204,3.4969517338065397,19.0
2368,CDS-dJ78CE,ACH-000798,MC-000798-g7mg,No,Yes,1.61,0.164090512841167,0.0,0.256970074872741,2.11586499600411,3.0
2369,CDS-dNnzJh,ACH-002272,MC-002272-4kjq,Yes,Yes,81.88,0.0322371813927123,0.0,0.0888779335688565,2.09424913482497,1.0
2370,CDS-dOucLc,ACH-000711,MC-000711-jmma,No,Yes,1.04,0.422029292150586,1.0,0.733244358220709,2.69802508511684,23.0
2371,CDS-dP0OHG,ACH-001138,MC-001138-CxqR,Yes,Yes,0.55,0.346854859216997,1.0,0.647877852397396,3.0049978550101204,23.0
2372,CDS-dPoMWC,ACH-000694,MC-000694-GUiM,No,Yes,1.11,0.393451629609141,1.0,0.652772352440984,3.3377094260612403,25.0
2373,CDS-dQ4HAL,ACH-000869,MC-000869-2NiK,No,Yes,0.8,0.340335403874006,1.0,0.577780796898445,2.67001816558061,20.0
2374,CDS-dRC7Ou,ACH-002023,MC-002023-a5ob,No,No,4.08,0.260579868908527,1.0,0.461227724476581,2.8868388991902,19.0
2375,CDS-dSFS0U,ACH-000089,MC-000089-WKcu,Yes,Yes,1.98,0.182545244768342,1.0,0.539595760067548,3.12961720314748,20.0
2376,CDS-dYmd6d,ACH-002932,MC-002932-88t5,Yes,Yes,4.61,,,,,
2377,CDS-dZhPQj,ACH-000042,MC-000042-eOnX,No,No,1.53,0.208381737415382,1.0,0.487307129372864,3.53227203023785,19.0
2378,CDS-dZq0L9,ACH-000389,MC-000389-is87,No,Yes,0.84,0.202244275710657,1.0,0.516858281714987,3.2412101313619197,16.0
2379,CDS-da6A0v,ACH-000416,MC-000416-NihW,No,Yes,0.95,0.652228053067363,1.0,0.483484696669176,2.41909421607776,10.0
2380,CDS-dbb9ty,ACH-000799,MC-000799-Fdo9,No,No,2.49,0.432636855888198,1.0,0.638397571092617,2.5987961513028703,24.0
2381,CDS-ddHWZJ,ACH-000987,MC-000987-YYzL,Yes,Yes,1.11,0.0928882491841522,0.0,0.170725727912065,2.05708299290009,4.0
2382,CDS-dfFDkN,ACH-000204,MC-000204-0Tyh,No,No,1.9,0.171357409395156,1.0,0.540753420560224,3.6388572758025597,19.0
2383,CDS-dfUqwC,ACH-000888,MC-000888-dlP0,No,Yes,1.08,0.117614129798214,1.0,0.601301395058064,3.40311583871558,22.0
2384,CDS-dhBHhw,ACH-000085,MC-000085-DjQm,No,No,2.32,0.357681175657932,1.0,0.704314685129942,2.74361493644275,25.0
2385,CDS-djvvgI,ACH-003456,MC-003456-C2H8,Yes,Yes,3.25,0.000294804513310786,0.0,0.000581160752450155,1.99987268538106,0.0
2386,CDS-dk90VV,ACH-000700,MC-000700-mndS,No,No,4.39,0.390606369266054,1.0,0.767864244227581,4.33543786500369,26.0
2387,CDS-dlGuUA,ACH-000035,MC-000035-eNCM,No,Yes,0.82,0.636478263401429,1.0,0.515761916987099,2.1692984402715902,10.0
2388,CDS-dlSBh9,ACH-000794,MC-000794-a6tw,Yes,Yes,0.8,0.242495357240212,0.0,0.340224627444579,2.07118838780145,10.0
2389,CDS-dmUA8M,ACH-000795,MC-000795-PEoZ,Yes,Yes,26.46,0.0272096120906737,0.0,0.0575916858705686,2.04309670461009,0.0
2390,CDS-dn5Kjh,ACH-002178,MC-002178-wDvv,No,Yes,0.77,0.542578423834163,1.0,0.790687324519696,3.9779177517277002,25.0
2391,CDS-dnvRLC,ACH-000882,MC-000882-M9go,No,Yes,0.97,0.13820479265828,1.0,0.530103433492235,3.30898543730931,20.0
2392,CDS-doGTxL,ACH-000271,MC-000271-6qzE,No,Yes,1.68,0.100203923215299,0.0,0.18320676962199,2.0995382273209398,2.0
2393,CDS-dr0gjy,ACH-000362,MC-000362-EJ9W,No,Yes,2.23,0.0072732422000436,0.0,0.200483634868792,2.313914967672,8.0
2394,CDS-dw54Dg,ACH-000714,MC-000714-6Q0c,No,No,1.84,0.165331413801869,1.0,0.672205545260762,3.30234941555444,24.0
2395,CDS-dx6khM,ACH-000200,MC-000200-pE94,No,No,3.64,0.39225226699199,1.0,0.579253299198694,2.23131570332579,8.0
2396,CDS-dyasTi,ACH-001702,MC-001702-K6gv,No,Yes,0.85,0.303473798451906,1.0,0.507133139120409,2.9262305464715,19.0
2397,CDS-e7vHzc,ACH-001368,MC-001368-TN5O,Yes,Yes,4.13,,,,,
2398,CDS-e8OmCc,ACH-000559,MC-000559-OXfk,No,No,1.69,0.186203813736589,1.0,0.507869265133335,3.0990871720322297,20.0
2399,CDS-eEU17X,ACH-000492,MC-000492-fJz7,No,No,1.94,0.00594574420537656,0.0,0.00713219328603234,1.9926596563413799,0.0
2400,CDS-eHF4ky,ACH-000472,MC-000472-TlNK,Yes,Yes,1.37,0.239317621564137,1.0,0.67186817025007,2.6112424590095,27.0
2401,CDS-eIdAVK,ACH-001321,MC-001321-4zQP,No,Yes,0.74,0.162827809408042,0.0,0.289885168921979,2.0084517385211997,8.0
2402,CDS-eMQNY4,ACH-002097,MC-002097-jwJs,Yes,Yes,0.78,0.165400038863166,1.0,0.416698764526005,4.15780402409287,12.0
2403,CDS-eMUceJ,ACH-001599,MC-001599-WbUa,Yes,Yes,2.55,0.355498973675933,1.0,0.668524113605404,3.83111892109627,26.0
2404,CDS-eNEXa8,ACH-000156,MC-000156-hhaU,Yes,Yes,1.41,0.00590452894339704,0.0,0.005908282153958,1.9934363455714599,0.0
2405,CDS-ePe6YP,ACH-000439,MC-000439-sv02,No,Yes,1.18,0.0836943779814623,0.0,0.223001939627027,2.11553129311696,8.0
2406,CDS-eRA0CR,ACH-000822,MC-000822-KyYt,No,Yes,0.57,0.0985483104909152,0.0,0.175567673500952,2.03082268033181,8.0
2407,CDS-eRKbNm,ACH-000977,MC-000977-eNOh,No,Yes,63.36,,,,,
2408,CDS-eTxIJ2,ACH-000825,MC-000825-rKGp,No,Yes,1.07,0.426935826586521,1.0,0.848597393880186,4.31166163732402,25.0
2409,CDS-eVgX1g,ACH-000038,MC-000038-mD4i,Yes,Yes,0.97,0.00568188993994123,0.0,0.0375734316000638,2.05898318488264,0.0
2410,CDS-eVuLOg,ACH-001100,MC-001100-Ekc7,No,No,4.85,0.0745924036307235,0.0,0.224327028270177,2.2665124027325296,11.0
2411,CDS-eVwfpq,ACH-000858,MC-000858-K7hx,No,Yes,1.36,0.45204889255204,1.0,0.690069559692128,2.6642340061437904,23.0
2412,CDS-eYBVFP,ACH-000294,MC-000294-TVP5,Yes,Yes,1.36,0.0288142605008303,1.0,0.513554150808583,3.5645650901413597,27.0
2413,CDS-eYInID,ACH-000289,MC-000289-wNga,Yes,Yes,2.73,0.14524432478288,0.0,0.273737826576747,2.13772484833863,6.0
2414,CDS-eZQaqH,ACH-000745,MC-000745-0SAR,Yes,Yes,2.13,0.0500906433619469,0.0,0.0935856454998887,2.02527387372524,2.0
2415,CDS-eZxi2O,ACH-001842,MC-001842-XQ3q,Yes,Yes,4.0,0.145356511057837,1.0,0.549576479115001,2.9568244916871,23.0
2416,CDS-ea0KzB,ACH-001624,MC-001624-OLI2,No,No,3.92,,,,,
2417,CDS-eb9th6,ACH-002365,MC-002365-OetP,Yes,Yes,0.74,0.00907736004568182,0.0,0.0407121335650556,2.05401621398977,0.0
2418,CDS-edTfb0,ACH-001128,MC-001128-V4hU,No,No,6.42,0.00100510864022495,0.0,0.00100680532857951,1.99877222538715,0.0
2419,CDS-edqWfB,ACH-002240,MC-002240-Wayd,Yes,Yes,1.26,0.28444356903994,1.0,0.577842761907449,3.23741364264807,18.0
2420,CDS-eehcTp,ACH-002342,MC-002342-hKWV,Yes,Yes,1.0,0.00212917546210613,0.0,0.0256092806158134,2.03903880119985,0.0
2421,CDS-ehHO7s,ACH-002243,MC-002243-oUjC,Yes,Yes,3.44,0.347016512394166,1.0,0.664090797671514,2.7256426826686604,23.0
2422,CDS-ehLub1,ACH-002090,MC-002090-hcKH,Yes,Yes,0.78,0.343804206633219,1.0,0.685013968176063,3.1917392433573504,25.0
2423,CDS-elCuf3,ACH-000810,MC-000810-5d7Q,No,Yes,1.16,0.149332138245803,1.0,0.650714498051382,3.8356396795628305,23.0
2424,CDS-elPhWo,ACH-002509,MC-002509-QORQ,Yes,Yes,3.52,0.141540827890724,1.0,0.33666090160205,3.66630900734765,13.0
2425,CDS-elbDkP,ACH-000059,MC-000059-DVKs,No,Yes,0.6,0.0474453997779575,0.0,0.123429448186373,2.09227406926562,2.0
2426,CDS-esmj5Z,ACH-002258,MC-002258-ZLKs,Yes,Yes,1.57,0.127038048435194,1.0,0.455666471128155,3.73364214680198,16.0
2427,CDS-eyELts,ACH-000791,MC-000791-hZfp,No,No,3.47,0.0934254616270444,1.0,0.623288452205827,3.59678563846394,19.0
2428,CDS-f2KLCi,ACH-000358,MC-000358-NvsB,No,Yes,0.44,,,,,
2429,CDS-f2w80L,ACH-000631,MC-000631-f4Wo,Yes,Yes,1.23,0.0609710173957473,1.0,0.449015569650879,3.68061536029558,15.0
2430,CDS-f4af7M,ACH-001450,MC-001450-e2AC,Yes,Yes,3.19,0.0142239581283187,0.0,0.213515040839975,2.2574721571554304,10.0
2431,CDS-fCuGUb,ACH-002233,MC-002233-JFo7,Yes,Yes,0.95,0.214184873840982,1.0,0.82028289573249,3.87795223952126,27.0
2432,CDS-fE2Hcg,ACH-000571,MC-000571-0MLO,Yes,Yes,0.78,,,,,
2433,CDS-fGBTOv,ACH-000111,MC-000111-l0dD,No,Yes,0.72,0.654143459321422,1.0,0.480500856766172,2.76321256889074,30.0
2434,CDS-fLl3ej,ACH-001454,MC-001454-oIL3,Yes,Yes,4.57,0.217870865230243,1.0,0.626339467646597,4.58765608137258,38.0
2435,CDS-fNmWR7,ACH-001119,MC-001119-mWDg,No,No,5.27,0.0464319417028279,0.0,0.113490796677538,2.02123314493678,2.0
2436,CDS-fUKMM7,ACH-000519,MC-000519-6MYr,Yes,Yes,1.94,0.08403451925312,0.0,0.221788350663744,1.9943096235970301,7.0
2437,CDS-fVC4RX,ACH-000196,MC-000196-uQGJ,No,Yes,0.69,0.323933327286227,1.0,0.608254822290513,3.2288954456847203,17.0
2438,CDS-fXzOme,ACH-001280,MC-001280-Z0D3,No,Yes,4.5,0.0286895495543968,0.0,0.419213946114959,2.44850132373712,15.0
2439,CDS-fZnT9V,ACH-002095,MC-002095-uEkC,Yes,Yes,0.62,0.260442000104924,1.0,0.642365433092635,3.39565095929959,24.0
2440,CDS-fb9VZf,ACH-000584,MC-000584-AUVi,Yes,Yes,2.64,0.417813444153353,1.0,0.738799303144098,3.26269081803836,22.0
2441,CDS-ffSLm9,ACH-000971,MC-000971-zKHf,No,Yes,87.9,,,,,
2442,CDS-fhacfL,ACH-002083,MC-002083-ov3V,Yes,Yes,0.67,0.173650627024903,1.0,0.578429715307135,3.02002030448725,20.0
2443,CDS-fjMmZs,ACH-001529,MC-001529-g0Ic,Yes,Yes,3.85,0.057137529027105,1.0,0.34762803672088,3.1048830265305196,13.0
2444,CDS-fkDdw9,ACH-000215,MC-000215-1uuU,No,No,2.7,0.1039601455543,1.0,0.470018206113305,3.49794280758345,16.0
2445,CDS-fqfP6N,ACH-002152,MC-002152-zH3n,Yes,Yes,1.18,0.284941329437156,1.0,0.586769883073684,3.4129243035391896,17.0
2446,CDS-frEQVI,ACH-000534,MC-000534-wcWB,No,Yes,1.21,0.0665702939848259,0.0,0.143598005477466,2.13314504273372,3.0
2447,CDS-fvvW92,ACH-000491,MC-000491-W4s6,Yes,Yes,1.25,0.214665633912656,1.0,0.61199554294018,3.00844022814186,28.0
2448,CDS-fwvmqA,ACH-000040,MC-000040-n11m,No,Yes,0.94,0.327303545147708,1.0,0.810547404232094,4.07918555433789,24.0
2449,CDS-fxAhOu,ACH-002048,MC-002048-52d6,No,No,3.76,0.198451573877279,0.0,0.557988997196641,2.50026366377406,28.0
2450,CDS-fyRdHD,ACH-000151,MC-000151-ePfA,No,Yes,0.73,0.189339564007482,0.0,0.475062734422811,2.39942802068623,12.0
2451,CDS-fyTqPY,ACH-000976,MC-000976-g0hr,No,Yes,1.47,0.22602251995985,1.0,0.649022799803856,3.48710935202318,21.0
2452,CDS-g75MM1,ACH-001038,MC-001038-0vXG,No,No,3.5,0.408365217552163,1.0,0.330647415649802,3.89123502887972,39.0
2453,CDS-gAg4cP,ACH-001841,MC-001841-Na7T,Yes,Yes,2.64,,,,,
2454,CDS-gB4IzD,ACH-002238,MC-002238-iGCL,Yes,Yes,74.66,,,,,
2455,CDS-gBsTdF,ACH-000956,MC-000956-tuzo,No,Yes,81.06,,,,,
2456,CDS-gDwmIQ,ACH-001339,MC-001339-5nRN,Yes,Yes,4.82,,,,,
2457,CDS-gE7gGi,ACH-000802,MC-000802-XNE7,No,Yes,1.62,0.452019793394864,1.0,0.590214198573759,2.8421157787344,18.0
2458,CDS-gGMdlD,ACH-001458,MC-001458-fAIa,Yes,Yes,4.8,0.235895412739267,1.0,0.452954710407853,3.0282194663657003,20.0
2459,CDS-gHBkmw,ACH-001655,MC-001655-EedC,No,Yes,1.58,0.693032931905235,1.0,0.624823508643589,3.90075889910729,17.0
2460,CDS-gHpsCM,ACH-000669,MC-000669-Nk3g,No,Yes,0.59,0.487641686607631,1.0,0.670668307569614,2.6448097465806,25.0
2461,CDS-gLKPtW,ACH-000066,MC-000066-Glga,Yes,Yes,1.63,0.183421864013495,1.0,0.630748171521685,3.64759609612521,29.0
2462,CDS-gNBJq4,ACH-000654,MC-000654-MboE,No,Yes,4.07,0.0734752863889686,0.0,0.191023970101273,2.15483848688399,6.0
2463,CDS-gP8tTM,ACH-000589,MC-000589-7aEe,No,Yes,0.57,0.379229891075078,1.0,0.639626456217546,3.01301122802665,24.0
2464,CDS-gPkQ5J,ACH-001451,MC-001451-WMrP,Yes,Yes,2.99,0.202131054411705,0.0,0.283759897946034,1.9471752331841699,7.0
2465,CDS-gUtCoR,ACH-000974,MC-000974-3BP0,No,Yes,78.42,0.00233453272299632,0.0,0.0226034411836221,2.0303126894807,0.0
2466,CDS-gVERHV,ACH-000186,MC-000186-MEuo,Yes,Yes,0.42,0.647262744380495,1.0,0.490412709963389,2.6306264489938997,33.0
2467,CDS-gVPSgT,ACH-000599,MC-000599-SvzV,No,No,2.11,0.352632880414198,1.0,0.777515243353626,4.19589746337499,27.0
2468,CDS-gVutml,ACH-002316,MC-002316-FZTh,Yes,Yes,1.46,0.0113323477796282,0.0,0.118770571537171,2.12854438110505,2.0
2469,CDS-gXptJg,ACH-000643,MC-000643-0mJe,No,Yes,0.77,0.559802283905812,1.0,0.691541383854892,3.5616296078707004,30.0
2470,CDS-gcC63F,ACH-000815,MC-000815-2aJs,Yes,Yes,2.83,0.282224311265121,1.0,0.646529861011506,2.9820216951058196,16.0
2471,CDS-geQDUL,ACH-000100,MC-000100-L6VD,No,Yes,0.4,0.112893625899245,1.0,0.509779410392257,3.33415511169413,20.0
2472,CDS-gghL8w,ACH-000012,MC-000012-qY6Z,No,Yes,0.84,0.497127668399844,1.0,0.687978036188264,3.08433368892582,19.0
2473,CDS-gjZYeK,ACH-002446,MC-002446-isJ2,No,No,4.14,0.275962335671984,1.0,0.871745012221647,4.74846559614059,29.0
2474,CDS-gkW2sd,ACH-001201,MC-001201-sBT2,No,No,3.92,0.0290807388858521,0.0,0.0527885994569208,2.0832134873754202,4.0
2475,CDS-gmfURn,ACH-000876,MC-000876-kFGS,Yes,Yes,1.86,0.198759826910911,1.0,0.601255114879538,3.21084519143667,26.0
2476,CDS-gobWCW,ACH-000437,MC-000437-qpTL,No,Yes,0.81,0.117986849681672,1.0,0.611121923062718,3.5699343222462003,25.0
2477,CDS-gpsaZd,ACH-000839,MC-000839-d4N5,No,Yes,3.11,0.121509895937435,1.0,0.473519679299611,3.23088772900492,20.0
2478,CDS-gri42u,ACH-001959,MC-001959-u4do,Yes,Yes,3.88,0.0671879902627053,0.0,0.104904984618392,2.03453780689202,2.0
2479,CDS-gse2U2,ACH-000375,MC-000375-myDa,No,Yes,2.33,0.0193505185793982,0.0,0.121660395201699,2.12530175826787,2.0
2480,CDS-hAwE1v,ACH-002207,MC-002207-Hh9y,Yes,Yes,0.73,0.185279312270243,1.0,0.667327716675392,3.06480699757372,24.0
2481,CDS-hBaoEx,ACH-000663,MC-000663-zOPU,No,No,1.83,0.124217818293065,1.0,0.517047361114308,3.35797186956696,21.0
2482,CDS-hENnSL,ACH-002255,MC-002255-MQ40,Yes,Yes,0.9,0.122229771520798,0.0,0.278096414070242,2.14454808991592,8.0
2483,CDS-hEquhM,ACH-001353,MC-001353-5EnB,Yes,Yes,3.78,0.10026692793094,1.0,0.773969545630655,4.53988363288818,27.0
2484,CDS-hKjzf4,ACH-000078,MC-000078-HM1w,No,Yes,0.73,0.0816486115696187,0.0,0.423974808519921,2.452208376082,12.0
2485,CDS-hMjWFh,ACH-002140,MC-002140-dsn1,Yes,Yes,1.99,0.108732356973321,1.0,0.46696117947177,4.02936907807677,17.0
2486,CDS-hQJxYd,ACH-000154,MC-000154-Ip6F,Yes,Yes,1.33,2.95036117726701e-07,0.0,2.95409994835289e-07,1.9999995493552198,0.0
2487,CDS-hSNkTa,ACH-000386,MC-000386-Oeiy,Yes,Yes,3.16,0.143221024068634,0.0,0.214116280713955,1.9791853700922502,7.0
2488,CDS-hTwBI6,ACH-001029,MC-001029-lvBN,No,No,3.79,0.684568280949167,1.0,0.318423523288482,2.34496006430361,11.0
2489,CDS-hUj0p2,ACH-001059,MC-001059-r5m0,No,No,4.14,0.00379012817904746,0.0,0.0313037160041564,2.0215911374483504,1.0
2490,CDS-hUzA0R,ACH-000844,MC-000844-KhKo,No,No,2.16,0.213377454294264,1.0,0.714025061797989,3.0450155690632004,24.0
2491,CDS-hZgj4r,ACH-001232,MC-001232-n1C7,No,Yes,5.11,0.27137492288017,0.0,0.6270680182869,2.41596854589264,15.0
2492,CDS-hh9jvF,ACH-001367,MC-001367-Tnwl,Yes,Yes,7.53,0.0728298597180822,1.0,0.607487605106524,3.5948593847920094,26.0
2493,CDS-hj3Nml,ACH-000841,MC-000841-bBw4,No,Yes,3.45,0.415050940404501,1.0,0.728910115558209,2.8211356177407403,25.0
2494,CDS-hjyLgb,ACH-000295,MC-000295-4ELV,No,Yes,1.36,0.147245881660059,1.0,0.599033083296033,3.7530861282376597,25.0
2495,CDS-hl9JP4,ACH-000132,MC-000132-IVJR,No,Yes,1.13,0.385332965448381,1.0,0.692429024990298,2.88813800320988,20.0
2496,CDS-hn7njz,ACH-000348,MC-000348-xnWP,No,Yes,0.74,0.314644088013894,0.0,0.620073906108112,2.35260960088498,11.0
2497,CDS-hpQZft,ACH-000338,MC-000338-pAyK,No,No,3.99,0.126868325612819,1.0,0.617994801930775,3.44802535734716,23.0
2498,CDS-hs21Y8,ACH-002069,MC-002069-bcEP,No,No,10.9,0.160183085454569,1.0,0.724306525192598,4.75039410396334,29.0
2499,CDS-htK0WJ,ACH-001417,MC-001417-QWc5,Yes,Yes,1.0,0.44071127318136,1.0,0.7214357360657,4.99477653120802,38.0
2500,CDS-hvMdIA,ACH-001068,MC-001068-pORj,No,No,7.63,0.0403034531141965,1.0,0.297655577633033,4.252826700893451,6.0
2501,CDS-hvqBN5,ACH-000210,MC-000210-dz0J,No,Yes,1.41,0.00896086330897211,0.0,0.0983064223335012,2.12299629664703,3.0
2502,CDS-hyFcVo,ACH-001211,MC-001211-d2zD,No,No,3.9,,,,,
2503,CDS-hzqCao,ACH-000797,MC-000797-l7Rz,Yes,Yes,3.05,3.38555716673716e-05,0.0,6.23074429591831e-05,1.99983995476752,0.0
2504,CDS-i0UakI,ACH-000383,MC-000383-M8Xs,No,Yes,1.42,0.341923224683992,1.0,0.819654205411395,4.92760553321121,28.0
2505,CDS-i0aYm3,ACH-000865,MC-000865-ux6D,No,Yes,1.69,0.391535500214527,1.0,0.656776050546695,2.45978018305718,17.0
2506,CDS-i6ooXH,ACH-000155,MC-000155-08lg,No,Yes,0.79,0.279876390545668,1.0,0.610899302205182,2.6822504806398704,18.0
2507,CDS-i7LdYv,ACH-000051,MC-000051-Vd8P,Yes,Yes,1.3,0.000409539968475011,0.0,0.000442010731625131,1.99893964871476,0.0
2508,CDS-iAMnXl,ACH-000766,MC-000766-25bR,No,Yes,2.23,0.379355667559043,1.0,0.726862235716365,2.53907078435869,27.0
2509,CDS-iBFM6e,ACH-002407,MC-002407-K7Q1,Yes,Yes,5.0,0.131999610657417,0.0,0.320976805135102,1.74282001970414,11.0
2510,CDS-iD2kOM,ACH-000818,MC-000818-Gx0J,No,Yes,0.91,0.177410848276518,1.0,0.785458972024202,4.301300670828541,32.0
2511,CDS-iIgcjX,ACH-001848,MC-001848-gqGK,No,No,3.36,0.378301775261088,1.0,0.647960000062685,3.20221721101314,19.0
2512,CDS-iKmCqR,ACH-000684,MC-000684-nbWG,No,Yes,1.27,0.198130838544934,1.0,0.6349268957589,3.5392245919659198,25.0
2513,CDS-iKyGcp,ACH-000528,MC-000528-86TD,No,Yes,1.54,0.56883958693611,1.0,0.625747535892528,2.56897584133862,29.0
2514,CDS-iOUGCs,ACH-000101,MC-000101-Bp61,No,Yes,0.7,0.0702297711420017,0.0,0.147877641219704,2.09859598532206,2.0
2515,CDS-iP4meB,ACH-000978,MC-000978-9oZY,No,Yes,71.5,0.0395479495282369,0.0,0.104460605153898,2.05916625883556,2.0
2516,CDS-iPV6A0,ACH-001182,MC-001182-QeJa,Yes,Yes,1.14,0.0034726687402029,0.0,0.0478139111135354,2.0857288020839397,0.0
2517,CDS-iRSdLI,ACH-002367,MC-002367-Tc94,Yes,Yes,0.69,0.00203141517824937,0.0,0.0337908200544802,2.0536989206904797,0.0
2518,CDS-iWs7lF,ACH-001453,MC-001453-2D76,No,Yes,0.78,0.0663815074413958,1.0,0.557578765199681,3.4144534703998195,20.0
2519,CDS-iXhz1w,ACH-002392,MC-002392-bUiY,Yes,Yes,0.78,0.0872155722043298,0.0,0.198954959936363,2.1255294394689797,3.0
2520,CDS-iYXN4r,ACH-000627,MC-000627-Frw9,No,Yes,1.16,0.317886498211353,1.0,0.827886341299778,4.44280374103478,24.0
2521,CDS-icZ3op,ACH-000885,MC-000885-Emfo,Yes,Yes,72.58,,,,,
2522,CDS-icolkH,ACH-000626,MC-000626-fGl1,Yes,Yes,0.98,0.233153932603159,0.0,0.436477140533926,2.14537987736856,11.0
2523,CDS-ighV60,ACH-001099,MC-001099-jclT,No,No,5.34,0.0128206452089698,0.0,0.0146410005494145,2.00177291459636,0.0
2524,CDS-ik3Ajl,ACH-000608,MC-000608-tjzi,No,No,3.34,0.231462772307578,1.0,0.625424413949542,2.67028368953993,24.0
2525,CDS-ikF6tR,ACH-001399,MC-001399-jcVk,Yes,Yes,2.99,0.185458366246548,1.0,0.643833121802799,4.19538934245264,23.0
2526,CDS-ip54pz,ACH-000505,MC-000505-3edj,No,No,1.56,0.24733786541005,1.0,0.768543380704395,4.715160232870599,28.0
2527,CDS-ir0cZY,ACH-001547,MC-001547-7JIQ,No,No,3.39,0.0890621895709791,0.0,0.115798204983232,1.97015453535611,3.0
2528,CDS-itPq1d,ACH-002183,MC-002183-GBc7,Yes,Yes,0.84,0.0399349313138972,0.0,0.206831554476157,2.21832329217315,6.0
2529,CDS-iuHyhM,ACH-000493,MC-000493-3Cne,No,Yes,0.87,,,,,
2530,CDS-iuv4TL,ACH-000993,MC-000993-g8KR,Yes,Yes,3.16,9.35583014061918e-05,0.0,0.000650491996474694,2.00053603234419,0.0
2531,CDS-ixXfW6,ACH-000887,MC-000887-cOSG,No,No,4.46,,,,,
2532,CDS-iy7egk,ACH-002279,MC-002279-VFQf,Yes,Yes,0.8,0.142531913444173,1.0,0.591253397023372,3.7639971380430604,19.0
2533,CDS-iymIlk,ACH-000698,MC-000698-AWjg,No,Yes,0.48,0.48871496729984,1.0,0.797697015150581,2.85748025340694,23.0
2534,CDS-j17HkZ,ACH-000247,MC-000247-HpLX,No,Yes,1.68,0.191887532120068,0.0,0.427935331809982,2.3942926342179702,11.0
2535,CDS-jAjYhx,ACH-001651,MC-001651-DEK1,Yes,Yes,3.99,0.329005569467251,1.0,0.805547881077581,3.71367371188277,28.0
2536,CDS-jBDRV1,ACH-000427,MC-000427-cwjs,No,Yes,1.98,0.183064918632828,0.0,0.265055932747195,1.93549885327802,12.0
2537,CDS-jCTamz,ACH-000364,MC-000364-5fPi,No,Yes,0.9,0.166533126641727,1.0,0.618447624299203,3.34489499068701,19.0
2538,CDS-jD59C1,ACH-000440,MC-000440-788S,No,Yes,2.4,0.04485794729994,0.0,0.181703438580311,2.17931168430128,4.0
2539,CDS-jEUOba,ACH-002239,MC-002239-83YG,Yes,Yes,0.83,0.17140578714563,0.0,0.349808224419746,2.17243207772764,7.0
2540,CDS-jGi1rQ,ACH-001067,MC-001067-UmWZ,No,No,3.31,,,,,
2541,CDS-jLJdCU,ACH-000210,MC-000210-6UEs,No,No,2.1,0.000252976223009343,0.0,0.0796952488416853,2.1014430912377398,3.0
2542,CDS-jLS8gL,ACH-002165,MC-002165-Ltf9,Yes,Yes,1.0,0.102122713743705,0.0,0.193931046844243,1.9929233612708899,7.0
2543,CDS-jNT2cH,ACH-001559,MC-001559-Lyqh,Yes,Yes,3.91,0.415181363815583,1.0,0.150531101441578,4.32039117059512,6.0
2544,CDS-jOGAoB,ACH-000067,MC-000067-VEBD,Yes,Yes,0.76,0.020129321143316,0.0,0.180012691113481,2.08763274228538,5.0
2545,CDS-jSQElV,ACH-003438,MC-003438-B1X6,Yes,Yes,4.23,0.15167709194567,1.0,0.416730110021109,3.25660592879598,12.0
2546,CDS-jXASJB,ACH-000992,MC-000992-m2yi,Yes,Yes,1.92,,,,,
2547,CDS-jZDo65,ACH-001210,MC-001210-DeSa,No,No,5.4,0.0130600113205401,0.0,0.115411839953126,2.1022515956513,2.0
2548,CDS-jbtmKO,ACH-000304,MC-000304-JiDR,No,Yes,0.5,0.196164380667976,0.0,0.327582155268571,2.07973403307395,7.0
2549,CDS-jeb08I,ACH-000979,MC-000979-IP8W,No,Yes,57.63,0.293049837471302,1.0,0.503715183831261,2.7946754209055196,19.0
2550,CDS-jewQ34,ACH-000966,MC-000966-gj8L,No,Yes,86.56,,,,,
2551,CDS-jg6W9k,ACH-000510,MC-000510-Z2or,No,Yes,0.71,0.366808801708415,1.0,0.750486481690604,3.52261684394363,31.0
2552,CDS-jiwe6C,ACH-000353,MC-000353-ilyC,Yes,Yes,0.92,0.55547724019299,1.0,0.642340493292002,2.8452688379069704,22.0
2553,CDS-jp2s1b,ACH-001685,MC-001685-vgiS,No,No,4.76,0.241118341523599,0.0,0.41364300288189,2.17982106398649,9.0
2554,CDS-js75Tb,ACH-001484,MC-001484-dooe,Yes,Yes,7.73,0.000296206355810091,0.0,0.101996535334865,2.10805100918371,3.0
2555,CDS-jvOLyB,ACH-002257,MC-002257-oqx9,Yes,Yes,1.16,0.142194800091228,0.0,0.181160406501513,1.9407142098801597,4.0
2556,CDS-jxPR69,ACH-000512,MC-000512-BELB,Yes,Yes,3.94,0.0730322145768617,1.0,0.542901835843153,4.01742489101468,18.0
2557,CDS-jzfNPq,ACH-000594,MC-000594-xFjb,No,No,2.48,0.237467261385929,0.0,0.374001791407628,1.90652425405781,11.0
2558,CDS-k7x1Cv,ACH-000702,MC-000702-uMGs,No,Yes,1.15,0.208386374695346,1.0,0.586740381510194,3.08691437756913,19.0
2559,CDS-kGBceY,ACH-001591,MC-001591-DGWX,No,Yes,0.89,0.199000770907861,1.0,0.624189786364026,3.3271730923077594,27.0
2560,CDS-kN4Uac,ACH-002387,MC-002387-TKKh,Yes,Yes,1.2,0.186228041230793,1.0,0.632341776417168,3.3575322048159597,23.0
2561,CDS-kN8Jq5,ACH-002370,MC-002370-cRqL,Yes,Yes,0.92,0.0466795128096051,0.0,0.0914414166843667,2.05730771768935,0.0
2562,CDS-kNHP4Y,ACH-001373,MC-001373-janw,Yes,Yes,3.56,0.161061846952259,1.0,0.734765134148385,4.95937678483934,29.0
2563,CDS-kNgped,ACH-002039,MC-002039-BOZb,No,No,3.69,0.290637130789977,1.0,0.678595887073078,3.9032008489840697,19.0
2564,CDS-kP8gUD,ACH-000199,MC-000199-8FV3,Yes,Yes,1.28,1.1352085737987e-06,0.0,1.13602612167031e-06,2.0000000808301004,0.0
2565,CDS-kSifm6,ACH-000397,MC-000397-V3gM,No,No,1.21,0.231138293448616,1.0,0.641677801811707,3.4192789307638503,29.0
2566,CDS-kUHdCP,ACH-000808,MC-000808-WFgD,Yes,Yes,1.91,0.505326699374817,1.0,0.503289971746413,2.4325259514546,16.0
2567,CDS-kUNWK6,ACH-000585,MC-000585-taeO,No,Yes,1.48,0.438017309794709,1.0,0.728490848233706,3.14400905726551,28.0
2568,CDS-kV1Sra,ACH-001853,MC-001853-bIA7,Yes,Yes,3.47,0.411730083604743,1.0,0.696348676160085,3.38586941774418,30.0
2569,CDS-kVQl5G,ACH-000319,MC-000319-XYA6,No,No,3.05,0.156984921358813,1.0,0.73101175978253,4.7042988985718,35.0
2570,CDS-kYq1j4,ACH-000655,MC-000655-JzSn,No,Yes,0.62,0.352402691618826,1.0,0.609814685256295,2.6807702366103,20.0
2571,CDS-kZcCDX,ACH-001645,MC-001645-GbnR,Yes,Yes,4.64,0.460643216926657,1.0,0.709518102885664,2.95149546463377,18.0
2572,CDS-keJ785,ACH-001791,MC-001791-uBwq,No,No,3.93,0.0104035339851084,1.0,0.359578857824941,3.8444842959128906,29.0
2573,CDS-kgwZXM,ACH-002055,MC-002055-I1ST,No,No,6.12,0.0412898989767722,0.0,0.140595276974684,2.08486690324263,4.0
2574,CDS-khPv3M,ACH-000812,MC-000812-ogze,Yes,Yes,1.7,0.280601183917578,1.0,0.498888865254327,2.80736215245077,20.0
2575,CDS-kjgSOs,ACH-000436,MC-000436-76Cr,Yes,Yes,5.47,0.147089121800528,1.0,0.564305380258407,3.7963857850856604,19.0
2576,CDS-klYQtA,ACH-000646,MC-000646-7oWm,Yes,Yes,1.55,0.0709001314657704,1.0,0.660949369143384,3.85512912656904,25.0
2577,CDS-kmY9MS,ACH-000069,MC-000069-L4Ub,Yes,Yes,1.5,0.000155514621844021,0.0,0.0871951996612742,2.08601855647125,3.0
2578,CDS-ko19oj,ACH-002248,MC-002248-F0Ay,Yes,Yes,1.71,0.049891814409428,0.0,0.249390929584887,2.3102930498850096,7.0
2579,CDS-kpEDhO,ACH-001366,MC-001366-orHv,No,No,4.74,0.0472504186341281,0.0,0.168299151123118,2.164465261629,3.0
2580,CDS-kqTT0Q,ACH-000898,MC-000898-mg3e,No,No,2.76,0.129429221692929,0.0,0.36607685693158,2.30107108603278,11.0
2581,CDS-kqoZ7X,ACH-000475,MC-000475-MOdu,No,No,1.9,0.205605836390562,1.0,0.448477255603315,2.97303281224554,17.0
2582,CDS-krJpUp,ACH-000598,MC-000598-DAax,Yes,Yes,2.02,0.0590798364449364,1.0,0.602632705457606,3.7349893089041,19.0
2583,CDS-krNJzS,ACH-002314,MC-002314-4BVq,Yes,Yes,1.44,0.256537874905357,1.0,0.600238811781935,2.5767575527925803,24.0
2584,CDS-kuyVO1,ACH-001836,MC-001836-jYoz,Yes,Yes,6.13,,,,,
2585,CDS-kvBaDr,ACH-002059,MC-002059-DNM1,No,No,67.93,0.0435958153207397,0.0,0.0588210398662737,1.99725937475734,0.0
2586,CDS-kx45sG,ACH-000922,MC-000922-maXA,No,Yes,16.25,0.00598534000732653,0.0,0.102769994891983,2.10494379654987,3.0
2587,CDS-kyNWhm,ACH-000272,MC-000272-qQOa,No,No,3.16,0.128232057155766,1.0,0.311188663930616,3.63698265657265,9.0
2588,CDS-l0JGrl,ACH-003451,MC-003451-A9W6,Yes,Yes,3.55,0.0700487794983382,0.0,0.0703363048111384,1.93187433422289,3.0
2589,CDS-l1fZ7V,ACH-000104,MC-000104-RcHz,No,Yes,1.24,0.0719677624822763,0.0,0.102129774426544,1.98642759020005,2.0
2590,CDS-l3LX1Z,ACH-000096,MC-000096-OrvI,No,No,1.69,0.0132081220268793,0.0,0.0245414251805037,2.0101585293928,1.0
2591,CDS-l4hN5a,ACH-001669,MC-001669-PygV,No,No,70.74,,,,,
2592,CDS-l4uex7,ACH-000217,MC-000217-5uKp,No,Yes,1.17,0.298251232253243,1.0,0.600019347208509,3.25196548785613,20.0
2593,CDS-l6pB8O,ACH-000168,MC-000168-iXaz,No,Yes,1.88,0.0662057908692353,0.0,0.20057373365304,2.13924748517183,7.0
2594,CDS-l76TRt,ACH-001318,MC-001318-etC9,No,No,3.59,0.297710097981619,1.0,0.497078533982696,2.58353548334508,19.0
2595,CDS-l7AAYZ,ACH-002113,MC-002113-6C61,Yes,Yes,0.88,0.190904896754284,0.0,0.281270648725809,1.93613359574121,8.0
2596,CDS-lALsjB,ACH-000505,MC-000505-RbSi,No,Yes,1.53,0.27871142679614,1.0,0.760921818796997,4.70836594366049,33.0
2597,CDS-lCA737,ACH-001031,MC-001031-oRDI,No,No,3.79,,,,,
2598,CDS-lCVf9i,ACH-000616,MC-000616-zrFf,No,Yes,1.1,0.308713576084964,1.0,0.850555423315396,4.63158414591932,32.0
2599,CDS-lDbA6A,ACH-000944,MC-000944-LNJm,No,Yes,3.76,0.125902604109167,1.0,0.468636068567965,3.47713050776406,17.0
2600,CDS-lFkF7T,ACH-002235,MC-002235-2BxB,Yes,Yes,2.15,0.134075502248971,1.0,0.508236880034677,3.6171627792029,18.0
2601,CDS-lLzyF9,ACH-002463,MC-002463-lGXh,No,No,3.37,0.000400457077340272,0.0,0.0357571938901264,2.03434100306845,1.0
2602,CDS-lMZSdf,ACH-000321,MC-000321-v6tA,Yes,Yes,1.63,0.0145012476746413,0.0,0.251032920073974,2.27487332572829,9.0
2603,CDS-lOKmeq,ACH-000753,MC-000753-DxZw,No,No,2.38,0.42008592725934,1.0,0.730730229431533,3.37562485499675,17.0
2604,CDS-lTn4CJ,ACH-000508,MC-000508-AwIO,No,Yes,1.28,0.213589276282992,1.0,0.674139252392342,3.5776992205014,24.0
2605,CDS-lYZ7l6,ACH-000660,MC-000660-5vbJ,No,Yes,1.47,0.0864731117403863,0.0,0.131255980898927,2.02684697086858,2.0
2606,CDS-lYvYEw,ACH-001407,MC-001407-g9d6,Yes,Yes,3.63,,,,,
2607,CDS-lb8dJ4,ACH-001321,MC-001321-SIx7,Yes,Yes,1.2,0.131202839064293,0.0,0.299788958412539,1.92249555805444,10.0
2608,CDS-lc9v5d,ACH-001560,MC-001560-l8bg,No,No,3.99,0.234429296595769,1.0,0.67652477508181,3.52933756381068,24.0
2609,CDS-lcTI1a,ACH-000560,MC-000560-YCjG,Yes,Yes,2.08,0.283690440857618,1.0,0.748285717776584,3.8580271408048,21.0
2610,CDS-ldZUrx,ACH-000995,MC-000995-4KxL,No,Yes,80.67,,,,,
2611,CDS-lefDLq,ACH-002252,MC-002252-KHzG,Yes,Yes,4.45,0.0520201406973965,0.0,0.140848366951816,2.10774794066784,2.0
2612,CDS-lfRNt2,ACH-000415,MC-000415-LtPG,No,No,1.98,0.328456382444113,1.0,0.561819556292359,3.05990539884475,24.0
2613,CDS-lgEB8P,ACH-000647,MC-000647-Ldet,No,Yes,0.63,0.239486117692311,1.0,0.651813316556267,2.89552127799385,19.0
2614,CDS-lhQCqo,ACH-000534,MC-000534-Qtqb,Yes,Yes,1.64,0.053233771323096,0.0,0.11007356721799,2.06275622148593,3.0
2615,CDS-liTQH6,ACH-000954,MC-000954-kX2i,No,No,64.13,0.0783794628858688,0.0,0.275442747244664,2.17399352760046,8.0
2616,CDS-ljiqfw,ACH-001518,MC-001518-3HlU,Yes,Yes,73.8,,,,,
2617,CDS-lvqKoE,ACH-001382,MC-001382-KLz9,Yes,Yes,3.09,0.0679728826596515,1.0,0.384874036249272,3.61573564667241,16.0
2618,CDS-lwBv9s,ACH-000989,MC-000989-Dydx,Yes,Yes,71.61,,,,,
2619,CDS-lwxKNA,ACH-000763,MC-000763-Lfpn,No,No,3.77,0.113400032386811,0.0,0.197394232564468,1.97137174230693,4.0
2620,CDS-lxWsYL,ACH-000610,MC-000610-VNJ6,No,Yes,1.1,0.484642609825272,1.0,0.626744078812521,2.59838073759858,23.0
2621,CDS-lxx7UM,ACH-002170,MC-002170-Lidu,No,Yes,0.36,0.471668198477688,1.0,0.716023999200131,3.2014551295639,22.0
2622,CDS-lzE2vA,ACH-002282,MC-002282-9lPy,Yes,Yes,0.53,0.132473252143728,1.0,0.587372393474016,3.2602171680834,20.0
2623,CDS-m1GZ6A,ACH-000926,MC-000926-5j81,Yes,Yes,1.65,,,,,
2624,CDS-m5eeaG,ACH-002160,MC-002160-veZF,Yes,Yes,12.4,0.32633078832557,0.0,0.355414631945478,1.93458928133156,6.0
2625,CDS-m9YOj9,ACH-000699,MC-000699-iHwM,No,No,1.81,0.573736170830788,1.0,0.620082643207893,2.89785081694796,27.0
2626,CDS-mDncpH,ACH-000723,MC-000723-XaoY,Yes,Yes,2.1,0.166564285372251,1.0,0.638198220395297,3.37764413987401,23.0
2627,CDS-mFLH1E,ACH-001835,MC-001835-poui,Yes,Yes,4.86,0.320537965839051,1.0,0.705384575093677,3.07579631995156,26.0
2628,CDS-mH7O2b,ACH-001630,MC-001630-hYpZ,Yes,Yes,3.33,,,,,
2629,CDS-mLhj1h,ACH-000375,MC-000375-3NLt,No,No,3.94,0.0123523680894075,0.0,0.0998916901802521,2.0863418989602,2.0
2630,CDS-mNZXgf,ACH-000644,MC-000644-IkVV,No,Yes,0.42,0.376299015466408,1.0,0.653974944013332,2.907986100948,20.0
2631,CDS-mNx4FM,ACH-000207,MC-000207-SgZd,No,Yes,1.4,0.334466541634959,1.0,0.711903830546415,3.13971877355076,22.0
2632,CDS-mOHXtu,ACH-001489,MC-001489-8Jel,No,Yes,0.5,0.278698467649358,1.0,0.490588669655342,2.9385986575252,17.0
2633,CDS-mPDtkr,ACH-000673,MC-000673-RSQe,No,No,4.4,,,,,
2634,CDS-mPabL7,ACH-002018,MC-002018-Bkao,No,No,3.73,,,,,
2635,CDS-mY4dFR,ACH-000162,MC-000162-QU83,Yes,Yes,0.9,0.00674636090170712,0.0,0.0680197394353242,2.07715391216408,1.0
2636,CDS-maxkQL,ACH-000606,MC-000606-ClJi,Yes,Yes,2.97,0.243586701123821,1.0,0.494775235084226,4.16077250868231,16.0
2637,CDS-meB55t,ACH-001459,MC-001459-5XUL,Yes,Yes,4.66,0.220964728885921,1.0,0.530860294269402,3.54986382560809,21.0
2638,CDS-meYpJE,ACH-000740,MC-000740-tNVa,No,Yes,0.72,0.395025250371987,1.0,0.650852293106705,3.05727588632122,24.0
2639,CDS-mhHwwD,ACH-000388,MC-000388-zMD3,Yes,Yes,3.21,0.000916415458780312,0.0,0.126710707141995,2.18567227627939,5.0
2640,CDS-mhprQz,ACH-002020,MC-002020-kwLe,No,Yes,1.28,0.189542553156182,0.0,0.27610534540711,2.01894853557117,5.0
2641,CDS-miDyKo,ACH-001460,MC-001460-E7N6,Yes,Yes,5.54,0.131698535071381,1.0,0.557507140394932,2.84676067198338,21.0
2642,CDS-mjhcUj,ACH-000471,MC-000471-iBae,No,No,1.68,0.33861281827848,1.0,0.740301771575523,2.81596346032753,24.0
2643,CDS-mpgJOV,ACH-000900,MC-000900-lYab,No,Yes,3.47,0.437674102243885,1.0,0.721759046826145,2.67081720947586,28.0
2644,CDS-mrlBuT,ACH-000329,MC-000329-Yx8n,No,Yes,1.01,0.0911937397050489,0.0,0.160004731964458,2.08672618034935,4.0
2645,CDS-ms8hJc,ACH-000042,MC-000042-XBux,No,Yes,0.92,0.210761108436662,1.0,0.610465641011518,3.40511105922978,28.0
2646,CDS-mtpJ5b,ACH-000785,MC-000785-K3As,No,Yes,0.81,0.4530837243548,1.0,0.764170996970362,3.60113961124292,30.0
2647,CDS-n1Xr2v,ACH-000340,MC-000340-lsm9,Yes,Yes,1.67,1.0081060681331e-05,0.0,0.000293293024859524,2.0003069400947,0.0
2648,CDS-n2Cr7s,ACH-001376,MC-001376-Gwba,Yes,Yes,3.5,0.170781108130056,1.0,0.439467383924706,3.10419808390763,15.0
2649,CDS-n3RkdQ,ACH-000102,MC-000102-BlKn,Yes,Yes,0.98,0.310135400556914,1.0,0.759662406572311,4.3387421903593,21.0
2650,CDS-n44Bva,ACH-002162,MC-002162-kvao,Yes,Yes,1.18,0.277594730048849,1.0,0.652794461514103,3.3813996368417,23.0
2651,CDS-n85OUk,ACH-000309,MC-000309-LZlq,Yes,Yes,0.62,0.583315340575582,1.0,0.762870941765911,4.12738904853459,28.0
2652,CDS-n8XW6d,ACH-000120,MC-000120-VBci,No,Yes,0.63,0.0741516673829298,0.0,0.163474181662553,2.13309301293872,5.0
2653,CDS-nB0R2i,ACH-000761,MC-000761-5VXC,Yes,Yes,3.5,0.332393946316778,1.0,0.744929036313866,3.09593235220806,17.0
2654,CDS-nCmaVH,ACH-002110,MC-002110-cfJ6,Yes,Yes,0.73,0.171351001607028,0.0,0.367360969222116,2.26771181772606,13.0
2655,CDS-nCnoUh,ACH-000587,MC-000587-1IBb,No,Yes,0.79,0.262267777148386,1.0,0.618762405473476,3.03031487735848,24.0
2656,CDS-nD0Juk,ACH-001750,MC-001750-fAbS,No,No,5.44,0.09027577406234,1.0,0.46371072026198,3.26392445767724,18.0
2657,CDS-nFgV37,ACH-002311,MC-002311-dUjX,Yes,Yes,1.37,0.435676509658395,1.0,0.663059201707648,3.15364801870679,23.0
2658,CDS-nGVKqG,ACH-002103,MC-002103-ObTM,Yes,Yes,0.58,0.0687902639116405,0.0,0.104362134344063,1.99773059998592,3.0
2659,CDS-nKUdi3,ACH-001855,MC-001855-5n8l,Yes,Yes,4.85,0.0715707336876133,0.0,0.337758342653088,2.27337086727809,10.0
2660,CDS-nLx5SQ,ACH-002251,MC-002251-iNFE,Yes,Yes,3.05,0.198493595664517,0.0,0.437136720114852,2.3836988043938,15.0
2661,CDS-nNHRhK,ACH-000996,MC-000996-nXxW,No,No,3.23,,,,,
2662,CDS-nOWHQv,ACH-002403,MC-002403-O9D9,Yes,Yes,4.57,0.348747934784548,1.0,0.578159446415551,3.25216924494503,32.0
2663,CDS-nOvuUL,ACH-001999,MC-001999-g7LW,Yes,Yes,2.66,0.170673841357817,1.0,0.529985452030185,3.15756723079281,24.0
2664,CDS-nPxoTc,ACH-000563,MC-000563-jCCJ,Yes,Yes,1.91,0.399890579563246,1.0,0.796240235040116,3.06167255038616,26.0
2665,CDS-nQIkC1,ACH-001796,MC-001796-JoKm,Yes,Yes,3.42,0.148795686743639,1.0,0.729343277904095,4.47920645420175,24.0
2666,CDS-nTWOwy,ACH-002067,MC-002067-5mbZ,No,Yes,0.82,0.229814047285742,1.0,0.702723957272544,2.80691495283948,25.0
2667,CDS-nU33DH,ACH-001001,MC-001001-SLVN,No,No,3.34,0.326616809001194,1.0,0.754816956445794,4.94105929734155,27.0
2668,CDS-nWi6Cp,ACH-000564,MC-000564-riBO,Yes,Yes,1.33,0.550685981733758,1.0,0.537436375527549,2.53692666478968,28.0
2669,CDS-nXfgKW,ACH-000020,MC-000020-GnMZ,No,Yes,0.72,0.906825415583318,1.0,0.0893639160717818,4.27195081876285,4.0
2670,CDS-naUpJu,ACH-001765,MC-001765-czdh,No,No,3.68,0.14838754460316,1.0,0.772729723463142,4.98450303132874,24.0
2671,CDS-nbsZCp,ACH-002105,MC-002105-7Q49,Yes,Yes,0.81,0.0877222719052918,0.0,0.35911347807909,2.33695012711303,12.0
2672,CDS-nglMoY,ACH-000485,MC-000485-p85M,Yes,Yes,1.95,0.0261026535190061,1.0,0.478277172742486,3.71235879665557,30.0
2673,CDS-nhVrrn,ACH-000097,MC-000097-qJSn,No,No,1.63,0.212789663500013,1.0,0.509156785069288,3.29618828763286,16.0
2674,CDS-nic3f2,ACH-000287,MC-000287-pZ0k,Yes,Yes,1.3,0.0675968119232963,0.0,0.115175305459312,2.03895750291795,0.0
2675,CDS-niufou,ACH-001075,MC-001075-NQke,No,Yes,3.68,0.0801788872734966,0.0,0.211543056672588,2.09988162205402,8.0
2676,CDS-njW8Yv,ACH-000639,MC-000639-pJGf,No,Yes,1.12,0.463171505736196,0.0,0.621859261794356,1.99215645517112,15.0
2677,CDS-njysL7,ACH-000192,MC-000192-cA5R,No,Yes,1.29,0.342393285777192,1.0,0.712537807646267,2.62575662032565,27.0
2678,CDS-nk4OBW,ACH-000072,MC-000072-L6Xl,Yes,Yes,2.12,0.610747884351611,1.0,0.504692135615605,2.50171127358692,31.0
2679,CDS-nkHgKT,ACH-001306,MC-001306-5hIp,No,Yes,1.68,0.186894009228036,1.0,0.554764491262821,3.15671700693352,22.0
2680,CDS-nkuv3u,ACH-000617,MC-000617-T8bN,No,Yes,1.05,0.533952201415589,1.0,0.628047108683724,3.06597597214964,29.0
2681,CDS-npwv4h,ACH-001030,MC-001030-DXsJ,Yes,Yes,4.74,0.0900385184305872,0.0,0.32500078874588,2.28970441574923,10.0
2682,CDS-nseYlp,ACH-000269,MC-000269-kDcc,Yes,Yes,1.61,0.288313358374847,1.0,0.708192095272446,3.42287502018519,20.0
2683,CDS-nue9Fd,ACH-002027,MC-002027-w4Gn,No,No,62.28,0.0206594487488195,1.0,0.208498689236718,3.86039982567923,6.0
2684,CDS-nvLcCC,ACH-001680,MC-001680-amSC,No,Yes,1.24,0.0767335145976535,0.0,0.272846362371893,2.26742226583536,6.0
2685,CDS-nwbxri,ACH-003474,MC-003474-N0S6,Yes,Yes,4.39,0.22354531409359,1.0,0.632398321688196,3.24334785286828,18.0
2686,CDS-nymcCj,ACH-001354,MC-001354-TZLe,No,No,2.87,0.106481049572389,1.0,0.453119847338567,3.43801012445197,14.0
2687,CDS-o00yvx,ACH-002344,MC-002344-3uAu,Yes,Yes,0.86,0.00268846292491315,0.0,0.0205877622965518,2.03321578180645,0.0
2688,CDS-o17kST,ACH-000740,MC-000740-PW6X,No,No,4.11,0.300697658660517,1.0,0.729051371783855,4.22318204397484,25.0
2689,CDS-o6xpMI,ACH-001991,MC-001991-zRh9,Yes,Yes,4.17,0.000218780930783233,0.0,0.0371891199339962,2.03625590991719,1.0
2690,CDS-o86jP7,ACH-001172,MC-001172-cKtB,No,No,5.04,0.331270213201839,1.0,0.689584218769434,2.42948844142669,17.0
2691,CDS-oBy0tg,ACH-001328,MC-001328-3LPD,Yes,Yes,4.78,0.15167154167498,1.0,0.698888788251453,3.53531729892845,21.0
2692,CDS-oHtc35,ACH-002356,MC-002356-6Mia,Yes,Yes,1.02,0.00275571585873804,0.0,0.0325954113266562,2.0508090039646,0.0
2693,CDS-oKc8EY,ACH-002431,MC-002431-W7S7,Yes,Yes,4.11,0.00012970256984515,0.0,0.0131591130295726,2.01270229281646,1.0
2694,CDS-oLN6S3,ACH-002015,MC-002015-RTao,No,No,3.04,0.344932703445876,1.0,0.502842681292927,3.20982154384952,32.0
2695,CDS-oMGnSg,ACH-001561,MC-001561-MKmJ,Yes,Yes,11.94,0.288147546568782,1.0,0.291222873317292,3.47701830132868,39.0
2696,CDS-oOBBud,ACH-000222,MC-000222-jGD1,No,Yes,0.86,0.22301236889223,1.0,0.599483194395489,2.60128818856168,25.0
2697,CDS-oOcuaZ,ACH-001537,MC-001537-4GEo,Yes,Yes,5.94,,,,,
2698,CDS-oPZIGD,ACH-003458,MC-003458-O5Q9,Yes,Yes,3.18,0.627161233325358,1.0,0.414698418534825,2.56906800676747,36.0
2699,CDS-oQeHKq,ACH-001738,MC-001738-GVx0,Yes,Yes,35.06,,,,,
2700,CDS-oQeSKR,ACH-001557,MC-001557-elcL,Yes,Yes,3.66,0.381577177796652,1.0,0.681099844476662,2.92740261555375,26.0
2701,CDS-oU91l2,ACH-000955,MC-000955-y2v6,No,Yes,87.65,0.0320307477479075,0.0,0.108442665611689,2.12024497283411,2.0
2702,CDS-oVJ2qU,ACH-001106,MC-001106-76g5,No,Yes,1.97,0.00442987088371875,0.0,0.0311525664352153,2.05184394521751,0.0
2703,CDS-oVQOo4,ACH-001340,MC-001340-Rzvh,Yes,Yes,3.94,0.397707017679007,1.0,0.502228469232163,3.73723907851106,11.0
2704,CDS-oW5j5N,ACH-001625,MC-001625-p0RD,Yes,Yes,3.8,,,,,
2705,CDS-oWehHs,ACH-000371,MC-000371-dVDN,No,Yes,2.28,0.121686806764679,0.0,0.256512277255624,2.14095809180029,8.0
2706,CDS-oYPsFc,ACH-000721,MC-000721-QnhE,No,No,2.09,0.243486685492894,1.0,0.736534606879769,3.583230988821,26.0
2707,CDS-oZPNvc,ACH-000177,MC-000177-lGh6,Yes,Yes,2.7,0.250439003876784,1.0,0.665178123474101,3.27615755236936,28.0
2708,CDS-oa2Isv,ACH-000258,MC-000258-6FD9,No,Yes,1.15,0.0697474586439827,1.0,0.435023240149008,4.11140971372118,13.0
2709,CDS-oblctg,ACH-002212,MC-002212-nqux,Yes,Yes,0.39,0.240248987588319,0.0,0.433310453595926,2.12763054852445,10.0
2710,CDS-oe7EAp,ACH-000129,MC-000129-Xfg0,No,Yes,0.74,0.169452951378704,1.0,0.521279293924077,3.76560059368048,31.0
2711,CDS-oejd1Z,ACH-001335,MC-001335-yPd0,Yes,Yes,2.98,0.145581369959946,0.0,0.279046616026455,2.01303249627282,9.0
2712,CDS-offVv3,ACH-000430,MC-000430-zl5N,Yes,Yes,1.6,0.388541332664922,1.0,0.606238024681379,2.50374626328469,25.0
2713,CDS-ofzquR,ACH-000261,MC-000261-Fkq1,No,No,4.43,0.507256219147838,1.0,0.528169034467711,3.50938997325764,31.0
2714,CDS-oi7eGQ,ACH-002232,MC-002232-9hRd,Yes,Yes,74.71,,,,,
2715,CDS-oiGq8H,ACH-000668,MC-000668-uGDa,No,Yes,2.09,0.313966658614787,1.0,0.782511133717239,4.66546562381513,35.0
2716,CDS-okYrSC,ACH-001349,MC-001349-VGWT,No,No,3.46,0.0528456257947257,0.0,0.117807936130908,2.06109005882056,4.0
2717,CDS-omnHLE,ACH-000461,MC-000461-uDY4,No,No,1.65,0.320104636552896,1.0,0.698229095500418,2.79638111728172,30.0
2718,CDS-onUpkO,ACH-000650,MC-000650-hjLy,Yes,Yes,0.98,0.41034849797628,1.0,0.588400420915557,2.90190318470175,23.0
2719,CDS-ou1ZJu,ACH-000312,MC-000312-oMfE,No,No,2.81,0.0868625707293217,0.0,0.174549434471047,1.95468562301091,6.0
2720,CDS-ouSaEZ,ACH-001703,MC-001703-H1dO,No,Yes,2.1,0.0494476068395262,0.0,0.174767485809176,2.18113330690661,4.0
2721,CDS-oxdBvK,ACH-000620,MC-000620-dj0N,No,Yes,1.53,0.128034742943113,1.0,0.784052555504539,4.31820718772627,28.0
2722,CDS-p0fdwn,ACH-000866,MC-000866-SgOR,No,Yes,54.11,0.0422242320868361,0.0,0.100871017190316,2.06578558667094,3.0
2723,CDS-p31WxS,ACH-001567,MC-001567-Cfys,Yes,Yes,3.15,0.332587744775802,1.0,0.666254221214139,2.66879913571223,26.0
2724,CDS-p9CaQm,ACH-002295,MC-002295-cZjJ,Yes,Yes,1.53,0.427534054579942,1.0,0.727222348733068,2.64561150469505,23.0
2725,CDS-p9JxkT,ACH-000784,MC-000784-ayo7,No,Yes,1.47,0.533617023998865,1.0,0.66710636267836,2.77417054710875,19.0
2726,CDS-pCh5dD,ACH-003480,MC-003480-qaa6,Yes,Yes,3.53,0.25067447699293,1.0,0.361939379999014,2.91312111568642,14.0
2727,CDS-pCtF9a,ACH-000029,MC-000029-BMZc,No,No,5.68,0.581570934800737,1.0,0.59009996282303,2.64937641963323,24.0
2728,CDS-pDoiKD,ACH-000138,MC-000138-tChl,Yes,Yes,0.71,0.27339631938651,1.0,0.526882100613841,3.48077443440386,31.0
2729,CDS-pEG9yl,ACH-002460,MC-002460-Rx9X,No,No,3.12,,,,,
2730,CDS-pEGMSA,ACH-000831,MC-000831-XRYC,No,Yes,2.02,0.522140185775966,1.0,0.616968762212606,2.3108786482386,13.0
2731,CDS-pFIPXl,ACH-002021,MC-002021-cfQQ,No,No,4.17,0.0529577739147118,1.0,0.514235872309468,3.38792416135313,17.0
2732,CDS-pGj1dW,ACH-000573,MC-000573-ASEy,No,Yes,1.11,0.589679850445248,1.0,0.572695439363433,3.16255569598502,30.0
2733,CDS-pHNEdp,ACH-000163,MC-000163-SnsT,No,No,1.39,0.15128213779659,1.0,0.575099954235435,3.55727425382214,20.0
2734,CDS-pJKcbr,ACH-000579,MC-000579-O3LW,No,Yes,0.33,0.310519829911189,1.0,0.613466805444444,3.54296813781372,22.0
2735,CDS-pLIDos,ACH-001638,MC-001638-xwcP,Yes,Yes,4.47,0.0295187050187464,0.0,0.219078410345414,2.15888661939732,6.0
2736,CDS-pOlUSD,ACH-000218,MC-000218-ekDt,No,Yes,1.02,0.0655681014164174,1.0,0.588522048950784,4.03273091684488,23.0
2737,CDS-pPnsD2,ACH-002348,MC-002348-19se,Yes,Yes,3.74,0.141442867063946,1.0,0.493285433790021,3.7191358749998,17.0
2738,CDS-pQE1r4,ACH-001513,MC-001513-eaBx,Yes,Yes,3.77,0.433695895842073,1.0,0.673485263886587,2.5811118291706,25.0
2739,CDS-pRqGRf,ACH-000567,MC-000567-1IeE,Yes,Yes,1.08,0.0117217845772756,0.0,0.160701421624708,2.17964422710453,4.0
2740,CDS-pS21vH,ACH-001334,MC-001334-NKNW,No,Yes,0.65,0.204072472917712,0.0,0.269354536944121,1.9617063071564,8.0
2741,CDS-pS3KNf,ACH-002337,MC-002337-ieSb,Yes,Yes,0.66,0.427721805228327,1.0,0.647742846692932,2.54911532742466,20.0
2742,CDS-pcGs7k,ACH-001520,MC-001520-y4jG,Yes,Yes,2.78,0.0489469874367349,0.0,0.0605016257727695,2.00289867367875,0.0
2743,CDS-pgDmZb,ACH-002291,MC-002291-IV3B,No,Yes,0.68,0.338084568666729,1.0,0.62651153490848,2.7798024013398,23.0
2744,CDS-pipw7E,ACH-000973,MC-000973-akaA,No,Yes,40.42,0.275214051417962,1.0,0.608446325726207,2.50705394765919,24.0
2745,CDS-pnRfib,ACH-000148,MC-000148-QiID,No,Yes,1.4,0.315426309798628,1.0,0.662376914021748,2.7437581692063,24.0
2746,CDS-po1c5u,ACH-001846,MC-001846-eTrK,Yes,Yes,3.53,0.210694259874484,0.0,0.345134505305512,2.00652207345142,7.0
2747,CDS-psXHXZ,ACH-000070,MC-000070-FRqI,No,Yes,0.38,0.0420672655588785,0.0,0.126068887256151,2.08620960696334,2.0
2748,CDS-pubOFf,ACH-003437,MC-003437-T9B0,Yes,Yes,4.16,0.350249480699885,1.0,0.771254115446553,3.42497784304382,20.0
2749,CDS-pulu9h,ACH-000058,MC-000058-NNVe,Yes,Yes,0.73,0.352095722494615,1.0,0.568736810201133,3.32187579928606,34.0
2750,CDS-q0NBsY,ACH-000674,MC-000674-nmJ4,No,No,2.05,0.0852165532251592,0.0,0.446175292441122,2.43946694289851,13.0
2751,CDS-q0PJc9,ACH-001634,MC-001634-3wQU,Yes,Yes,2.41,0.0452323597578703,0.0,0.123163572500757,2.07579902527308,3.0
2752,CDS-q8E7sf,ACH-000861,MC-000861-cwoA,No,Yes,1.25,0.329048588392695,1.0,0.554460173661769,2.86180241696844,23.0
2753,CDS-q9Fgqh,ACH-000772,MC-000772-kfM3,Yes,Yes,3.48,0.0168954946209614,0.0,0.114177837245604,2.09892970064811,3.0
2754,CDS-q9qWYX,ACH-001066,MC-001066-sBYG,Yes,Yes,1.17,0.0985382442773752,0.0,0.590759857582595,2.58326723686317,24.0
2755,CDS-qBUXmP,ACH-000126,MC-000126-1rwT,No,No,1.7,0.565770550139164,1.0,0.616145267933501,4.23107579923616,29.0
2756,CDS-qDNbzG,ACH-002098,MC-002098-APd8,Yes,Yes,0.96,0.1707984951088,0.0,0.325143233121237,2.11752232536378,8.0
2757,CDS-qE3X5x,ACH-000147,MC-000147-L6rc,No,Yes,0.49,0.460733512167828,1.0,0.580316973615547,2.89292213644739,29.0
2758,CDS-qFn6kl,ACH-000937,MC-000937-QPMF,No,No,10.63,0.0459104833458133,1.0,0.0952251388777132,3.97163102439925,2.0
2759,CDS-qGkqYN,ACH-000313,MC-000313-eJa9,No,No,2.08,0.0959712560278834,0.0,0.178066307134973,1.98678598211856,5.0
2760,CDS-qIrUb4,ACH-000218,MC-000218-mAyO,Yes,Yes,1.95,0.0524456362787729,1.0,0.596523431098488,4.01276963868869,23.0
2761,CDS-qKCs5n,ACH-002201,MC-002201-mdUU,Yes,Yes,1.28,0.0482307837187461,0.0,0.292427661346625,2.26097777703032,9.0
2762,CDS-qKP7CC,ACH-000490,MC-000490-7cuv,No,No,3.53,0.389280320916223,1.0,0.697186320319811,4.95211064747212,37.0
2763,CDS-qLVLBA,ACH-001199,MC-001199-CY0M,Yes,Yes,89.27,,,,,
2764,CDS-qLeH8t,ACH-000586,MC-000586-c00I,No,Yes,1.2,,,,,
2765,CDS-qMTlLV,ACH-001715,MC-001715-5HwL,No,Yes,2.26,0.497900047459607,1.0,0.616597448292689,2.55282881382227,26.0
2766,CDS-qaBKut,ACH-001648,MC-001648-qKEf,Yes,Yes,3.7,0.0891011715066936,0.0,0.151872138196893,1.98170546223644,5.0
2767,CDS-qaOguR,ACH-000523,MC-000523-eCl1,No,No,0.93,0.266171953451103,1.0,0.658293386810889,2.5610119308736,23.0
2768,CDS-qduRwa,ACH-002222,MC-002222-Uwcs,Yes,Yes,69.58,0.00583610087224876,0.0,0.0698171893834939,2.11652966553116,1.0
2769,CDS-qitYY1,ACH-000246,MC-000246-NnuW,No,No,3.29,0.0708232331498715,1.0,0.518597502803924,3.46690910009493,20.0
2770,CDS-qjKW1W,ACH-000182,MC-000182-9dWr,No,No,3.04,0.24803375448948,0.0,0.397431489970623,1.83353461819216,15.0
2771,CDS-qkFXEn,ACH-000677,MC-000677-cYnn,No,Yes,0.83,,,,,
2772,CDS-qpQ61T,ACH-001332,MC-001332-LhC5,No,Yes,0.6,0.400751403653584,1.0,0.647354793866056,3.07212808702708,21.0
2773,CDS-qrP521,ACH-001670,MC-001670-lwac,No,No,3.75,,,,,
2774,CDS-qrjNBy,ACH-001838,MC-001838-4mqk,Yes,Yes,2.36,0.244836627679051,1.0,0.612548268974996,3.39346025031787,22.0
2775,CDS-quBLna,ACH-001394,MC-001394-lc2m,Yes,Yes,3.49,0.307586261427622,1.0,0.670516854798086,3.20043820930487,27.0
2776,CDS-qyMXA3,ACH-000603,MC-000603-6hMN,Yes,Yes,0.66,0.407733784608995,1.0,0.794546538292859,3.9880372842436,32.0
2777,CDS-r0IImM,ACH-000341,MC-000341-j6JM,No,Yes,1.15,0.106833438133838,0.0,0.258191252919311,2.14690839895138,6.0
2778,CDS-r0Z1IK,ACH-001384,MC-001384-YEvt,Yes,Yes,1.26,0.692285279414847,1.0,0.564005243807176,3.70444053528571,21.0
2779,CDS-r17ykT,ACH-001023,MC-001023-0rGl,Yes,Yes,1.05,0.230294709879124,1.0,0.6232786970119,3.4722723647883,20.0
2780,CDS-rDkmLA,ACH-000239,MC-000239-Gdms,Yes,Yes,1.8,0.423229692443956,1.0,0.681004796675001,2.98057070452205,28.0
2781,CDS-rF9PTJ,ACH-001346,MC-001346-JhaA,Yes,Yes,3.19,0.219531144795005,1.0,0.358083614022281,3.88064228698502,9.0
2782,CDS-rG42Rn,ACH-001528,MC-001528-qmGv,No,No,3.68,0.0505124649260984,0.0,0.1071505329524,2.04903866292057,1.0
2783,CDS-rJGKd8,ACH-000410,MC-000410-oWwG,No,No,4.29,0.297271747634295,1.0,0.717778584194287,2.65662738674609,28.0
2784,CDS-rJmCVg,ACH-000151,MC-000151-opkL,No,No,1.83,0.177612573573126,0.0,0.451643349758959,2.33180521300231,11.0
2785,CDS-rMJvWN,ACH-001617,MC-001617-Af6D,No,Yes,1.14,0.0494523933521897,0.0,0.0734477285873194,2.01333903094554,1.0
2786,CDS-rPDNRT,ACH-002062,MC-002062-owy3,No,No,3.95,0.0255223875193522,1.0,0.537833729585022,3.60933964354095,23.0
2787,CDS-rQjmI6,ACH-001172,MC-001172-cKtB,Yes,Yes,3.05,0.33447909796612,1.0,0.731997091528579,4.69250528505075,33.0
2788,CDS-rUJqTa,ACH-001524,MC-001524-0LvO,Yes,Yes,3.76,0.243978985781451,1.0,0.570970630407661,3.16069100671434,22.0
2789,CDS-rUkqmi,ACH-002200,MC-002200-77c1,Yes,Yes,0.92,0.309480539160895,1.0,0.719835718219873,3.67685926839702,21.0
2790,CDS-rUxNkB,ACH-000467,MC-000467-6Db0,Yes,Yes,1.08,0.264578179735718,1.0,0.652911674924211,2.87527377441359,23.0
2791,CDS-rWZno3,ACH-002371,MC-002371-bZXL,Yes,Yes,1.19,0.0026521248213524,0.0,0.046301205445984,2.07922973259283,0.0
2792,CDS-rZZmQJ,ACH-002126,MC-002126-jomy,Yes,Yes,0.7,0.263505890211355,0.0,0.321429146324071,1.84284489312278,9.0
2793,CDS-raZwYr,ACH-002388,MC-002388-AQwa,Yes,Yes,0.9,0.116796568338782,1.0,0.445975242553418,4.04835203980355,14.0
2794,CDS-rfeGPu,ACH-000809,MC-000809-3ot9,No,Yes,1.67,0.479979099152932,1.0,0.770098268217608,4.42197226765335,23.0
2795,CDS-rgbWGJ,ACH-001573,MC-001573-Kzh2,No,No,3.59,0.132538440465454,1.0,0.338600961402851,3.00528691810719,14.0
2796,CDS-rh9iUE,ACH-000286,MC-000286-7xxs,No,No,2.14,0.385533107258643,1.0,0.49603524436643,2.86691630085691,19.0
2797,CDS-rip5Fe,ACH-001674,MC-001674-mbDI,No,Yes,1.62,0.303953649156828,1.0,0.591674119500764,3.34781065900944,16.0
2798,CDS-rkOf4F,ACH-001543,MC-001543-oWoE,No,No,3.61,0.338635936403647,1.0,0.654666868165187,3.09930822958501,20.0
2799,CDS-rn0tZ5,ACH-001413,MC-001413-tAbm,Yes,Yes,4.31,0.405318737364777,1.0,0.754267003272464,2.974725152741,20.0
2800,CDS-ro98XP,ACH-000381,MC-000381-fVoH,No,Yes,2.04,0.447819337603609,1.0,0.670055604017774,2.82078889171785,23.0
2801,CDS-rpOVKt,ACH-000529,MC-000529-XJJm,Yes,Yes,1.35,0.000642438051537257,0.0,0.000685656449494319,1.99954557222731,0.0
2802,CDS-rqzjhj,ACH-000315,MC-000315-jBeL,No,Yes,2.32,0.100032268518013,0.0,0.255001082491415,2.21615843503315,7.0
2803,CDS-rs0sCM,ACH-000337,MC-000337-UoC5,No,Yes,1.26,0.247958536455267,1.0,0.724256670666601,3.99513965331295,25.0
2804,CDS-rs8fY9,ACH-000801,MC-000801-OlRe,No,No,1.44,0.0183560922061625,1.0,0.479934889252608,3.1291443602797,19.0
2805,CDS-rsmwY2,ACH-000468,MC-000468-c6hY,No,No,1.86,0.498882822100156,1.0,0.599348902091439,2.33799716174375,12.0
2806,CDS-rsq3pa,ACH-000748,MC-000748-KR9M,No,Yes,3.77,0.0653617890008646,0.0,0.169237244786742,2.11219435325753,6.0
2807,CDS-rvhUFy,ACH-001850,MC-001850-Owdr,Yes,Yes,4.44,0.341024112063239,1.0,0.789417171510753,3.78479044304895,24.0
2808,CDS-rvqgUM,ACH-001383,MC-001383-teSI,Yes,Yes,0.72,0.0822768631349016,0.0,0.439473379498122,2.53569536988586,29.0
2809,CDS-rxFkEN,ACH-000366,MC-000366-wgzn,No,No,3.79,0.0414232157109564,1.0,0.430793964598357,3.85618022066585,13.0
2810,CDS-rxJLnH,ACH-001863,MC-001863-Q69R,No,No,3.5,0.389576092719569,1.0,0.642639443762966,3.29273913211984,29.0
2811,CDS-s3JaAD,ACH-001617,MC-001617-bsKb,Yes,Yes,3.91,0.0487603526997565,0.0,0.0746530255282518,2.01280491190506,1.0
2812,CDS-s6WXTX,ACH-001563,MC-001563-W7yA,Yes,Yes,3.31,0.0280549760628272,1.0,0.298150907289203,4.20149319538486,10.0
2813,CDS-s6mQ9g,ACH-002280,MC-002280-gqUw,Yes,Yes,2.76,0.142434554367497,1.0,0.594760458122482,3.04978506318129,18.0
2814,CDS-sAv3ba,ACH-002001,MC-002001-n8MQ,No,No,3.41,0.242852608803892,1.0,0.563530364694302,2.84630238327558,17.0
2815,CDS-sB5iSt,ACH-000026,MC-000026-oSZT,Yes,Yes,2.48,0.227386049102998,1.0,0.645714864777309,2.56182734137849,22.0
2816,CDS-sEOmEs,ACH-000641,MC-000641-2Ca9,No,No,1.78,0.0829445788202349,1.0,0.587236684449865,3.83621976553186,21.0
2817,CDS-sFhfdR,ACH-002169,MC-002169-lmFy,Yes,Yes,0.95,0.417668516458253,1.0,0.613824295055733,2.79508741972648,29.0
2818,CDS-sI1kK7,ACH-000113,MC-000113-FfKt,No,Yes,2.17,0.064179171820333,0.0,0.226227762393669,2.21355602973203,5.0
2819,CDS-sOo6en,ACH-000755,MC-000755-61n7,Yes,Yes,0.91,0.171998156009194,1.0,0.435017808386323,4.23218549355121,15.0
2820,CDS-sVHzxI,ACH-000866,MC-000866-dtB3,No,No,55.89,0.0222708307661961,0.0,0.0881365139039809,2.03406644885256,3.0
2821,CDS-sWI1Wa,ACH-002175,MC-002175-qkip,Yes,Yes,0.96,0.163286769971018,1.0,0.620539260422859,3.49318010287127,24.0
2822,CDS-sX293V,ACH-000143,MC-000143-xMKb,No,No,5.0,,,,,
2823,CDS-sb8onQ,ACH-000868,MC-000868-jz2P,Yes,Yes,6.29,0.325504109652717,1.0,0.855122819627237,4.59216638696295,34.0
2824,CDS-sbr3gr,ACH-001668,MC-001668-M8yU,No,No,3.51,0.233766571550931,0.0,0.47553554408613,2.28278927282135,9.0
2825,CDS-scZZeE,ACH-000235,MC-000235-MWr0,No,Yes,1.16,0.281399417043024,1.0,0.466782732234825,2.87727440050405,21.0
2826,CDS-shdBbk,ACH-000342,MC-000342-ZW9E,Yes,Yes,2.0,0.174707058940913,1.0,0.696518553132447,3.73590349834332,19.0
2827,CDS-skP869,ACH-001377,MC-001377-bNuk,Yes,Yes,62.74,,,,,
2828,CDS-sko3Pf,ACH-000661,MC-000661-bVjm,No,No,1.2,0.418275748961202,1.0,0.617585372573597,2.54933522597959,23.0
2829,CDS-smrSJe,ACH-001190,MC-001190-N9fR,No,Yes,26.17,,,,,
2830,CDS-st7PK9,ACH-003472,MC-003472-Q1A9,Yes,Yes,4.82,0.00223919278359339,0.0,0.0405408874674055,2.0724175193218,1.0
2831,CDS-suQZvY,ACH-000878,MC-000878-vuWR,No,Yes,3.09,0.373940943423933,0.0,0.416152395260369,1.75722343830175,14.0
2832,CDS-sukIAT,ACH-002399,MC-002399-dpf9,No,No,3.07,,,,,
2833,CDS-sviBGL,ACH-000914,MC-000914-GsyT,No,No,57.01,0.0702480891172889,0.0,0.102578989439673,1.96858004190011,2.0
2834,CDS-swBfgY,ACH-000953,MC-000953-n5cw,No,Yes,62.59,,,,,
2835,CDS-szfkR8,ACH-001362,MC-001362-bIQW,No,Yes,0.62,0.285236328862764,1.0,0.650199002339677,2.85496726961041,21.0
2836,CDS-t1oWtn,ACH-000105,MC-000105-bK2q,No,Yes,1.01,0.013989024823091,0.0,0.19621652755672,2.19831251882335,6.0
2837,CDS-t3HSiB,ACH-000554,MC-000554-CtOe,No,Yes,0.64,0.286405665547325,1.0,0.717249926529208,3.24506073233482,27.0
2838,CDS-t3eJLu,ACH-002294,MC-002294-TZyb,Yes,Yes,0.84,0.405332705491804,1.0,0.859346843049283,4.49625833162445,25.0
2839,CDS-t3q89X,ACH-001430,MC-001430-Lr6c,No,No,3.9,0.212155683791785,0.0,0.508218817051399,2.37580885463447,14.0
2840,CDS-t6KchO,ACH-001554,MC-001554-W5Vn,Yes,Yes,4.04,0.169876362792159,0.0,0.394044911589963,2.31862881790268,9.0
2841,CDS-t7pQrP,ACH-000022,MC-000022-fRaU,No,No,3.79,0.270350876092178,1.0,0.596094500895415,3.13996580622743,24.0
2842,CDS-tBTWSF,ACH-000862,MC-000862-zZCN,Yes,Yes,2.44,0.204539731841287,1.0,0.670161556906857,3.49047445386161,27.0
2843,CDS-tBkMAa,ACH-001530,MC-001530-VwuE,No,Yes,2.19,0.168491403545385,1.0,0.405525645674017,3.34359725750355,16.0
2844,CDS-tDOy1i,ACH-002227,MC-002227-Czpx,Yes,Yes,0.4,0.166549544640712,0.0,0.295833271289236,2.09798522698971,9.0
2845,CDS-tDo7ZF,ACH-000109,MC-000109-EAHI,Yes,Yes,0.93,0.282786463823791,1.0,0.755313164262189,3.97611285921664,29.0
2846,CDS-tDxRIl,ACH-002409,MC-002409-L2D6,Yes,Yes,5.4,0.442392079436977,1.0,0.575070796188276,3.28954418206218,37.0
2847,CDS-tEDihV,ACH-001611,MC-001611-y9MC,No,No,3.9,,,,,
2848,CDS-tGFzkR,ACH-000702,MC-000702-pRTU,Yes,Yes,2.83,0.189320946941782,1.0,0.60019674538634,2.9555617882158,19.0
2849,CDS-tGR0Xz,ACH-001039,MC-001039-DJqh,Yes,Yes,1.14,0.184971953533501,1.0,0.486619672871925,3.40915370982074,15.0
2850,CDS-tJlDZV,ACH-000256,MC-000256-WG8w,No,No,1.51,0.107042941312083,1.0,0.731743894592711,3.92177479847375,28.0
2851,CDS-tM6Ebt,ACH-000187,MC-000187-uKDb,No,No,1.28,0.304290850417731,1.0,0.698862112444014,3.51832227897394,26.0
2852,CDS-tT8Byq,ACH-000537,MC-000537-uVHC,No,No,1.62,0.31466398306007,0.0,0.540573509624272,2.24997223720667,15.0
2853,CDS-tTmasc,ACH-000407,MC-000407-MQcN,No,No,1.64,0.233005650945931,1.0,0.76140019000825,3.79010380282956,26.0
2854,CDS-tVy3GF,ACH-002401,MC-002401-V4Ih,No,No,3.79,0.233452223516854,1.0,0.592730883934254,2.92520562531742,19.0
2855,CDS-tVykaB,ACH-001054,MC-001054-Azxo,No,No,4.77,0.0755673067816515,1.0,0.694695172747763,4.06578804391897,24.0
2856,CDS-tXmWiP,ACH-001307,MC-001307-Y3bV,No,Yes,1.37,0.449766428697083,1.0,0.648821234444046,2.96990416459126,25.0
2857,CDS-tYRsOR,ACH-000570,MC-000570-BVGy,No,Yes,1.0,0.248736793448292,1.0,0.624301786219763,3.25170333187785,22.0
2858,CDS-tZMOvv,ACH-001502,MC-001502-YixM,No,No,4.08,0.35250999327483,1.0,0.726142148410343,2.65585088639159,19.0
2859,CDS-taVEIE,ACH-001556,MC-001556-noFY,Yes,Yes,3.76,0.374019948287441,1.0,0.566888918162828,2.82248191701414,23.0
2860,CDS-tbW4cG,ACH-002153,MC-002153-iivB,Yes,Yes,0.59,0.0963547122069038,1.0,0.499975552595665,3.38270261067904,17.0
2861,CDS-tfg4Dr,ACH-001282,MC-001282-YJUQ,Yes,Yes,1.51,0.0294387320746604,0.0,0.0538742412232376,2.00237506278703,2.0
2862,CDS-thObDq,ACH-000118,MC-000118-AMV8,No,Yes,1.18,,,,,
2863,CDS-ti6DPy,ACH-002002,MC-002002-GZA1,No,No,3.21,0.252893651677753,1.0,0.54247968428813,2.778298485038,15.0
2864,CDS-tiNr3m,ACH-001854,MC-001854-sTtz,Yes,Yes,5.31,,,,,
2865,CDS-tkjLAi,ACH-002131,MC-002131-Wfju,Yes,Yes,1.56,0.233523308984611,0.0,0.280148323979654,1.79639238361873,9.0
2866,CDS-toQoVS,ACH-001641,MC-001641-Fdg4,No,Yes,1.01,0.278261910478095,1.0,0.720691166890127,3.50623281236229,29.0
2867,CDS-tqnZpm,ACH-002164,MC-002164-pB0r,Yes,Yes,1.26,0.18150416683947,1.0,0.816502895321097,4.38898615242405,23.0
2868,CDS-trX4Hv,ACH-000963,MC-000963-DeC4,No,Yes,91.33,0.0424023784904348,1.0,0.408755770540597,3.80008336506534,16.0
2869,CDS-tt6cRw,ACH-002336,MC-002336-stWo,Yes,Yes,1.29,0.249579395389727,1.0,0.491588844598835,3.15575665770708,16.0
2870,CDS-tu7pOl,ACH-000535,MC-000535-xYQ2,No,Yes,0.59,0.314382285496997,1.0,0.599621622673773,2.59712231450762,22.0
2871,CDS-tzFhsz,ACH-001636,MC-001636-mxpz,No,No,3.52,0.0449764451510733,0.0,0.121663905474075,2.05984475416384,3.0
2872,CDS-u4J9fg,ACH-001107,MC-001107-VhHM,Yes,Yes,0.9,0.419664939649649,1.0,0.58701140301447,2.62824879325836,22.0
2873,CDS-u4KhBN,ACH-000370,MC-000370-WtKV,No,No,1.68,0.245674675225917,1.0,0.639090008332265,3.35118220883062,27.0
2874,CDS-u4zjBj,ACH-000805,MC-000805-uUAU,No,No,3.43,0.0484818061698237,1.0,0.370004837314548,4.22098793120368,14.0
2875,CDS-u8Qh94,ACH-000253,MC-000253-eQci,No,No,1.66,0.18190872561681,1.0,0.36776411035482,3.09446365933438,15.0
2876,CDS-u9hZ60,ACH-000077,MC-000077-BZeg,No,No,0.97,1.94315352742068e-05,0.0,0.0292780665313447,2.02867018128936,1.0
2877,CDS-uAl8Ox,ACH-001118,MC-001118-xm6i,Yes,Yes,0.46,,,,,
2878,CDS-uApLLD,ACH-001332,MC-001332-2TbF,Yes,Yes,2.64,0.306741753160676,1.0,0.628171318288253,2.97859323776539,20.0
2879,CDS-uDvDwc,ACH-002462,MC-002462-9MWA,Yes,Yes,4.16,0.000199782956229732,0.0,0.0272497753220125,2.02640996544144,1.0
2880,CDS-uMD8jg,ACH-000591,MC-000591-7ouP,Yes,Yes,3.95,0.239489128533421,1.0,0.788212456702007,4.03409631975941,22.0
2881,CDS-uOnYpA,ACH-001132,MC-001132-Zu52,No,No,7.04,0.0191241986339086,0.0,0.138612820707967,2.15841966732331,5.0
2882,CDS-uOpIZT,ACH-000972,MC-000972-WC01,Yes,Yes,93.17,0.0396673582587425,0.0,0.0400908628743724,2.0000120769401,0.0
2883,CDS-uQYZNS,ACH-003468,MC-003468-Q4E6,Yes,Yes,5.61,0.25021513691186,1.0,0.570181866748547,2.49987692427494,16.0
2884,CDS-uQvRxt,ACH-002177,MC-002177-9AAv,Yes,Yes,3.29,0.230273319346552,1.0,0.639823793488887,3.46425647486857,22.0
2885,CDS-uUnrxg,ACH-001061,MC-001061-78yQ,No,No,64.95,0.0049775155489647,0.0,0.0236750269701511,2.01502805018433,0.0
2886,CDS-uWWPrj,ACH-000611,MC-000611-rOIo,No,Yes,1.18,0.109435379333889,0.0,0.2601161713625,2.15500285615063,8.0
2887,CDS-uXRuKW,ACH-000409,MC-000409-b43b,No,No,2.02,0.498887204227979,1.0,0.582295494851264,2.91355175444818,31.0
2888,CDS-uY8Gx3,ACH-000417,MC-000417-fvga,No,Yes,1.66,0.512284383589996,1.0,0.687766030542911,2.59705533978783,26.0
2889,CDS-uZIAIY,ACH-001550,MC-001550-a6g4,Yes,Yes,4.14,0.0400923189966365,0.0,0.0500790615531077,1.97947229281827,1.0
2890,CDS-udsl3k,ACH-000846,MC-000846-WMVy,No,Yes,1.88,0.571052404042258,1.0,0.713395460973603,3.15317988595359,22.0
2891,CDS-ugNbTO,ACH-000176,MC-000176-yxGx,Yes,Yes,0.72,0.861973485319368,1.0,0.226321941786569,2.20123471396761,8.0
2892,CDS-ui7Aql,ACH-001623,MC-001623-0Tfd,No,No,3.55,,,,,
2893,CDS-ukWzPU,ACH-000122,MC-000122-PKNQ,Yes,Yes,3.58,0.214009141686153,0.0,0.300558708430062,1.88577479233742,11.0
2894,CDS-ukX1XN,ACH-000896,MC-000896-fwiv,No,Yes,1.48,0.374108094701463,1.0,0.702294203388496,2.66840893018479,26.0
2895,CDS-umYKjw,ACH-001443,MC-001443-vVtt,Yes,Yes,3.9,,,,,
2896,CDS-uoDQEJ,ACH-002292,MC-002292-jDz8,Yes,Yes,1.72,0.689129048194525,1.0,0.485759326421976,2.60465763753064,31.0
2897,CDS-upinUc,ACH-000217,MC-000217-WAHm,No,No,3.65,0.28121468081754,1.0,0.567684735940739,3.20663865011686,18.0
2898,CDS-uqhYTt,ACH-000338,MC-000338-WuM6,No,Yes,0.92,0.0437478506601893,0.0,0.220421005565325,2.20246716224787,5.0
2899,CDS-uumBm0,ACH-003459,MC-003459-G8Q7,Yes,Yes,3.09,0.168669189236286,1.0,0.660296549250536,2.94325348507843,22.0
2900,CDS-uxxKIp,ACH-001674,MC-001674-vHBi,No,No,3.92,0.294649840439935,1.0,0.563091848980395,3.25511592975608,15.0
2901,CDS-uyS1fq,ACH-000675,MC-000675-dXQQ,Yes,Yes,0.94,0.41660401772066,1.0,0.671131768848645,2.68897586147588,27.0
2902,CDS-v4iz5j,ACH-000021,MC-000021-GmXg,No,Yes,0.86,0.413585780335024,1.0,0.647472394644629,2.95144965996094,25.0
2903,CDS-v6Jzqx,ACH-000213,MC-000213-JI9c,Yes,Yes,1.73,0.128483943304806,1.0,0.401215093587222,3.43063899154387,14.0
2904,CDS-v9JTCW,ACH-000190,MC-000190-X60k,No,Yes,0.95,0.42247344524466,1.0,0.653871486447111,2.55228744643769,22.0
2905,CDS-vCTeqp,ACH-000520,MC-000520-YIm7,No,No,2.53,0.384626678696878,1.0,0.661962948283804,2.62829672967644,25.0
2906,CDS-vCewWd,ACH-000178,MC-000178-UinF,No,Yes,1.23,0.420767400305739,1.0,0.699800020881694,2.5169701954798,23.0
2907,CDS-vDTrlN,ACH-000293,MC-000293-ixTK,No,Yes,1.3,0.28634648883874,1.0,0.566259249998105,2.78715166869501,23.0
2908,CDS-vGT14g,ACH-001192,MC-001192-OhhV,No,No,1.17,,,,,
2909,CDS-vIA43A,ACH-001795,MC-001795-P5GZ,Yes,Yes,3.24,0.0428400671528472,1.0,0.498207516910637,3.74768577953915,21.0
2910,CDS-vJfXo2,ACH-000636,MC-000636-vNnG,Yes,Yes,1.84,,,,,
2911,CDS-vLhEzw,ACH-000311,MC-000311-Ouc5,No,Yes,0.55,0.154954289846641,0.0,0.604588010034138,2.59235572506,22.0
2912,CDS-vMSAO8,ACH-001715,MC-001715-Jkow,No,No,4.93,0.344176984092415,1.0,0.649807406591344,4.91481977315283,36.0
2913,CDS-vRRrn5,ACH-000419,MC-000419-jxmJ,Yes,Yes,4.98,,,,,
2914,CDS-vUJJJp,ACH-002353,MC-002353-3zgy,Yes,Yes,1.15,0.00602171574163311,0.0,0.0283685694507038,2.03849323158929,0.0
2915,CDS-vVZT9l,ACH-000148,MC-000148-Vaxi,No,No,2.03,0.321250095396367,1.0,0.652651366612696,2.70869912518593,23.0
2916,CDS-vXTuTM,ACH-000569,MC-000569-Tdr7,Yes,Yes,1.03,0.287091292568962,1.0,0.707106652060211,3.40986984850286,22.0
2917,CDS-vYJEbO,ACH-000916,MC-000916-t1cC,Yes,Yes,0.81,0.343700676206939,1.0,0.408236792233149,3.52153221607959,14.0
2918,CDS-vZGr9M,ACH-000376,MC-000376-a8Ey,No,Yes,1.15,0.163456442409973,1.0,0.394280544011137,3.25582970435461,14.0
2919,CDS-vaC7MY,ACH-000011,MC-000011-bxAg,No,No,2.22,0.231976173089709,1.0,0.639294037697945,2.60668219852531,19.0
2920,CDS-vaSK30,ACH-000133,MC-000133-Kih3,No,No,1.5,0.20930030707208,1.0,0.760211670885973,4.10664980346797,31.0
2921,CDS-vcC6c0,ACH-002024,MC-002024-AOt6,No,No,4.12,0.534292103632994,1.0,0.573182672646205,2.76942968136437,26.0
2922,CDS-vdjaWG,ACH-002269,MC-002269-tG4R,Yes,Yes,0.64,0.0961341952460671,1.0,0.484650015917258,3.55715846776149,30.0
2923,CDS-vhVycR,ACH-000452,MC-000452-y5uV,No,Yes,1.04,0.428601794529692,1.0,0.71344712977755,2.69632172715119,29.0
2924,CDS-vinDFv,ACH-002199,MC-002199-85iU,Yes,Yes,1.12,0.364979070224531,1.0,0.709689153094327,3.00082495711483,24.0
2925,CDS-vkLfpo,ACH-000813,MC-000813-774N,Yes,Yes,1.97,0.157093669209268,0.0,0.225822417442327,1.90414686566565,7.0
2926,CDS-vkPccs,ACH-002381,MC-002381-Z0iX,Yes,Yes,3.86,0.000797800238284129,0.0,0.0271872997313266,2.04135753707959,0.0
2927,CDS-vnk4oM,ACH-002245,MC-002245-Y87b,Yes,Yes,0.82,0.0214683046752959,0.0,0.107474628230531,2.10661365511702,2.0
2928,CDS-vp7VR2,ACH-002204,MC-002204-DkDy,Yes,Yes,0.83,0.371470108351272,1.0,0.517861922270445,3.76308546264575,18.0
2929,CDS-vsuSTk,ACH-000093,MC-000093-IB96,No,No,1.78,0.0545983587223961,1.0,0.372950307391623,3.68456527853599,13.0
2930,CDS-vud3Nz,ACH-000365,MC-000365-BoXT,No,Yes,1.55,0.076016676808731,0.0,0.287335948826319,2.23085798577485,9.0
2931,CDS-vupX1R,ACH-001692,MC-001692-JLND,Yes,Yes,3.2,0.272203562781104,1.0,0.659009849245675,3.57844443259974,29.0
2932,CDS-vv8KlG,ACH-000679,MC-000679-YrlL,No,Yes,1.44,0.263000154040016,1.0,0.750816748016007,4.38465914107504,39.0
2933,CDS-w20mQI,ACH-002379,MC-002379-gwTy,Yes,Yes,1.11,0.0018460065522527,0.0,0.0286910033032079,2.04247123854326,0.0
2934,CDS-w3cUUr,ACH-002193,MC-002193-O3TV,Yes,Yes,1.71,0.231208381722342,1.0,0.644676992829597,3.65351495533771,24.0
2935,CDS-w5LP61,ACH-002208,MC-002208-ZcGv,Yes,Yes,0.58,0.256560854587073,1.0,0.556519814575311,3.43520498362527,16.0
2936,CDS-w8bjNx,ACH-000918,MC-000918-jpm2,Yes,Yes,40.42,0.0573196879788075,0.0,0.0788226693850192,2.03341224164139,0.0
2937,CDS-wA1WJ8,ACH-002467,MC-002467-V3Px,Yes,Yes,2.91,0.000229759302394556,0.0,0.104116994886141,2.1042182446586,4.0
2938,CDS-wDteR7,ACH-000913,MC-000913-p0yT,No,No,1.8,0.00856179829852437,0.0,0.0497883499646849,2.03201599320704,2.0
2939,CDS-wHjkUI,ACH-000048,MC-000048-2B6B,No,Yes,0.52,0.621264751424312,1.0,0.517485138670132,2.44968791281235,17.0
2940,CDS-wIEYJc,ACH-000202,MC-000202-FaAp,No,Yes,0.88,0.383828374185263,1.0,0.650090410626917,2.46680780246491,13.0
2941,CDS-wLBgMq,ACH-003460,MC-003460-C4A3,Yes,Yes,5.29,0.156757481581242,0.0,0.194213755158167,1.9491594184839,4.0
2942,CDS-wLjj5d,ACH-000986,MC-000986-qvRg,No,Yes,2.54,0.0554440067165077,0.0,0.279393346688457,2.22298719126459,9.0
2943,CDS-wNFQSF,ACH-000193,MC-000193-a7Ej,No,Yes,0.79,0.325023502194416,1.0,0.696498523919252,3.08016319458991,23.0
2944,CDS-wQyAqu,ACH-000201,MC-000201-rUIL,No,No,1.71,0.0152931087141471,0.0,0.0249279203678015,2.00815605055726,0.0
2945,CDS-wRs9eP,ACH-001452,MC-001452-vYEQ,Yes,Yes,0.8,0.00507309137308332,0.0,0.122549271509693,2.17219352403361,4.0
2946,CDS-wSSRbf,ACH-002092,MC-002092-WVuR,Yes,Yes,0.54,0.0026886817923628,0.0,0.0467272589057679,2.05414892598361,2.0
2947,CDS-wUbkns,ACH-001970,MC-001970-yu1Z,Yes,Yes,3.42,,,,,
2948,CDS-wXWgLf,ACH-000596,MC-000596-ocip,No,No,3.0,0.334606214777454,1.0,0.549801749093827,2.81202319301329,22.0
2949,CDS-wXw5jm,ACH-002106,MC-002106-PuWB,Yes,Yes,0.92,0.158950200369839,1.0,0.664874571837405,3.5047901686358,24.0
2950,CDS-wYdAve,ACH-000203,MC-000203-Ylfj,No,No,1.97,0.0320291682424328,0.0,0.0745246173031242,2.11027421874297,2.0
2951,CDS-wZrcxE,ACH-001844,MC-001844-DHWT,Yes,Yes,2.7,0.271903802621508,1.0,0.801368600970953,4.18770444276499,21.0
2952,CDS-waN4SN,ACH-000234,MC-000234-uzZ9,No,No,2.39,0.381117626576252,1.0,0.70564395253391,3.06167994301018,20.0
2953,CDS-waif9Z,ACH-000951,MC-000951-mW9M,Yes,Yes,1.14,0.358089884414216,1.0,0.824121481207828,4.79166184410561,26.0
2954,CDS-wbyhOZ,ACH-000619,MC-000619-dYai,Yes,Yes,1.2,0.254295687181207,1.0,0.711555693565196,3.58357025860823,23.0
2955,CDS-wdAlvg,ACH-000448,MC-000448-6xWU,No,Yes,0.83,0.210305331114624,1.0,0.523729163194467,3.14066415954495,19.0
2956,CDS-wdeAmI,ACH-000691,MC-000691-SGad,No,Yes,3.44,0.390285981334727,1.0,0.743571453757583,2.89161886535229,30.0
2957,CDS-wfm5aH,ACH-000889,MC-000889-DCaw,No,No,3.49,0.0828717826469856,1.0,0.552616938003311,3.10433197872237,18.0
2958,CDS-wgulBb,ACH-001194,MC-001194-PJUS,Yes,Yes,4.28,0.151377324040014,0.0,0.310712908935421,2.03968562808167,13.0
2959,CDS-wipHyz,ACH-000264,MC-000264-AF5I,No,Yes,1.27,0.391343779303607,1.0,0.648056937563631,3.06188820354241,21.0
2960,CDS-wjte1E,ACH-001517,MC-001517-JvBR,Yes,Yes,62.93,0.108408404106119,1.0,0.64122072498603,3.46906260500928,26.0
2961,CDS-wkBjwZ,ACH-001519,MC-001519-a7Bb,No,Yes,1.38,0.0177273538786476,0.0,0.0362735008142259,2.03122140303202,0.0
2962,CDS-wm2jOx,ACH-000373,MC-000373-jh5t,No,Yes,1.49,,,,,
2963,CDS-wpWN9H,ACH-002354,MC-002354-hYwW,Yes,Yes,0.81,0.00429458042012902,0.0,0.0252526985354858,2.03382941046145,0.0
2964,CDS-wqHeAQ,ACH-000297,MC-000297-kYTw,No,No,1.45,0.253625401012958,1.0,0.638601880790886,2.9900236527174,22.0
2965,CDS-wr5fSI,ACH-000947,MC-000947-uz0w,No,Yes,80.74,0.00524232592323746,0.0,0.11422311935057,2.12521045019949,3.0
2966,CDS-wwxdvD,ACH-001496,MC-001496-UeUf,No,Yes,1.75,0.211402791626003,0.0,0.353255179898194,1.9064629208597,14.0
2967,CDS-x0Y44f,ACH-000260,MC-000260-RC2w,No,Yes,0.93,0.114540484038028,0.0,0.252399265977856,2.06594640700546,9.0
2968,CDS-x27ImH,ACH-002351,MC-002351-ZOdO,Yes,Yes,1.16,0.00230515786775008,0.0,0.0245952598675982,2.03619756674526,0.0
2969,CDS-x31uzI,ACH-002281,MC-002281-d0Dk,Yes,Yes,1.6,0.173956281695798,0.0,0.284443850842982,2.1242029891522,6.0
2970,CDS-x54f9A,ACH-001856,MC-001856-JW3a,Yes,Yes,3.86,,,,,
2971,CDS-x7RtDs,ACH-001360,MC-001360-kFdj,Yes,Yes,4.53,0.249981544609971,1.0,0.392470047754543,3.57885481277772,15.0
2972,CDS-x9otlZ,ACH-001688,MC-001688-EWv4,Yes,Yes,3.66,,,,,
2973,CDS-xB0mQ4,ACH-000651,MC-000651-t17h,No,Yes,1.09,0.507720425261213,1.0,0.654976077961429,2.29214230751475,13.0
2974,CDS-xCdJnR,ACH-000506,MC-000506-UCrK,No,Yes,0.98,0.320312142400371,1.0,0.600475618837968,3.13829318119639,22.0
2975,CDS-xLYI2c,ACH-000220,MC-000220-UIlG,Yes,Yes,1.4,0.190144812971805,1.0,0.394367233082754,3.20023979519755,14.0
2976,CDS-xOfX9V,ACH-002459,MC-002459-cRI0,No,No,3.62,,,,,
2977,CDS-xSMGC5,ACH-000198,MC-000198-gRtm,No,No,2.28,0.0228493982746012,0.0,0.225213589590679,2.18695542026376,8.0
2978,CDS-xTTyNY,ACH-000054,MC-000054-HY9e,No,Yes,1.0,,,,,
2979,CDS-xUdou2,ACH-000544,MC-000544-xZXk,No,No,2.98,0.399284132812244,1.0,0.669327900596401,3.25231242099882,25.0
2980,CDS-xX8S9i,ACH-000455,MC-000455-QvVM,No,No,5.76,0.185166248129586,1.0,0.49764301822278,3.22238422844308,17.0
2981,CDS-xba6V5,ACH-000357,MC-000357-xSjt,Yes,Yes,0.96,,,,,
2982,CDS-xe4Qah,ACH-000773,MC-000773-FFsq,No,No,7.64,0.0154211146712252,1.0,0.538868777690794,3.72630951697047,18.0
2983,CDS-xeFpym,ACH-000435,MC-000435-eQbb,No,No,1.69,0.210100507587812,1.0,0.708934019929676,3.51852372744985,23.0
2984,CDS-xf2KVT,ACH-000681,MC-000681-4O7k,No,Yes,0.95,0.265649738970797,1.0,0.55779936712682,2.85691920977424,19.0
2985,CDS-xfvDrD,ACH-001758,MC-001758-fc1B,Yes,Yes,4.22,,,,,
2986,CDS-xhKGbp,ACH-000952,MC-000952-7GXZ,Yes,Yes,75.07,0.0325023999196338,0.0,0.0759618346539998,2.02665906844359,1.0
2987,CDS-xiWEJn,ACH-002290,MC-002290-nhI3,No,Yes,1.44,0.103444237958564,0.0,0.18465772723153,2.0853293226627,1.0
2988,CDS-xivhsM,ACH-000307,MC-000307-COGw,No,No,2.27,,,,,
2989,CDS-xnjOvk,ACH-000132,MC-000132-D7jg,No,No,1.71,0.339801267315589,1.0,0.656012192043234,3.60548540989997,18.0
2990,CDS-xquDBu,ACH-000499,MC-000499-2oo9,No,Yes,0.88,0.194808355226423,1.0,0.457638685292411,3.1424583024142,17.0
2991,CDS-xrS0W0,ACH-001496,MC-001496-yOV6,Yes,Yes,5.07,0.256730072798027,1.0,0.365566660068485,3.72608611650101,14.0
2992,CDS-xt0zuS,ACH-000745,MC-000745-KWJQ,No,Yes,1.54,0.0692038537154402,0.0,0.190452301969904,2.12708696916853,4.0
2993,CDS-xuaWHa,ACH-000053,MC-000053-bDQJ,No,Yes,1.76,0.0957669647037151,0.0,0.15610226707716,2.01193248470579,5.0
2994,CDS-xx3w4S,ACH-000665,MC-000665-WOq0,No,Yes,0.67,0.479384661886233,1.0,0.647798082558368,2.82769607588523,23.0
2995,CDS-xxYsio,ACH-001310,MC-001310-xz7e,Yes,Yes,3.99,0.00398927650960341,0.0,0.0374244580153652,2.02855891738635,1.0
2996,CDS-yASKKy,ACH-000129,MC-000129-5G4s,No,No,1.47,0.10429871658798,1.0,0.559516332702294,3.75708696463085,29.0
2997,CDS-yBMQfQ,ACH-001302,MC-001302-Hq6B,No,No,5.16,,,,,
2998,CDS-yCSZZK,ACH-001028,MC-001028-iOnL,Yes,Yes,4.8,,,,,
2999,CDS-yEnWsz,ACH-000402,MC-000402-iC8K,No,No,1.29,0.0182802777562866,0.0,0.0867360417629916,2.05218116923181,2.0
3000,CDS-yGoPE0,ACH-000335,MC-000335-xH2O,No,Yes,0.86,0.0915112049476906,1.0,0.566121031261549,3.62929838179005,19.0
3001,CDS-yIZxOd,ACH-001400,MC-001400-xyWT,No,No,2.79,0.11600970244907,1.0,0.190704801226,3.79344980124164,9.0
3002,CDS-yJuycf,ACH-002099,MC-002099-swA7,Yes,Yes,1.03,0.341696224755004,1.0,0.644524537114559,2.95107085512433,18.0
3003,CDS-yLlkxa,ACH-002111,MC-002111-e5U9,Yes,Yes,0.87,0.143197373102296,1.0,0.498719901535773,3.61255985703969,16.0
3004,CDS-yOcCgE,ACH-001656,MC-001656-cu8h,No,No,4.2,0.174449179469537,0.0,0.263124148720071,2.07633735356704,5.0
3005,CDS-yPJMkq,ACH-000184,MC-000184-ymnM,Yes,Yes,1.55,0.0,0.0,0.0,1.99986716771859,0.0
3006,CDS-yPMs5J,ACH-000779,MC-000779-V0JR,Yes,Yes,5.6,0.447412968187591,1.0,0.76966873470958,3.16433757732492,15.0
3007,CDS-ydPf96,ACH-000037,MC-000037-VPKs,No,Yes,1.14,0.910223452264499,1.0,0.58115279107174,3.27151562768355,25.0
3008,CDS-ygivVi,ACH-002133,MC-002133-WJDt,Yes,Yes,0.71,0.17834581198882,1.0,0.598601750960274,3.34142703388618,22.0
3009,CDS-ynIh7L,ACH-000934,MC-000934-UDwU,No,Yes,0.84,0.162246714286004,1.0,0.588423393966858,2.81254824016153,24.0
3010,CDS-ysSsBG,ACH-000653,MC-000653-aEuc,No,No,1.67,0.266219186094767,1.0,0.635764412571051,2.85279473135749,22.0
3011,CDS-ytZ6zD,ACH-001049,MC-001049-c4rX,Yes,Yes,0.66,0.0891262792761039,0.0,0.265961623068573,2.18950806675286,10.0
3012,CDS-ytfEzv,ACH-002347,MC-002347-yP60,Yes,Yes,1.17,0.0057157726742342,0.0,0.0243333712629346,2.03981366383713,0.0
3013,CDS-yvZM8J,ACH-000942,MC-000942-b3sA,No,No,31.5,0.0620626575238135,0.0,0.0680130361926745,1.9482556389699,2.0
3014,CDS-z1Ejcm,ACH-000701,MC-000701-0nb0,No,No,1.86,0.245330054224026,0.0,0.384719159371564,1.76554742047577,14.0
3015,CDS-z1NQiF,ACH-000511,MC-000511-GHgo,No,No,1.43,0.227438130868046,1.0,0.424569291366145,2.86692975080006,21.0
3016,CDS-z3u3Pj,ACH-001129,MC-001129-nxTf,No,No,2.84,0.0626604483535555,0.0,0.193869445046674,2.08545262245471,7.0
3017,CDS-z5Te88,ACH-000270,MC-000270-eNd9,No,Yes,0.54,0.257717111133971,1.0,0.398487832818957,2.92258802942964,16.0
3018,CDS-z5s3EZ,ACH-001516,MC-001516-bRnF,Yes,Yes,4.13,0.0590616023139206,0.0,0.27217884737248,2.29245877875416,11.0
3019,CDS-z6YDCo,ACH-000557,MC-000557-cEXn,No,No,3.46,0.0111027536453133,0.0,0.248848028873194,2.23064178727912,9.0
3020,CDS-z94xKh,ACH-000636,MC-000636-NXBb,No,Yes,1.0,0.10807699906453,1.0,0.452304333143046,3.73575700542835,14.0
3021,CDS-zI9Itl,ACH-000503,MC-000503-KJA2,No,No,2.13,0.407225603934561,1.0,0.651365631286808,2.97324982787601,22.0
3022,CDS-zOuYKb,ACH-000114,MC-000114-6cSZ,No,Yes,0.84,0.146324840833628,1.0,0.469048520796212,3.11718026643321,16.0
3023,CDS-zRTuc9,ACH-000171,MC-000171-zfj6,Yes,Yes,0.78,,,,,
3024,CDS-zRkVcb,ACH-000418,MC-000418-yD17,Yes,Yes,1.19,0.00158860539289552,0.0,0.0584833884300975,2.05499099226008,2.0
3025,CDS-zS6EvH,ACH-000430,MC-000430-LxgI,No,Yes,1.36,0.368934046027124,1.0,0.582763351566719,2.56972062773168,24.0
3026,CDS-zSUJkY,ACH-000291,MC-000291-Qzgo,No,Yes,1.11,0.146630714025809,0.0,0.248950308423084,1.99258990013266,13.0
3027,CDS-zYtJbm,ACH-001794,MC-001794-IAqD,Yes,Yes,2.43,0.148881942209232,1.0,0.207888948708887,4.00433908869436,8.0
3028,CDS-zZfEtt,ACH-000538,MC-000538-s70K,No,Yes,3.72,0.00788459613896366,0.0,0.0288523194284841,2.02411008511569,0.0
3029,CDS-zard4T,ACH-000188,MC-000188-4IZF,No,Yes,1.06,0.316298948148393,1.0,0.633240253665545,3.7188105510039,21.0
3030,CDS-zbdBmn,ACH-002125,MC-002125-ceSg,Yes,Yes,0.82,,,,,
3031,CDS-zbmt35,ACH-000970,MC-000970-JX4C,Yes,Yes,87.97,,,,,
3032,CDS-zc3w5J,ACH-000527,MC-000527-f2HC,No,No,3.21,0.142450656488221,1.0,0.480025660352965,2.90770651410804,21.0
3033,CDS-zf7eng,ACH-000546,MC-000546-1McC,No,Yes,1.27,0.287573976981008,1.0,0.680644429072447,3.81843178042391,25.0
3034,CDS-zh5Rg1,ACH-001538,MC-001538-vm50,Yes,Yes,4.03,,,,,
3035,CDS-zjPmSC,ACH-001529,MC-001529-Pkfi,No,Yes,1.63,0.0576021280878837,1.0,0.395835225782188,3.21365547624852,14.0
3036,CDS-zpX2kV,ACH-000714,MC-000714-Ep4x,No,Yes,1.27,0.18589551401826,1.0,0.652138438906131,3.29146579868688,24.0
3037,CDS-zrzfxt,ACH-000597,MC-000597-RDyO,Yes,Yes,5.08,0.00367246301520953,0.0,0.00437104829982071,1.99647370731544,0.0
3038,CDS-zu3dLJ,ACH-000683,MC-000683-8Hes,No,No,2.06,0.381209066944649,1.0,0.706180971152686,2.70148272993583,26.0
3039,CDS-zuxWuZ,ACH-001622,MC-001622-QSPg,No,No,4.01,,,,,
3040,CDS-zvEfPE,ACH-001379,MC-001379-q3xU,Yes,Yes,3.78,0.180696882489167,0.0,0.572390083992108,2.58674940776895,24.0
3041,CDS-zvvAOM,ACH-001690,MC-001690-yWll,Yes,Yes,2.84,0.171636696554785,1.0,0.51056481296423,3.47986043059919,22.0
3042,CDS-zyxdAN,ACH-002225,MC-002225-0ukX,Yes,Yes,0.77,0.237492892857633,1.0,0.726200493493912,3.30765389502838,22.0
3043,CDS-zzbiLf,ACH-000687,MC-000687-ggUv,Yes,Yes,2.86,0.00142647165924859,0.0,0.00150309878150235,1.99899607425382,0.0
